2026-07-13 16:55:00.589 [main] INFO  com.rs.mv.mvvs.Startup - [LSP:100101]ROCKET MV BASIC EXTENSION to start
2026-07-13 16:55:00.629 [main] INFO  com.rs.mv.mvvs.lsp.server.BasicLanguageServerLauncher - [LSP:100102]start pip server
2026-07-13 16:55:00.745 [main] INFO  com.rs.mv.mvvs.lsp.server.BasicLanguageServerLauncher - [LSP:100103]ROCKET MV BASIC EXTENSION start successful
2026-07-13 16:55:00.800 [pool-3-thread-1] INFO  com.rs.mv.mvvs.instance.workspace.WorkspaceManager - [workspace:200101]load all workspace folders start
2026-07-13 16:55:00.801 [pool-3-thread-1] INFO  com.rs.mv.mvvs.instance.workspace.WorkspaceManager - [workspace:20010201]root uri: file:///c%3A/Users/nico1_zeptshs/Documents/Programacion%20Web%20y%20Movil/Presentar/Grupal/medequip-api
2026-07-13 16:55:00.801 [pool-3-thread-1] INFO  com.rs.mv.mvvs.instance.workspace.handler.FolderHandler - [workspace:200103]workspace contains workspace folder: file:///c%3A/Users/nico1_zeptshs/Documents/Programacion%20Web%20y%20Movil/Presentar/Grupal/medequip-api
2026-07-13 16:55:00.817 [pool-3-thread-1] INFO  com.rs.mv.mvvs.instance.workspace.handler.FolderHandler - [workspace:200104]workspace folder will be cached: file:///c%3A/Users/nico1_zeptshs/Documents/Programacion%20Web%20y%20Movil/Presentar/Grupal/medequip-api
2026-07-13 16:55:00.817 [pool-3-thread-1] INFO  com.rs.mv.mvvs.rmv.config.Config - [framework:30010101]config load start
2026-07-13 16:55:00.817 [pool-3-thread-1] INFO  com.rs.mv.mvvs.rmv.config.Config - [framework:30010102]project config path is : C:/Users/nico1_zeptshs/Documents/Programacion Web y Movil/Presentar/Grupal/medequip-api/.rmv/config
2026-07-13 16:55:00.817 [pool-3-thread-1] INFO  com.rs.mv.mvvs.rmv.config.Config - [framework:30010103]resource config path is : /
2026-07-13 16:55:00.817 [pool-3-thread-1] INFO  com.rs.mv.mvvs.rmv.config.Config - [framework:30010104]user config path is : C:/Users/nico1_zeptshs
2026-07-13 16:55:00.837 [pool-3-thread-1] INFO  com.rs.mv.mvvs.rmv.config.Config - [framework:30010105]config load end
2026-07-13 16:55:00.841 [pool-3-thread-1] INFO  com.rs.mv.mvvs.rmv.documentation.BasicDocumentation - [framework:30020101]documentation load start
2026-07-13 16:55:00.843 [pool-3-thread-1] INFO  com.rs.mv.mvvs.rmv.documentation.reader.SystemDocReader - [framework:30020102]system documentation path: /documentation/UNIVERSE/
2026-07-13 16:55:00.849 [pool-3-thread-1] INFO  com.rs.mv.mvvs.rmv.documentation.reader.ProjectDocReader - [framework:30020103]project documentation brief file: C:\Users\nico1_zeptshs\Documents\Programacion Web y Movil\Presentar\Grupal\medequip-api\.rmv\documentation\UNIVERSE\custom.json
2026-07-13 16:55:00.849 [pool-3-thread-1] INFO  com.rs.mv.mvvs.rmv.documentation.reader.UserDocReader - [framework:30020104]user documentation brief file: C:\Users\nico1_zeptshs\documentation\UNIVERSE\custom.json
2026-07-13 16:55:00.976 [pool-3-thread-1] INFO  com.rs.mv.mvvs.rmv.documentation.BasicDocumentation - [framework:30020105]documentation load end
2026-07-13 16:55:00.982 [pool-3-thread-1] INFO  com.rs.mv.mvvs.common.convertor.ConvertorManager - [framework:30030101]convertors for folder(C:/Users/nico1_zeptshs/Documents/Programacion Web y Movil/Presentar/Grupal/medequip-api) load start
2026-07-13 16:55:00.987 [pool-3-thread-1] INFO  com.rs.mv.mvvs.common.convertor.ConvertorManager - [framework:30030102]comment convertor load finish
2026-07-13 16:55:01.116 [pool-3-thread-1] INFO  com.rs.mv.mvvs.common.convertor.ConvertorManager - [framework:30030103]keyword convertor load finish
2026-07-13 16:55:01.116 [pool-3-thread-1] INFO  com.rs.mv.mvvs.common.convertor.ConvertorManager - [framework:30030104]operator convertor load finish
2026-07-13 16:55:01.116 [pool-3-thread-1] INFO  com.rs.mv.mvvs.common.convertor.ConvertorManager - [framework:30030105]function name convertor load finish
2026-07-13 16:55:01.116 [pool-3-thread-1] INFO  com.rs.mv.mvvs.common.convertor.ConvertorManager - [framework:30030106]atVariable convertor load finish
2026-07-13 16:55:01.116 [pool-3-thread-1] INFO  com.rs.mv.mvvs.common.convertor.ConvertorManager - [framework:30030107]convertors for folder(C:/Users/nico1_zeptshs/Documents/Programacion Web y Movil/Presentar/Grupal/medequip-api) load end
2026-07-13 16:55:01.125 [pool-3-thread-1] INFO  com.rs.mv.mvvs.rmv.config.CapabilityConfig - [framework:30010301]capabilities file(C:/Users/nico1_zeptshs/Documents/Programacion Web y Movil/Presentar/Grupal/medequip-api/config/capability) doesn't exist or read error, default config will take effect
2026-07-13 16:55:01.125 [pool-3-thread-1] INFO  com.rs.mv.mvvs.instance.workspace.WorkspaceManager - [workspace:200105]load all workspace folders successful
2026-07-13 16:55:01.127 [pool-3-thread-1] INFO  com.rs.mv.mvvs.client.account.AccountManager - [client:40010101]load account manager start
2026-07-13 16:55:01.127 [pool-3-thread-1] INFO  com.rs.mv.mvvs.client.account.handler.CacheAccountHandler - [client:40010102]load cache account: 
2026-07-13 16:55:01.127 [pool-3-thread-1] INFO  com.rs.mv.mvvs.client.account.handler.ExternalAccountHandler - [client:40010103]load external account: 
2026-07-13 16:55:01.193 [pool-3-thread-1] INFO  com.rs.mv.mvvs.client.catalog.manager.U2CatalogManager - [client:400203]cache file auto update thread launch in medequip-api account
2026-07-13 16:55:01.193 [pool-3-thread-1] INFO  com.rs.mv.mvvs.client.catalog.from.config.DirsConfigReader - [client:400206]parse dir config information
2026-07-13 16:55:01.193 [pool-3-thread-1] INFO  com.rs.mv.mvvs.client.catalog.from.config.MappingConfigReader - [client:400207]parse mapping config information
2026-07-13 16:55:01.193 [pool-3-thread-1] INFO  com.rs.mv.mvvs.client.catalog.manager.U2CatalogManager - [client:400202]start a schedule task to get global/local catalog for medequip-api, its period 5s 
2026-07-13 16:55:01.204 [pool-3-thread-1] INFO  com.rs.mv.mvvs.client.catalog.manager.U2CatalogManager - [client:400203]cache file auto update thread launch in .git account
2026-07-13 16:55:01.204 [pool-3-thread-1] INFO  com.rs.mv.mvvs.client.catalog.from.config.DirsConfigReader - [client:400206]parse dir config information
2026-07-13 16:55:01.206 [pool-3-thread-1] INFO  com.rs.mv.mvvs.client.catalog.from.config.MappingConfigReader - [client:400207]parse mapping config information
2026-07-13 16:55:01.206 [pool-3-thread-1] INFO  com.rs.mv.mvvs.client.catalog.manager.U2CatalogManager - [client:400202]start a schedule task to get global/local catalog for .git, its period 5s 
2026-07-13 16:55:01.208 [pool-3-thread-1] INFO  com.rs.mv.mvvs.client.catalog.manager.U2CatalogManager - [client:400203]cache file auto update thread launch in logs account
2026-07-13 16:55:01.208 [pool-3-thread-1] INFO  com.rs.mv.mvvs.client.catalog.from.config.DirsConfigReader - [client:400206]parse dir config information
2026-07-13 16:55:01.208 [pool-3-thread-1] INFO  com.rs.mv.mvvs.client.catalog.from.config.MappingConfigReader - [client:400207]parse mapping config information
2026-07-13 16:55:01.208 [pool-3-thread-1] INFO  com.rs.mv.mvvs.client.catalog.manager.U2CatalogManager - [client:400202]start a schedule task to get global/local catalog for logs, its period 5s 
2026-07-13 16:55:01.208 [pool-3-thread-1] INFO  com.rs.mv.mvvs.client.catalog.manager.U2CatalogManager - [client:400203]cache file auto update thread launch in refs account
2026-07-13 16:55:01.210 [pool-3-thread-1] INFO  com.rs.mv.mvvs.client.catalog.from.config.DirsConfigReader - [client:400206]parse dir config information
2026-07-13 16:55:01.210 [pool-3-thread-1] INFO  com.rs.mv.mvvs.client.catalog.from.config.MappingConfigReader - [client:400207]parse mapping config information
2026-07-13 16:55:01.210 [pool-3-thread-1] INFO  com.rs.mv.mvvs.client.catalog.manager.U2CatalogManager - [client:400202]start a schedule task to get global/local catalog for refs, its period 5s 
2026-07-13 16:55:01.210 [pool-3-thread-1] INFO  com.rs.mv.mvvs.client.catalog.manager.U2CatalogManager - [client:400203]cache file auto update thread launch in remotes account
2026-07-13 16:55:01.210 [pool-3-thread-1] INFO  com.rs.mv.mvvs.client.catalog.from.config.DirsConfigReader - [client:400206]parse dir config information
2026-07-13 16:55:01.210 [pool-3-thread-1] INFO  com.rs.mv.mvvs.client.catalog.from.config.MappingConfigReader - [client:400207]parse mapping config information
2026-07-13 16:55:01.210 [pool-3-thread-1] INFO  com.rs.mv.mvvs.client.catalog.manager.U2CatalogManager - [client:400202]start a schedule task to get global/local catalog for remotes, its period 5s 
2026-07-13 16:55:01.210 [pool-3-thread-1] INFO  com.rs.mv.mvvs.client.catalog.manager.U2CatalogManager - [client:400203]cache file auto update thread launch in objects account
2026-07-13 16:55:01.210 [pool-3-thread-1] INFO  com.rs.mv.mvvs.client.catalog.from.config.DirsConfigReader - [client:400206]parse dir config information
2026-07-13 16:55:01.210 [pool-3-thread-1] INFO  com.rs.mv.mvvs.client.catalog.from.config.MappingConfigReader - [client:400207]parse mapping config information
2026-07-13 16:55:01.210 [pool-3-thread-1] INFO  com.rs.mv.mvvs.client.catalog.manager.U2CatalogManager - [client:400202]start a schedule task to get global/local catalog for objects, its period 5s 
2026-07-13 16:55:01.210 [pool-3-thread-1] INFO  com.rs.mv.mvvs.client.catalog.manager.U2CatalogManager - [client:400203]cache file auto update thread launch in refs account
2026-07-13 16:55:01.210 [pool-3-thread-1] INFO  com.rs.mv.mvvs.client.catalog.from.config.DirsConfigReader - [client:400206]parse dir config information
2026-07-13 16:55:01.210 [pool-3-thread-1] INFO  com.rs.mv.mvvs.client.catalog.from.config.MappingConfigReader - [client:400207]parse mapping config information
2026-07-13 16:55:01.210 [pool-3-thread-1] INFO  com.rs.mv.mvvs.client.catalog.manager.U2CatalogManager - [client:400202]start a schedule task to get global/local catalog for refs, its period 5s 
2026-07-13 16:55:01.210 [pool-3-thread-1] INFO  com.rs.mv.mvvs.client.catalog.manager.U2CatalogManager - [client:400203]cache file auto update thread launch in remotes account
2026-07-13 16:55:01.210 [pool-3-thread-1] INFO  com.rs.mv.mvvs.client.catalog.from.config.DirsConfigReader - [client:400206]parse dir config information
2026-07-13 16:55:01.210 [pool-3-thread-1] INFO  com.rs.mv.mvvs.client.catalog.from.config.MappingConfigReader - [client:400207]parse mapping config information
2026-07-13 16:55:01.210 [pool-3-thread-1] INFO  com.rs.mv.mvvs.client.catalog.manager.U2CatalogManager - [client:400202]start a schedule task to get global/local catalog for remotes, its period 5s 
2026-07-13 16:55:01.210 [pool-3-thread-1] INFO  com.rs.mv.mvvs.client.catalog.manager.U2CatalogManager - [client:400203]cache file auto update thread launch in src account
2026-07-13 16:55:01.210 [pool-3-thread-1] INFO  com.rs.mv.mvvs.client.catalog.from.config.DirsConfigReader - [client:400206]parse dir config information
2026-07-13 16:55:01.210 [pool-3-thread-1] INFO  com.rs.mv.mvvs.client.catalog.from.config.MappingConfigReader - [client:400207]parse mapping config information
2026-07-13 16:55:01.210 [pool-3-thread-1] INFO  com.rs.mv.mvvs.client.catalog.manager.U2CatalogManager - [client:400202]start a schedule task to get global/local catalog for src, its period 5s 
2026-07-13 16:55:01.227 [pool-3-thread-1] INFO  com.rs.mv.mvvs.client.account.handler.ServerAccountHandler - [client:40010104]load server account: Account{name=remotes, path=C:/Users/nico1_zeptshs/Documents/Programacion Web y Movil/Presentar/Grupal/medequip-api/.git/refs/remotes, type=PREDICT}
Account{name=objects, path=C:/Users/nico1_zeptshs/Documents/Programacion Web y Movil/Presentar/Grupal/medequip-api/.git/objects, type=PREDICT}
Account{name=.git, path=C:/Users/nico1_zeptshs/Documents/Programacion Web y Movil/Presentar/Grupal/medequip-api/.git, type=PREDICT}
Account{name=medequip-api, path=C:/Users/nico1_zeptshs/Documents/Programacion Web y Movil/Presentar/Grupal/medequip-api, type=PREDICT}
Account{name=logs, path=C:/Users/nico1_zeptshs/Documents/Programacion Web y Movil/Presentar/Grupal/medequip-api/.git/logs, type=PREDICT}
Account{name=remotes, path=C:/Users/nico1_zeptshs/Documents/Programacion Web y Movil/Presentar/Grupal/medequip-api/.git/logs/refs/remotes, type=PREDICT}
Account{name=refs, path=C:/Users/nico1_zeptshs/Documents/Programacion Web y Movil/Presentar/Grupal/medequip-api/.git/logs/refs, type=PREDICT}
Account{name=refs, path=C:/Users/nico1_zeptshs/Documents/Programacion Web y Movil/Presentar/Grupal/medequip-api/.git/refs, type=PREDICT}
Account{name=src, path=C:/Users/nico1_zeptshs/Documents/Programacion Web y Movil/Presentar/Grupal/medequip-api/src, type=PREDICT}
2026-07-13 16:55:01.229 [pool-3-thread-1] INFO  com.rs.mv.mvvs.client.account.AccountManager - [client:40010105]load account manager finish
2026-07-13 16:55:01.230 [pool-3-thread-1] INFO  com.rs.mv.mvvs.instance.userspace.UserspaceManager - [framework:30010402]config file(C:\Users\nico1_zeptshs/.rmv/config) watcher launch successful
2026-07-13 17:04:04.582 [main] INFO  com.rs.mv.mvvs.Startup - [LSP:100101]ROCKET MV BASIC EXTENSION to start
2026-07-13 17:04:04.606 [main] INFO  com.rs.mv.mvvs.lsp.server.BasicLanguageServerLauncher - [LSP:100102]start pip server
2026-07-13 17:04:04.726 [main] INFO  com.rs.mv.mvvs.lsp.server.BasicLanguageServerLauncher - [LSP:100103]ROCKET MV BASIC EXTENSION start successful
2026-07-13 17:04:04.772 [pool-3-thread-1] INFO  com.rs.mv.mvvs.instance.workspace.WorkspaceManager - [workspace:200101]load all workspace folders start
2026-07-13 17:04:04.772 [pool-3-thread-1] INFO  com.rs.mv.mvvs.instance.workspace.WorkspaceManager - [workspace:20010201]root uri: file:///c%3A/Users/nico1_zeptshs/Documents/Programacion%20Web%20y%20Movil/Presentar/Grupal/medequip-api
2026-07-13 17:04:04.772 [pool-3-thread-1] INFO  com.rs.mv.mvvs.instance.workspace.handler.FolderHandler - [workspace:200103]workspace contains workspace folder: file:///c%3A/Users/nico1_zeptshs/Documents/Programacion%20Web%20y%20Movil/Presentar/Grupal/medequip-api
2026-07-13 17:04:04.798 [pool-3-thread-1] INFO  com.rs.mv.mvvs.instance.workspace.handler.FolderHandler - [workspace:200104]workspace folder will be cached: file:///c%3A/Users/nico1_zeptshs/Documents/Programacion%20Web%20y%20Movil/Presentar/Grupal/medequip-api
2026-07-13 17:04:04.803 [pool-3-thread-1] INFO  com.rs.mv.mvvs.rmv.config.Config - [framework:30010101]config load start
2026-07-13 17:04:04.803 [pool-3-thread-1] INFO  com.rs.mv.mvvs.rmv.config.Config - [framework:30010102]project config path is : C:/Users/nico1_zeptshs/Documents/Programacion Web y Movil/Presentar/Grupal/medequip-api/.rmv/config
2026-07-13 17:04:04.803 [pool-3-thread-1] INFO  com.rs.mv.mvvs.rmv.config.Config - [framework:30010103]resource config path is : /
2026-07-13 17:04:04.803 [pool-3-thread-1] INFO  com.rs.mv.mvvs.rmv.config.Config - [framework:30010104]user config path is : C:/Users/nico1_zeptshs
2026-07-13 17:04:04.817 [pool-3-thread-1] INFO  com.rs.mv.mvvs.rmv.config.Config - [framework:30010105]config load end
2026-07-13 17:04:04.819 [pool-3-thread-1] INFO  com.rs.mv.mvvs.rmv.documentation.BasicDocumentation - [framework:30020101]documentation load start
2026-07-13 17:04:04.820 [pool-3-thread-1] INFO  com.rs.mv.mvvs.rmv.documentation.reader.SystemDocReader - [framework:30020102]system documentation path: /documentation/UNIVERSE/
2026-07-13 17:04:04.820 [pool-3-thread-1] INFO  com.rs.mv.mvvs.rmv.documentation.reader.ProjectDocReader - [framework:30020103]project documentation brief file: C:\Users\nico1_zeptshs\Documents\Programacion Web y Movil\Presentar\Grupal\medequip-api\.rmv\documentation\UNIVERSE\custom.json
2026-07-13 17:04:04.820 [pool-3-thread-1] INFO  com.rs.mv.mvvs.rmv.documentation.reader.UserDocReader - [framework:30020104]user documentation brief file: C:\Users\nico1_zeptshs\documentation\UNIVERSE\custom.json
2026-07-13 17:04:04.984 [pool-3-thread-1] INFO  com.rs.mv.mvvs.rmv.documentation.BasicDocumentation - [framework:30020105]documentation load end
2026-07-13 17:04:04.992 [pool-3-thread-1] INFO  com.rs.mv.mvvs.common.convertor.ConvertorManager - [framework:30030101]convertors for folder(C:/Users/nico1_zeptshs/Documents/Programacion Web y Movil/Presentar/Grupal/medequip-api) load start
2026-07-13 17:04:05.000 [pool-3-thread-1] INFO  com.rs.mv.mvvs.common.convertor.ConvertorManager - [framework:30030102]comment convertor load finish
2026-07-13 17:04:05.122 [pool-3-thread-1] INFO  com.rs.mv.mvvs.common.convertor.ConvertorManager - [framework:30030103]keyword convertor load finish
2026-07-13 17:04:05.137 [pool-3-thread-1] INFO  com.rs.mv.mvvs.common.convertor.ConvertorManager - [framework:30030104]operator convertor load finish
2026-07-13 17:04:05.137 [pool-3-thread-1] INFO  com.rs.mv.mvvs.common.convertor.ConvertorManager - [framework:30030105]function name convertor load finish
2026-07-13 17:04:05.137 [pool-3-thread-1] INFO  com.rs.mv.mvvs.common.convertor.ConvertorManager - [framework:30030106]atVariable convertor load finish
2026-07-13 17:04:05.137 [pool-3-thread-1] INFO  com.rs.mv.mvvs.common.convertor.ConvertorManager - [framework:30030107]convertors for folder(C:/Users/nico1_zeptshs/Documents/Programacion Web y Movil/Presentar/Grupal/medequip-api) load end
2026-07-13 17:04:05.137 [pool-3-thread-1] INFO  com.rs.mv.mvvs.rmv.config.CapabilityConfig - [framework:30010301]capabilities file(C:/Users/nico1_zeptshs/Documents/Programacion Web y Movil/Presentar/Grupal/medequip-api/config/capability) doesn't exist or read error, default config will take effect
2026-07-13 17:04:05.137 [pool-3-thread-1] INFO  com.rs.mv.mvvs.instance.workspace.WorkspaceManager - [workspace:200105]load all workspace folders successful
2026-07-13 17:04:05.137 [pool-3-thread-1] INFO  com.rs.mv.mvvs.client.account.AccountManager - [client:40010101]load account manager start
2026-07-13 17:04:05.151 [pool-3-thread-1] INFO  com.rs.mv.mvvs.client.account.handler.CacheAccountHandler - [client:40010102]load cache account: 
2026-07-13 17:04:05.153 [pool-3-thread-1] INFO  com.rs.mv.mvvs.client.account.handler.ExternalAccountHandler - [client:40010103]load external account: 
2026-07-13 17:04:06.295 [pool-3-thread-1] INFO  com.rs.mv.mvvs.client.catalog.manager.U2CatalogManager - [client:400203]cache file auto update thread launch in medequip-api account
2026-07-13 17:04:06.306 [pool-3-thread-1] INFO  com.rs.mv.mvvs.client.catalog.from.config.DirsConfigReader - [client:400206]parse dir config information
2026-07-13 17:04:06.306 [pool-3-thread-1] INFO  com.rs.mv.mvvs.client.catalog.from.config.MappingConfigReader - [client:400207]parse mapping config information
2026-07-13 17:04:06.306 [pool-3-thread-1] INFO  com.rs.mv.mvvs.client.catalog.manager.U2CatalogManager - [client:400202]start a schedule task to get global/local catalog for medequip-api, its period 5s 
2026-07-13 17:04:06.311 [pool-3-thread-1] INFO  com.rs.mv.mvvs.client.catalog.manager.U2CatalogManager - [client:400203]cache file auto update thread launch in .git account
2026-07-13 17:04:06.311 [pool-3-thread-1] INFO  com.rs.mv.mvvs.client.catalog.from.config.DirsConfigReader - [client:400206]parse dir config information
2026-07-13 17:04:06.312 [pool-3-thread-1] INFO  com.rs.mv.mvvs.client.catalog.from.config.MappingConfigReader - [client:400207]parse mapping config information
2026-07-13 17:04:06.312 [pool-3-thread-1] INFO  com.rs.mv.mvvs.client.catalog.manager.U2CatalogManager - [client:400202]start a schedule task to get global/local catalog for .git, its period 5s 
2026-07-13 17:04:06.312 [pool-3-thread-1] INFO  com.rs.mv.mvvs.client.catalog.manager.U2CatalogManager - [client:400203]cache file auto update thread launch in logs account
2026-07-13 17:04:06.312 [pool-3-thread-1] INFO  com.rs.mv.mvvs.client.catalog.from.config.DirsConfigReader - [client:400206]parse dir config information
2026-07-13 17:04:06.314 [pool-3-thread-1] INFO  com.rs.mv.mvvs.client.catalog.from.config.MappingConfigReader - [client:400207]parse mapping config information
2026-07-13 17:04:06.314 [pool-3-thread-1] INFO  com.rs.mv.mvvs.client.catalog.manager.U2CatalogManager - [client:400202]start a schedule task to get global/local catalog for logs, its period 5s 
2026-07-13 17:04:06.314 [pool-3-thread-1] INFO  com.rs.mv.mvvs.client.catalog.manager.U2CatalogManager - [client:400203]cache file auto update thread launch in refs account
2026-07-13 17:04:06.314 [pool-3-thread-1] INFO  com.rs.mv.mvvs.client.catalog.from.config.DirsConfigReader - [client:400206]parse dir config information
2026-07-13 17:04:06.314 [pool-3-thread-1] INFO  com.rs.mv.mvvs.client.catalog.from.config.MappingConfigReader - [client:400207]parse mapping config information
2026-07-13 17:04:06.316 [pool-3-thread-1] INFO  com.rs.mv.mvvs.client.catalog.manager.U2CatalogManager - [client:400202]start a schedule task to get global/local catalog for refs, its period 5s 
2026-07-13 17:04:06.316 [pool-3-thread-1] INFO  com.rs.mv.mvvs.client.catalog.manager.U2CatalogManager - [client:400203]cache file auto update thread launch in remotes account
2026-07-13 17:04:06.316 [pool-3-thread-1] INFO  com.rs.mv.mvvs.client.catalog.from.config.DirsConfigReader - [client:400206]parse dir config information
2026-07-13 17:04:06.316 [pool-3-thread-1] INFO  com.rs.mv.mvvs.client.catalog.from.config.MappingConfigReader - [client:400207]parse mapping config information
2026-07-13 17:04:06.316 [pool-3-thread-1] INFO  com.rs.mv.mvvs.client.catalog.manager.U2CatalogManager - [client:400202]start a schedule task to get global/local catalog for remotes, its period 5s 
2026-07-13 17:04:06.316 [pool-3-thread-1] INFO  com.rs.mv.mvvs.client.catalog.manager.U2CatalogManager - [client:400203]cache file auto update thread launch in objects account
2026-07-13 17:04:06.319 [pool-3-thread-1] INFO  com.rs.mv.mvvs.client.catalog.from.config.DirsConfigReader - [client:400206]parse dir config information
2026-07-13 17:04:06.319 [pool-3-thread-1] INFO  com.rs.mv.mvvs.client.catalog.from.config.MappingConfigReader - [client:400207]parse mapping config information
2026-07-13 17:04:06.319 [pool-3-thread-1] INFO  com.rs.mv.mvvs.client.catalog.manager.U2CatalogManager - [client:400202]start a schedule task to get global/local catalog for objects, its period 5s 
2026-07-13 17:04:06.321 [pool-3-thread-1] INFO  com.rs.mv.mvvs.client.catalog.manager.U2CatalogManager - [client:400203]cache file auto update thread launch in refs account
2026-07-13 17:04:06.321 [pool-3-thread-1] INFO  com.rs.mv.mvvs.client.catalog.from.config.DirsConfigReader - [client:400206]parse dir config information
2026-07-13 17:04:06.321 [pool-3-thread-1] INFO  com.rs.mv.mvvs.client.catalog.from.config.MappingConfigReader - [client:400207]parse mapping config information
2026-07-13 17:04:06.321 [pool-3-thread-1] INFO  com.rs.mv.mvvs.client.catalog.manager.U2CatalogManager - [client:400202]start a schedule task to get global/local catalog for refs, its period 5s 
2026-07-13 17:04:06.321 [pool-3-thread-1] INFO  com.rs.mv.mvvs.client.catalog.manager.U2CatalogManager - [client:400203]cache file auto update thread launch in remotes account
2026-07-13 17:04:06.321 [pool-3-thread-1] INFO  com.rs.mv.mvvs.client.catalog.from.config.DirsConfigReader - [client:400206]parse dir config information
2026-07-13 17:04:06.321 [pool-3-thread-1] INFO  com.rs.mv.mvvs.client.catalog.from.config.MappingConfigReader - [client:400207]parse mapping config information
2026-07-13 17:04:06.321 [pool-3-thread-1] INFO  com.rs.mv.mvvs.client.catalog.manager.U2CatalogManager - [client:400202]start a schedule task to get global/local catalog for remotes, its period 5s 
2026-07-13 17:04:06.321 [pool-3-thread-1] INFO  com.rs.mv.mvvs.client.catalog.manager.U2CatalogManager - [client:400203]cache file auto update thread launch in node_modules account
2026-07-13 17:04:06.321 [pool-3-thread-1] INFO  com.rs.mv.mvvs.client.catalog.from.config.DirsConfigReader - [client:400206]parse dir config information
2026-07-13 17:04:06.324 [pool-3-thread-1] INFO  com.rs.mv.mvvs.client.catalog.from.config.MappingConfigReader - [client:400207]parse mapping config information
2026-07-13 17:04:06.324 [pool-3-thread-1] INFO  com.rs.mv.mvvs.client.catalog.manager.U2CatalogManager - [client:400202]start a schedule task to get global/local catalog for node_modules, its period 5s 
2026-07-13 17:04:06.324 [pool-3-thread-1] INFO  com.rs.mv.mvvs.client.catalog.manager.U2CatalogManager - [client:400203]cache file auto update thread launch in @apidevtools account
2026-07-13 17:04:06.324 [pool-3-thread-1] INFO  com.rs.mv.mvvs.client.catalog.from.config.DirsConfigReader - [client:400206]parse dir config information
2026-07-13 17:04:06.324 [pool-3-thread-1] INFO  com.rs.mv.mvvs.client.catalog.from.config.MappingConfigReader - [client:400207]parse mapping config information
2026-07-13 17:04:06.324 [pool-3-thread-1] INFO  com.rs.mv.mvvs.client.catalog.manager.U2CatalogManager - [client:400202]start a schedule task to get global/local catalog for @apidevtools, its period 5s 
2026-07-13 17:04:06.324 [pool-3-thread-1] INFO  com.rs.mv.mvvs.client.catalog.manager.U2CatalogManager - [client:400203]cache file auto update thread launch in json-schema-ref-parser account
2026-07-13 17:04:06.324 [pool-3-thread-1] INFO  com.rs.mv.mvvs.client.catalog.from.config.DirsConfigReader - [client:400206]parse dir config information
2026-07-13 17:04:06.324 [pool-3-thread-1] INFO  com.rs.mv.mvvs.client.catalog.from.config.MappingConfigReader - [client:400207]parse mapping config information
2026-07-13 17:04:06.324 [pool-3-thread-1] INFO  com.rs.mv.mvvs.client.catalog.manager.U2CatalogManager - [client:400202]start a schedule task to get global/local catalog for json-schema-ref-parser, its period 5s 
2026-07-13 17:04:06.329 [pool-3-thread-1] INFO  com.rs.mv.mvvs.client.catalog.manager.U2CatalogManager - [client:400203]cache file auto update thread launch in dist account
2026-07-13 17:04:06.329 [pool-3-thread-1] INFO  com.rs.mv.mvvs.client.catalog.from.config.DirsConfigReader - [client:400206]parse dir config information
2026-07-13 17:04:06.329 [pool-3-thread-1] INFO  com.rs.mv.mvvs.client.catalog.from.config.MappingConfigReader - [client:400207]parse mapping config information
2026-07-13 17:04:06.329 [pool-3-thread-1] INFO  com.rs.mv.mvvs.client.catalog.manager.U2CatalogManager - [client:400202]start a schedule task to get global/local catalog for dist, its period 5s 
2026-07-13 17:04:06.329 [pool-3-thread-1] INFO  com.rs.mv.mvvs.client.catalog.manager.U2CatalogManager - [client:400203]cache file auto update thread launch in lib account
2026-07-13 17:04:06.329 [pool-3-thread-1] INFO  com.rs.mv.mvvs.client.catalog.from.config.DirsConfigReader - [client:400206]parse dir config information
2026-07-13 17:04:06.329 [pool-3-thread-1] INFO  com.rs.mv.mvvs.client.catalog.from.config.MappingConfigReader - [client:400207]parse mapping config information
2026-07-13 17:04:06.329 [pool-3-thread-1] INFO  com.rs.mv.mvvs.client.catalog.manager.U2CatalogManager - [client:400202]start a schedule task to get global/local catalog for lib, its period 5s 
2026-07-13 17:04:06.329 [pool-3-thread-1] INFO  com.rs.mv.mvvs.client.catalog.manager.U2CatalogManager - [client:400203]cache file auto update thread launch in lib account
2026-07-13 17:04:06.329 [pool-3-thread-1] INFO  com.rs.mv.mvvs.client.catalog.from.config.DirsConfigReader - [client:400206]parse dir config information
2026-07-13 17:04:06.329 [pool-3-thread-1] INFO  com.rs.mv.mvvs.client.catalog.from.config.MappingConfigReader - [client:400207]parse mapping config information
2026-07-13 17:04:06.329 [pool-3-thread-1] INFO  com.rs.mv.mvvs.client.catalog.manager.U2CatalogManager - [client:400202]start a schedule task to get global/local catalog for lib, its period 5s 
2026-07-13 17:04:06.329 [pool-3-thread-1] INFO  com.rs.mv.mvvs.client.catalog.manager.U2CatalogManager - [client:400203]cache file auto update thread launch in openapi-schemas account
2026-07-13 17:04:06.329 [pool-3-thread-1] INFO  com.rs.mv.mvvs.client.catalog.from.config.DirsConfigReader - [client:400206]parse dir config information
2026-07-13 17:04:06.329 [pool-3-thread-1] INFO  com.rs.mv.mvvs.client.catalog.from.config.MappingConfigReader - [client:400207]parse mapping config information
2026-07-13 17:04:06.329 [pool-3-thread-1] INFO  com.rs.mv.mvvs.client.catalog.manager.U2CatalogManager - [client:400202]start a schedule task to get global/local catalog for openapi-schemas, its period 5s 
2026-07-13 17:04:06.336 [pool-3-thread-1] INFO  com.rs.mv.mvvs.client.catalog.manager.U2CatalogManager - [client:400203]cache file auto update thread launch in schemas account
2026-07-13 17:04:06.336 [pool-3-thread-1] INFO  com.rs.mv.mvvs.client.catalog.from.config.DirsConfigReader - [client:400206]parse dir config information
2026-07-13 17:04:06.337 [pool-3-thread-1] INFO  com.rs.mv.mvvs.client.catalog.from.config.MappingConfigReader - [client:400207]parse mapping config information
2026-07-13 17:04:06.337 [pool-3-thread-1] INFO  com.rs.mv.mvvs.client.catalog.manager.U2CatalogManager - [client:400202]start a schedule task to get global/local catalog for schemas, its period 5s 
2026-07-13 17:04:06.337 [pool-3-thread-1] INFO  com.rs.mv.mvvs.client.catalog.manager.U2CatalogManager - [client:400203]cache file auto update thread launch in v3.1 account
2026-07-13 17:04:06.337 [pool-3-thread-1] INFO  com.rs.mv.mvvs.client.catalog.from.config.DirsConfigReader - [client:400206]parse dir config information
2026-07-13 17:04:06.337 [pool-3-thread-1] INFO  com.rs.mv.mvvs.client.catalog.from.config.MappingConfigReader - [client:400207]parse mapping config information
2026-07-13 17:04:06.337 [pool-3-thread-1] INFO  com.rs.mv.mvvs.client.catalog.manager.U2CatalogManager - [client:400202]start a schedule task to get global/local catalog for v3.1, its period 5s 
2026-07-13 17:04:06.337 [pool-3-thread-1] INFO  com.rs.mv.mvvs.client.catalog.manager.U2CatalogManager - [client:400203]cache file auto update thread launch in swagger-methods account
2026-07-13 17:04:06.337 [pool-3-thread-1] INFO  com.rs.mv.mvvs.client.catalog.from.config.DirsConfigReader - [client:400206]parse dir config information
2026-07-13 17:04:06.341 [pool-3-thread-1] INFO  com.rs.mv.mvvs.client.catalog.from.config.MappingConfigReader - [client:400207]parse mapping config information
2026-07-13 17:04:06.341 [pool-3-thread-1] INFO  com.rs.mv.mvvs.client.catalog.manager.U2CatalogManager - [client:400202]start a schedule task to get global/local catalog for swagger-methods, its period 5s 
2026-07-13 17:04:06.341 [pool-3-thread-1] INFO  com.rs.mv.mvvs.client.catalog.manager.U2CatalogManager - [client:400203]cache file auto update thread launch in swagger-parser account
2026-07-13 17:04:06.341 [pool-3-thread-1] INFO  com.rs.mv.mvvs.client.catalog.from.config.DirsConfigReader - [client:400206]parse dir config information
2026-07-13 17:04:06.341 [pool-3-thread-1] INFO  com.rs.mv.mvvs.client.catalog.from.config.MappingConfigReader - [client:400207]parse mapping config information
2026-07-13 17:04:06.341 [pool-3-thread-1] INFO  com.rs.mv.mvvs.client.catalog.manager.U2CatalogManager - [client:400202]start a schedule task to get global/local catalog for swagger-parser, its period 5s 
2026-07-13 17:04:06.341 [pool-3-thread-1] INFO  com.rs.mv.mvvs.client.catalog.manager.U2CatalogManager - [client:400203]cache file auto update thread launch in lib account
2026-07-13 17:04:06.341 [pool-3-thread-1] INFO  com.rs.mv.mvvs.client.catalog.from.config.DirsConfigReader - [client:400206]parse dir config information
2026-07-13 17:04:06.341 [pool-3-thread-1] INFO  com.rs.mv.mvvs.client.catalog.from.config.MappingConfigReader - [client:400207]parse mapping config information
2026-07-13 17:04:06.341 [pool-3-thread-1] INFO  com.rs.mv.mvvs.client.catalog.manager.U2CatalogManager - [client:400202]start a schedule task to get global/local catalog for lib, its period 5s 
2026-07-13 17:04:06.341 [pool-3-thread-1] INFO  com.rs.mv.mvvs.client.catalog.manager.U2CatalogManager - [client:400203]cache file auto update thread launch in @babel account
2026-07-13 17:04:06.341 [pool-3-thread-1] INFO  com.rs.mv.mvvs.client.catalog.from.config.DirsConfigReader - [client:400206]parse dir config information
2026-07-13 17:04:06.345 [pool-3-thread-1] INFO  com.rs.mv.mvvs.client.catalog.from.config.MappingConfigReader - [client:400207]parse mapping config information
2026-07-13 17:04:06.345 [pool-3-thread-1] INFO  com.rs.mv.mvvs.client.catalog.manager.U2CatalogManager - [client:400202]start a schedule task to get global/local catalog for @babel, its period 5s 
2026-07-13 17:04:06.345 [pool-3-thread-1] INFO  com.rs.mv.mvvs.client.catalog.manager.U2CatalogManager - [client:400203]cache file auto update thread launch in code-frame account
2026-07-13 17:04:06.345 [pool-3-thread-1] INFO  com.rs.mv.mvvs.client.catalog.from.config.DirsConfigReader - [client:400206]parse dir config information
2026-07-13 17:04:06.345 [pool-3-thread-1] INFO  com.rs.mv.mvvs.client.catalog.from.config.MappingConfigReader - [client:400207]parse mapping config information
2026-07-13 17:04:06.347 [pool-3-thread-1] INFO  com.rs.mv.mvvs.client.catalog.manager.U2CatalogManager - [client:400202]start a schedule task to get global/local catalog for code-frame, its period 5s 
2026-07-13 17:04:06.347 [pool-3-thread-1] INFO  com.rs.mv.mvvs.client.catalog.manager.U2CatalogManager - [client:400203]cache file auto update thread launch in compat-data account
2026-07-13 17:04:06.347 [pool-3-thread-1] INFO  com.rs.mv.mvvs.client.catalog.from.config.DirsConfigReader - [client:400206]parse dir config information
2026-07-13 17:04:06.347 [pool-3-thread-1] INFO  com.rs.mv.mvvs.client.catalog.from.config.MappingConfigReader - [client:400207]parse mapping config information
2026-07-13 17:04:06.347 [pool-3-thread-1] INFO  com.rs.mv.mvvs.client.catalog.manager.U2CatalogManager - [client:400202]start a schedule task to get global/local catalog for compat-data, its period 5s 
2026-07-13 17:04:06.347 [pool-3-thread-1] INFO  com.rs.mv.mvvs.client.catalog.manager.U2CatalogManager - [client:400203]cache file auto update thread launch in core account
2026-07-13 17:04:06.347 [pool-3-thread-1] INFO  com.rs.mv.mvvs.client.catalog.from.config.DirsConfigReader - [client:400206]parse dir config information
2026-07-13 17:04:06.347 [pool-3-thread-1] INFO  com.rs.mv.mvvs.client.catalog.from.config.MappingConfigReader - [client:400207]parse mapping config information
2026-07-13 17:04:06.347 [pool-3-thread-1] INFO  com.rs.mv.mvvs.client.catalog.manager.U2CatalogManager - [client:400202]start a schedule task to get global/local catalog for core, its period 5s 
2026-07-13 17:04:06.347 [pool-3-thread-1] INFO  com.rs.mv.mvvs.client.catalog.manager.U2CatalogManager - [client:400203]cache file auto update thread launch in lib account
2026-07-13 17:04:06.347 [pool-3-thread-1] INFO  com.rs.mv.mvvs.client.catalog.from.config.DirsConfigReader - [client:400206]parse dir config information
2026-07-13 17:04:06.347 [pool-3-thread-1] INFO  com.rs.mv.mvvs.client.catalog.from.config.MappingConfigReader - [client:400207]parse mapping config information
2026-07-13 17:04:06.347 [pool-3-thread-1] INFO  com.rs.mv.mvvs.client.catalog.manager.U2CatalogManager - [client:400202]start a schedule task to get global/local catalog for lib, its period 5s 
2026-07-13 17:04:06.353 [pool-3-thread-1] INFO  com.rs.mv.mvvs.client.catalog.manager.U2CatalogManager - [client:400203]cache file auto update thread launch in config account
2026-07-13 17:04:06.353 [pool-3-thread-1] INFO  com.rs.mv.mvvs.client.catalog.from.config.DirsConfigReader - [client:400206]parse dir config information
2026-07-13 17:04:06.353 [pool-3-thread-1] INFO  com.rs.mv.mvvs.client.catalog.from.config.MappingConfigReader - [client:400207]parse mapping config information
2026-07-13 17:04:06.353 [pool-3-thread-1] INFO  com.rs.mv.mvvs.client.catalog.manager.U2CatalogManager - [client:400202]start a schedule task to get global/local catalog for config, its period 5s 
2026-07-13 17:04:06.353 [pool-3-thread-1] INFO  com.rs.mv.mvvs.client.catalog.manager.U2CatalogManager - [client:400203]cache file auto update thread launch in parser account
2026-07-13 17:04:06.353 [pool-3-thread-1] INFO  com.rs.mv.mvvs.client.catalog.from.config.DirsConfigReader - [client:400206]parse dir config information
2026-07-13 17:04:06.353 [pool-3-thread-1] INFO  com.rs.mv.mvvs.client.catalog.from.config.MappingConfigReader - [client:400207]parse mapping config information
2026-07-13 17:04:06.353 [pool-3-thread-1] INFO  com.rs.mv.mvvs.client.catalog.manager.U2CatalogManager - [client:400202]start a schedule task to get global/local catalog for parser, its period 5s 
2026-07-13 17:04:06.353 [pool-3-thread-1] INFO  com.rs.mv.mvvs.client.catalog.manager.U2CatalogManager - [client:400203]cache file auto update thread launch in transformation account
2026-07-13 17:04:06.353 [pool-3-thread-1] INFO  com.rs.mv.mvvs.client.catalog.from.config.DirsConfigReader - [client:400206]parse dir config information
2026-07-13 17:04:06.353 [pool-3-thread-1] INFO  com.rs.mv.mvvs.client.catalog.from.config.MappingConfigReader - [client:400207]parse mapping config information
2026-07-13 17:04:06.353 [pool-3-thread-1] INFO  com.rs.mv.mvvs.client.catalog.manager.U2CatalogManager - [client:400202]start a schedule task to get global/local catalog for transformation, its period 5s 
2026-07-13 17:04:06.353 [pool-3-thread-1] INFO  com.rs.mv.mvvs.client.catalog.manager.U2CatalogManager - [client:400203]cache file auto update thread launch in node_modules account
2026-07-13 17:04:06.353 [pool-3-thread-1] INFO  com.rs.mv.mvvs.client.catalog.from.config.DirsConfigReader - [client:400206]parse dir config information
2026-07-13 17:04:06.353 [pool-3-thread-1] INFO  com.rs.mv.mvvs.client.catalog.from.config.MappingConfigReader - [client:400207]parse mapping config information
2026-07-13 17:04:06.353 [pool-3-thread-1] INFO  com.rs.mv.mvvs.client.catalog.manager.U2CatalogManager - [client:400202]start a schedule task to get global/local catalog for node_modules, its period 5s 
2026-07-13 17:04:06.353 [pool-3-thread-1] INFO  com.rs.mv.mvvs.client.catalog.manager.U2CatalogManager - [client:400203]cache file auto update thread launch in debug account
2026-07-13 17:04:06.353 [pool-3-thread-1] INFO  com.rs.mv.mvvs.client.catalog.from.config.DirsConfigReader - [client:400206]parse dir config information
2026-07-13 17:04:06.353 [pool-3-thread-1] INFO  com.rs.mv.mvvs.client.catalog.from.config.MappingConfigReader - [client:400207]parse mapping config information
2026-07-13 17:04:06.353 [pool-3-thread-1] INFO  com.rs.mv.mvvs.client.catalog.manager.U2CatalogManager - [client:400202]start a schedule task to get global/local catalog for debug, its period 5s 
2026-07-13 17:04:06.361 [pool-3-thread-1] INFO  com.rs.mv.mvvs.client.catalog.manager.U2CatalogManager - [client:400203]cache file auto update thread launch in semver account
2026-07-13 17:04:06.361 [pool-3-thread-1] INFO  com.rs.mv.mvvs.client.catalog.from.config.DirsConfigReader - [client:400206]parse dir config information
2026-07-13 17:04:06.361 [pool-3-thread-1] INFO  com.rs.mv.mvvs.client.catalog.from.config.MappingConfigReader - [client:400207]parse mapping config information
2026-07-13 17:04:06.361 [pool-3-thread-1] INFO  com.rs.mv.mvvs.client.catalog.manager.U2CatalogManager - [client:400202]start a schedule task to get global/local catalog for semver, its period 5s 
2026-07-13 17:04:06.361 [pool-3-thread-1] INFO  com.rs.mv.mvvs.client.catalog.manager.U2CatalogManager - [client:400203]cache file auto update thread launch in src account
2026-07-13 17:04:06.361 [pool-3-thread-1] INFO  com.rs.mv.mvvs.client.catalog.from.config.DirsConfigReader - [client:400206]parse dir config information
2026-07-13 17:04:06.361 [pool-3-thread-1] INFO  com.rs.mv.mvvs.client.catalog.from.config.MappingConfigReader - [client:400207]parse mapping config information
2026-07-13 17:04:06.361 [pool-3-thread-1] INFO  com.rs.mv.mvvs.client.catalog.manager.U2CatalogManager - [client:400202]start a schedule task to get global/local catalog for src, its period 5s 
2026-07-13 17:04:06.361 [pool-3-thread-1] INFO  com.rs.mv.mvvs.client.catalog.manager.U2CatalogManager - [client:400203]cache file auto update thread launch in config account
2026-07-13 17:04:06.361 [pool-3-thread-1] INFO  com.rs.mv.mvvs.client.catalog.from.config.DirsConfigReader - [client:400206]parse dir config information
2026-07-13 17:04:06.361 [pool-3-thread-1] INFO  com.rs.mv.mvvs.client.catalog.from.config.MappingConfigReader - [client:400207]parse mapping config information
2026-07-13 17:04:06.361 [pool-3-thread-1] INFO  com.rs.mv.mvvs.client.catalog.manager.U2CatalogManager - [client:400202]start a schedule task to get global/local catalog for config, its period 5s 
2026-07-13 17:04:06.361 [pool-3-thread-1] INFO  com.rs.mv.mvvs.client.catalog.manager.U2CatalogManager - [client:400203]cache file auto update thread launch in generator account
2026-07-13 17:04:06.361 [pool-3-thread-1] INFO  com.rs.mv.mvvs.client.catalog.from.config.DirsConfigReader - [client:400206]parse dir config information
2026-07-13 17:04:06.361 [pool-3-thread-1] INFO  com.rs.mv.mvvs.client.catalog.from.config.MappingConfigReader - [client:400207]parse mapping config information
2026-07-13 17:04:06.361 [pool-3-thread-1] INFO  com.rs.mv.mvvs.client.catalog.manager.U2CatalogManager - [client:400202]start a schedule task to get global/local catalog for generator, its period 5s 
2026-07-13 17:04:06.361 [pool-3-thread-1] INFO  com.rs.mv.mvvs.client.catalog.manager.U2CatalogManager - [client:400203]cache file auto update thread launch in lib account
2026-07-13 17:04:06.361 [pool-3-thread-1] INFO  com.rs.mv.mvvs.client.catalog.from.config.DirsConfigReader - [client:400206]parse dir config information
2026-07-13 17:04:06.361 [pool-3-thread-1] INFO  com.rs.mv.mvvs.client.catalog.from.config.MappingConfigReader - [client:400207]parse mapping config information
2026-07-13 17:04:06.361 [pool-3-thread-1] INFO  com.rs.mv.mvvs.client.catalog.manager.U2CatalogManager - [client:400202]start a schedule task to get global/local catalog for lib, its period 5s 
2026-07-13 17:04:06.367 [pool-3-thread-1] INFO  com.rs.mv.mvvs.client.catalog.manager.U2CatalogManager - [client:400203]cache file auto update thread launch in helper-compilation-targets account
2026-07-13 17:04:06.367 [pool-3-thread-1] INFO  com.rs.mv.mvvs.client.catalog.from.config.DirsConfigReader - [client:400206]parse dir config information
2026-07-13 17:04:06.367 [pool-3-thread-1] INFO  com.rs.mv.mvvs.client.catalog.from.config.MappingConfigReader - [client:400207]parse mapping config information
2026-07-13 17:04:06.367 [pool-3-thread-1] INFO  com.rs.mv.mvvs.client.catalog.manager.U2CatalogManager - [client:400202]start a schedule task to get global/local catalog for helper-compilation-targets, its period 5s 
2026-07-13 17:04:06.367 [pool-3-thread-1] INFO  com.rs.mv.mvvs.client.catalog.manager.U2CatalogManager - [client:400203]cache file auto update thread launch in node_modules account
2026-07-13 17:04:06.369 [pool-3-thread-1] INFO  com.rs.mv.mvvs.client.catalog.from.config.DirsConfigReader - [client:400206]parse dir config information
2026-07-13 17:04:06.370 [pool-3-thread-1] INFO  com.rs.mv.mvvs.client.catalog.from.config.MappingConfigReader - [client:400207]parse mapping config information
2026-07-13 17:04:06.370 [pool-3-thread-1] INFO  com.rs.mv.mvvs.client.catalog.manager.U2CatalogManager - [client:400202]start a schedule task to get global/local catalog for node_modules, its period 5s 
2026-07-13 17:04:06.370 [pool-3-thread-1] INFO  com.rs.mv.mvvs.client.catalog.manager.U2CatalogManager - [client:400203]cache file auto update thread launch in semver account
2026-07-13 17:04:06.370 [pool-3-thread-1] INFO  com.rs.mv.mvvs.client.catalog.from.config.DirsConfigReader - [client:400206]parse dir config information
2026-07-13 17:04:06.370 [pool-3-thread-1] INFO  com.rs.mv.mvvs.client.catalog.from.config.MappingConfigReader - [client:400207]parse mapping config information
2026-07-13 17:04:06.370 [pool-3-thread-1] INFO  com.rs.mv.mvvs.client.catalog.manager.U2CatalogManager - [client:400202]start a schedule task to get global/local catalog for semver, its period 5s 
2026-07-13 17:04:06.370 [pool-3-thread-1] INFO  com.rs.mv.mvvs.client.catalog.manager.U2CatalogManager - [client:400203]cache file auto update thread launch in helper-globals account
2026-07-13 17:04:06.370 [pool-3-thread-1] INFO  com.rs.mv.mvvs.client.catalog.from.config.DirsConfigReader - [client:400206]parse dir config information
2026-07-13 17:04:06.370 [pool-3-thread-1] INFO  com.rs.mv.mvvs.client.catalog.from.config.MappingConfigReader - [client:400207]parse mapping config information
2026-07-13 17:04:06.370 [pool-3-thread-1] INFO  com.rs.mv.mvvs.client.catalog.manager.U2CatalogManager - [client:400202]start a schedule task to get global/local catalog for helper-globals, its period 5s 
2026-07-13 17:04:06.370 [pool-3-thread-1] INFO  com.rs.mv.mvvs.client.catalog.manager.U2CatalogManager - [client:400203]cache file auto update thread launch in helper-module-imports account
2026-07-13 17:04:06.374 [pool-3-thread-1] INFO  com.rs.mv.mvvs.client.catalog.from.config.DirsConfigReader - [client:400206]parse dir config information
2026-07-13 17:04:06.374 [pool-3-thread-1] INFO  com.rs.mv.mvvs.client.catalog.from.config.MappingConfigReader - [client:400207]parse mapping config information
2026-07-13 17:04:06.374 [pool-3-thread-1] INFO  com.rs.mv.mvvs.client.catalog.manager.U2CatalogManager - [client:400202]start a schedule task to get global/local catalog for helper-module-imports, its period 5s 
2026-07-13 17:04:06.374 [pool-3-thread-1] INFO  com.rs.mv.mvvs.client.catalog.manager.U2CatalogManager - [client:400203]cache file auto update thread launch in helper-module-transforms account
2026-07-13 17:04:06.374 [pool-3-thread-1] INFO  com.rs.mv.mvvs.client.catalog.from.config.DirsConfigReader - [client:400206]parse dir config information
2026-07-13 17:04:06.374 [pool-3-thread-1] INFO  com.rs.mv.mvvs.client.catalog.from.config.MappingConfigReader - [client:400207]parse mapping config information
2026-07-13 17:04:06.374 [pool-3-thread-1] INFO  com.rs.mv.mvvs.client.catalog.manager.U2CatalogManager - [client:400202]start a schedule task to get global/local catalog for helper-module-transforms, its period 5s 
2026-07-13 17:04:06.374 [pool-3-thread-1] INFO  com.rs.mv.mvvs.client.catalog.manager.U2CatalogManager - [client:400203]cache file auto update thread launch in helper-plugin-utils account
2026-07-13 17:04:06.374 [pool-3-thread-1] INFO  com.rs.mv.mvvs.client.catalog.from.config.DirsConfigReader - [client:400206]parse dir config information
2026-07-13 17:04:06.377 [pool-3-thread-1] INFO  com.rs.mv.mvvs.client.catalog.from.config.MappingConfigReader - [client:400207]parse mapping config information
2026-07-13 17:04:06.377 [pool-3-thread-1] INFO  com.rs.mv.mvvs.client.catalog.manager.U2CatalogManager - [client:400202]start a schedule task to get global/local catalog for helper-plugin-utils, its period 5s 
2026-07-13 17:04:06.377 [pool-3-thread-1] INFO  com.rs.mv.mvvs.client.catalog.manager.U2CatalogManager - [client:400203]cache file auto update thread launch in helper-string-parser account
2026-07-13 17:04:06.377 [pool-3-thread-1] INFO  com.rs.mv.mvvs.client.catalog.from.config.DirsConfigReader - [client:400206]parse dir config information
2026-07-13 17:04:06.377 [pool-3-thread-1] INFO  com.rs.mv.mvvs.client.catalog.from.config.MappingConfigReader - [client:400207]parse mapping config information
2026-07-13 17:04:06.377 [pool-3-thread-1] INFO  com.rs.mv.mvvs.client.catalog.manager.U2CatalogManager - [client:400202]start a schedule task to get global/local catalog for helper-string-parser, its period 5s 
2026-07-13 17:04:06.377 [pool-3-thread-1] INFO  com.rs.mv.mvvs.client.catalog.manager.U2CatalogManager - [client:400203]cache file auto update thread launch in helper-validator-identifier account
2026-07-13 17:04:06.377 [pool-3-thread-1] INFO  com.rs.mv.mvvs.client.catalog.from.config.DirsConfigReader - [client:400206]parse dir config information
2026-07-13 17:04:06.377 [pool-3-thread-1] INFO  com.rs.mv.mvvs.client.catalog.from.config.MappingConfigReader - [client:400207]parse mapping config information
2026-07-13 17:04:06.377 [pool-3-thread-1] INFO  com.rs.mv.mvvs.client.catalog.manager.U2CatalogManager - [client:400202]start a schedule task to get global/local catalog for helper-validator-identifier, its period 5s 
2026-07-13 17:04:06.377 [pool-3-thread-1] INFO  com.rs.mv.mvvs.client.catalog.manager.U2CatalogManager - [client:400203]cache file auto update thread launch in helper-validator-option account
2026-07-13 17:04:06.377 [pool-3-thread-1] INFO  com.rs.mv.mvvs.client.catalog.from.config.DirsConfigReader - [client:400206]parse dir config information
2026-07-13 17:04:06.377 [pool-3-thread-1] INFO  com.rs.mv.mvvs.client.catalog.from.config.MappingConfigReader - [client:400207]parse mapping config information
2026-07-13 17:04:06.377 [pool-3-thread-1] INFO  com.rs.mv.mvvs.client.catalog.manager.U2CatalogManager - [client:400202]start a schedule task to get global/local catalog for helper-validator-option, its period 5s 
2026-07-13 17:04:06.377 [pool-3-thread-1] INFO  com.rs.mv.mvvs.client.catalog.manager.U2CatalogManager - [client:400203]cache file auto update thread launch in helpers account
2026-07-13 17:04:06.377 [pool-3-thread-1] INFO  com.rs.mv.mvvs.client.catalog.from.config.DirsConfigReader - [client:400206]parse dir config information
2026-07-13 17:04:06.377 [pool-3-thread-1] INFO  com.rs.mv.mvvs.client.catalog.from.config.MappingConfigReader - [client:400207]parse mapping config information
2026-07-13 17:04:06.377 [pool-3-thread-1] INFO  com.rs.mv.mvvs.client.catalog.manager.U2CatalogManager - [client:400202]start a schedule task to get global/local catalog for helpers, its period 5s 
2026-07-13 17:04:06.377 [pool-3-thread-1] INFO  com.rs.mv.mvvs.client.catalog.manager.U2CatalogManager - [client:400203]cache file auto update thread launch in lib account
2026-07-13 17:04:06.385 [pool-3-thread-1] INFO  com.rs.mv.mvvs.client.catalog.from.config.DirsConfigReader - [client:400206]parse dir config information
2026-07-13 17:04:06.386 [pool-3-thread-1] INFO  com.rs.mv.mvvs.client.catalog.from.config.MappingConfigReader - [client:400207]parse mapping config information
2026-07-13 17:04:06.386 [pool-3-thread-1] INFO  com.rs.mv.mvvs.client.catalog.manager.U2CatalogManager - [client:400202]start a schedule task to get global/local catalog for lib, its period 5s 
2026-07-13 17:04:06.387 [pool-3-thread-1] INFO  com.rs.mv.mvvs.client.catalog.manager.U2CatalogManager - [client:400203]cache file auto update thread launch in parser account
2026-07-13 17:04:06.387 [pool-3-thread-1] INFO  com.rs.mv.mvvs.client.catalog.from.config.DirsConfigReader - [client:400206]parse dir config information
2026-07-13 17:04:06.388 [pool-3-thread-1] INFO  com.rs.mv.mvvs.client.catalog.from.config.MappingConfigReader - [client:400207]parse mapping config information
2026-07-13 17:04:06.388 [pool-3-thread-1] INFO  com.rs.mv.mvvs.client.catalog.manager.U2CatalogManager - [client:400202]start a schedule task to get global/local catalog for parser, its period 5s 
2026-07-13 17:04:06.388 [pool-3-thread-1] INFO  com.rs.mv.mvvs.client.catalog.manager.U2CatalogManager - [client:400203]cache file auto update thread launch in plugin-syntax-async-generators account
2026-07-13 17:04:06.388 [pool-3-thread-1] INFO  com.rs.mv.mvvs.client.catalog.from.config.DirsConfigReader - [client:400206]parse dir config information
2026-07-13 17:04:06.388 [pool-3-thread-1] INFO  com.rs.mv.mvvs.client.catalog.from.config.MappingConfigReader - [client:400207]parse mapping config information
2026-07-13 17:04:06.388 [pool-3-thread-1] INFO  com.rs.mv.mvvs.client.catalog.manager.U2CatalogManager - [client:400202]start a schedule task to get global/local catalog for plugin-syntax-async-generators, its period 5s 
2026-07-13 17:04:06.388 [pool-3-thread-1] INFO  com.rs.mv.mvvs.client.catalog.manager.U2CatalogManager - [client:400203]cache file auto update thread launch in plugin-syntax-bigint account
2026-07-13 17:04:06.388 [pool-3-thread-1] INFO  com.rs.mv.mvvs.client.catalog.from.config.DirsConfigReader - [client:400206]parse dir config information
2026-07-13 17:04:06.388 [pool-3-thread-1] INFO  com.rs.mv.mvvs.client.catalog.from.config.MappingConfigReader - [client:400207]parse mapping config information
2026-07-13 17:04:06.388 [pool-3-thread-1] INFO  com.rs.mv.mvvs.client.catalog.manager.U2CatalogManager - [client:400202]start a schedule task to get global/local catalog for plugin-syntax-bigint, its period 5s 
2026-07-13 17:04:06.388 [pool-3-thread-1] INFO  com.rs.mv.mvvs.client.catalog.manager.U2CatalogManager - [client:400203]cache file auto update thread launch in plugin-syntax-class-properties account
2026-07-13 17:04:06.388 [pool-3-thread-1] INFO  com.rs.mv.mvvs.client.catalog.from.config.DirsConfigReader - [client:400206]parse dir config information
2026-07-13 17:04:06.388 [pool-3-thread-1] INFO  com.rs.mv.mvvs.client.catalog.from.config.MappingConfigReader - [client:400207]parse mapping config information
2026-07-13 17:04:06.388 [pool-3-thread-1] INFO  com.rs.mv.mvvs.client.catalog.manager.U2CatalogManager - [client:400202]start a schedule task to get global/local catalog for plugin-syntax-class-properties, its period 5s 
2026-07-13 17:04:06.388 [pool-3-thread-1] INFO  com.rs.mv.mvvs.client.catalog.manager.U2CatalogManager - [client:400203]cache file auto update thread launch in plugin-syntax-class-static-block account
2026-07-13 17:04:06.388 [pool-3-thread-1] INFO  com.rs.mv.mvvs.client.catalog.from.config.DirsConfigReader - [client:400206]parse dir config information
2026-07-13 17:04:06.388 [pool-3-thread-1] INFO  com.rs.mv.mvvs.client.catalog.from.config.MappingConfigReader - [client:400207]parse mapping config information
2026-07-13 17:04:06.388 [pool-3-thread-1] INFO  com.rs.mv.mvvs.client.catalog.manager.U2CatalogManager - [client:400202]start a schedule task to get global/local catalog for plugin-syntax-class-static-block, its period 5s 
2026-07-13 17:04:06.388 [pool-3-thread-1] INFO  com.rs.mv.mvvs.client.catalog.manager.U2CatalogManager - [client:400203]cache file auto update thread launch in plugin-syntax-import-attributes account
2026-07-13 17:04:06.394 [pool-3-thread-1] INFO  com.rs.mv.mvvs.client.catalog.from.config.DirsConfigReader - [client:400206]parse dir config information
2026-07-13 17:04:06.394 [pool-3-thread-1] INFO  com.rs.mv.mvvs.client.catalog.from.config.MappingConfigReader - [client:400207]parse mapping config information
2026-07-13 17:04:06.394 [pool-3-thread-1] INFO  com.rs.mv.mvvs.client.catalog.manager.U2CatalogManager - [client:400202]start a schedule task to get global/local catalog for plugin-syntax-import-attributes, its period 5s 
2026-07-13 17:04:06.394 [pool-3-thread-1] INFO  com.rs.mv.mvvs.client.catalog.manager.U2CatalogManager - [client:400203]cache file auto update thread launch in plugin-syntax-import-meta account
2026-07-13 17:04:06.394 [pool-3-thread-1] INFO  com.rs.mv.mvvs.client.catalog.from.config.DirsConfigReader - [client:400206]parse dir config information
2026-07-13 17:04:06.394 [pool-3-thread-1] INFO  com.rs.mv.mvvs.client.catalog.from.config.MappingConfigReader - [client:400207]parse mapping config information
2026-07-13 17:04:06.394 [pool-3-thread-1] INFO  com.rs.mv.mvvs.client.catalog.manager.U2CatalogManager - [client:400202]start a schedule task to get global/local catalog for plugin-syntax-import-meta, its period 5s 
2026-07-13 17:04:06.394 [pool-3-thread-1] INFO  com.rs.mv.mvvs.client.catalog.manager.U2CatalogManager - [client:400203]cache file auto update thread launch in plugin-syntax-json-strings account
2026-07-13 17:04:06.394 [pool-3-thread-1] INFO  com.rs.mv.mvvs.client.catalog.from.config.DirsConfigReader - [client:400206]parse dir config information
2026-07-13 17:04:06.394 [pool-3-thread-1] INFO  com.rs.mv.mvvs.client.catalog.from.config.MappingConfigReader - [client:400207]parse mapping config information
2026-07-13 17:04:06.394 [pool-3-thread-1] INFO  com.rs.mv.mvvs.client.catalog.manager.U2CatalogManager - [client:400202]start a schedule task to get global/local catalog for plugin-syntax-json-strings, its period 5s 
2026-07-13 17:04:06.394 [pool-3-thread-1] INFO  com.rs.mv.mvvs.client.catalog.manager.U2CatalogManager - [client:400203]cache file auto update thread launch in plugin-syntax-jsx account
2026-07-13 17:04:06.394 [pool-3-thread-1] INFO  com.rs.mv.mvvs.client.catalog.from.config.DirsConfigReader - [client:400206]parse dir config information
2026-07-13 17:04:06.394 [pool-3-thread-1] INFO  com.rs.mv.mvvs.client.catalog.from.config.MappingConfigReader - [client:400207]parse mapping config information
2026-07-13 17:04:06.394 [pool-3-thread-1] INFO  com.rs.mv.mvvs.client.catalog.manager.U2CatalogManager - [client:400202]start a schedule task to get global/local catalog for plugin-syntax-jsx, its period 5s 
2026-07-13 17:04:06.394 [pool-3-thread-1] INFO  com.rs.mv.mvvs.client.catalog.manager.U2CatalogManager - [client:400203]cache file auto update thread launch in plugin-syntax-logical-assignment-operators account
2026-07-13 17:04:06.394 [pool-3-thread-1] INFO  com.rs.mv.mvvs.client.catalog.from.config.DirsConfigReader - [client:400206]parse dir config information
2026-07-13 17:04:06.394 [pool-3-thread-1] INFO  com.rs.mv.mvvs.client.catalog.from.config.MappingConfigReader - [client:400207]parse mapping config information
2026-07-13 17:04:06.394 [pool-3-thread-1] INFO  com.rs.mv.mvvs.client.catalog.manager.U2CatalogManager - [client:400202]start a schedule task to get global/local catalog for plugin-syntax-logical-assignment-operators, its period 5s 
2026-07-13 17:04:06.394 [pool-3-thread-1] INFO  com.rs.mv.mvvs.client.catalog.manager.U2CatalogManager - [client:400203]cache file auto update thread launch in plugin-syntax-nullish-coalescing-operator account
2026-07-13 17:04:06.400 [pool-3-thread-1] INFO  com.rs.mv.mvvs.client.catalog.from.config.DirsConfigReader - [client:400206]parse dir config information
2026-07-13 17:04:06.400 [pool-3-thread-1] INFO  com.rs.mv.mvvs.client.catalog.from.config.MappingConfigReader - [client:400207]parse mapping config information
2026-07-13 17:04:06.400 [pool-3-thread-1] INFO  com.rs.mv.mvvs.client.catalog.manager.U2CatalogManager - [client:400202]start a schedule task to get global/local catalog for plugin-syntax-nullish-coalescing-operator, its period 5s 
2026-07-13 17:04:06.400 [pool-3-thread-1] INFO  com.rs.mv.mvvs.client.catalog.manager.U2CatalogManager - [client:400203]cache file auto update thread launch in plugin-syntax-numeric-separator account
2026-07-13 17:04:06.400 [pool-3-thread-1] INFO  com.rs.mv.mvvs.client.catalog.from.config.DirsConfigReader - [client:400206]parse dir config information
2026-07-13 17:04:06.402 [pool-3-thread-1] INFO  com.rs.mv.mvvs.client.catalog.from.config.MappingConfigReader - [client:400207]parse mapping config information
2026-07-13 17:04:06.402 [pool-3-thread-1] INFO  com.rs.mv.mvvs.client.catalog.manager.U2CatalogManager - [client:400202]start a schedule task to get global/local catalog for plugin-syntax-numeric-separator, its period 5s 
2026-07-13 17:04:06.403 [pool-3-thread-1] INFO  com.rs.mv.mvvs.client.catalog.manager.U2CatalogManager - [client:400203]cache file auto update thread launch in plugin-syntax-object-rest-spread account
2026-07-13 17:04:06.403 [pool-3-thread-1] INFO  com.rs.mv.mvvs.client.catalog.from.config.DirsConfigReader - [client:400206]parse dir config information
2026-07-13 17:04:06.403 [pool-3-thread-1] INFO  com.rs.mv.mvvs.client.catalog.from.config.MappingConfigReader - [client:400207]parse mapping config information
2026-07-13 17:04:06.403 [pool-3-thread-1] INFO  com.rs.mv.mvvs.client.catalog.manager.U2CatalogManager - [client:400202]start a schedule task to get global/local catalog for plugin-syntax-object-rest-spread, its period 5s 
2026-07-13 17:04:06.403 [pool-3-thread-1] INFO  com.rs.mv.mvvs.client.catalog.manager.U2CatalogManager - [client:400203]cache file auto update thread launch in plugin-syntax-optional-catch-binding account
2026-07-13 17:04:06.403 [pool-3-thread-1] INFO  com.rs.mv.mvvs.client.catalog.from.config.DirsConfigReader - [client:400206]parse dir config information
2026-07-13 17:04:06.403 [pool-3-thread-1] INFO  com.rs.mv.mvvs.client.catalog.from.config.MappingConfigReader - [client:400207]parse mapping config information
2026-07-13 17:04:06.403 [pool-3-thread-1] INFO  com.rs.mv.mvvs.client.catalog.manager.U2CatalogManager - [client:400202]start a schedule task to get global/local catalog for plugin-syntax-optional-catch-binding, its period 5s 
2026-07-13 17:04:06.405 [pool-3-thread-1] INFO  com.rs.mv.mvvs.client.catalog.manager.U2CatalogManager - [client:400203]cache file auto update thread launch in plugin-syntax-optional-chaining account
2026-07-13 17:04:06.405 [pool-3-thread-1] INFO  com.rs.mv.mvvs.client.catalog.from.config.DirsConfigReader - [client:400206]parse dir config information
2026-07-13 17:04:06.405 [pool-3-thread-1] INFO  com.rs.mv.mvvs.client.catalog.from.config.MappingConfigReader - [client:400207]parse mapping config information
2026-07-13 17:04:06.405 [pool-3-thread-1] INFO  com.rs.mv.mvvs.client.catalog.manager.U2CatalogManager - [client:400202]start a schedule task to get global/local catalog for plugin-syntax-optional-chaining, its period 5s 
2026-07-13 17:04:06.407 [pool-3-thread-1] INFO  com.rs.mv.mvvs.client.catalog.manager.U2CatalogManager - [client:400203]cache file auto update thread launch in plugin-syntax-private-property-in-object account
2026-07-13 17:04:06.407 [pool-3-thread-1] INFO  com.rs.mv.mvvs.client.catalog.from.config.DirsConfigReader - [client:400206]parse dir config information
2026-07-13 17:04:06.407 [pool-3-thread-1] INFO  com.rs.mv.mvvs.client.catalog.from.config.MappingConfigReader - [client:400207]parse mapping config information
2026-07-13 17:04:06.408 [pool-3-thread-1] INFO  com.rs.mv.mvvs.client.catalog.manager.U2CatalogManager - [client:400202]start a schedule task to get global/local catalog for plugin-syntax-private-property-in-object, its period 5s 
2026-07-13 17:04:06.408 [pool-3-thread-1] INFO  com.rs.mv.mvvs.client.catalog.manager.U2CatalogManager - [client:400203]cache file auto update thread launch in plugin-syntax-top-level-await account
2026-07-13 17:04:06.408 [pool-3-thread-1] INFO  com.rs.mv.mvvs.client.catalog.from.config.DirsConfigReader - [client:400206]parse dir config information
2026-07-13 17:04:06.408 [pool-3-thread-1] INFO  com.rs.mv.mvvs.client.catalog.from.config.MappingConfigReader - [client:400207]parse mapping config information
2026-07-13 17:04:06.409 [pool-3-thread-1] INFO  com.rs.mv.mvvs.client.catalog.manager.U2CatalogManager - [client:400202]start a schedule task to get global/local catalog for plugin-syntax-top-level-await, its period 5s 
2026-07-13 17:04:06.409 [pool-3-thread-1] INFO  com.rs.mv.mvvs.client.catalog.manager.U2CatalogManager - [client:400203]cache file auto update thread launch in plugin-syntax-typescript account
2026-07-13 17:04:06.409 [pool-3-thread-1] INFO  com.rs.mv.mvvs.client.catalog.from.config.DirsConfigReader - [client:400206]parse dir config information
2026-07-13 17:04:06.410 [pool-3-thread-1] INFO  com.rs.mv.mvvs.client.catalog.from.config.MappingConfigReader - [client:400207]parse mapping config information
2026-07-13 17:04:06.410 [pool-3-thread-1] INFO  com.rs.mv.mvvs.client.catalog.manager.U2CatalogManager - [client:400202]start a schedule task to get global/local catalog for plugin-syntax-typescript, its period 5s 
2026-07-13 17:04:06.411 [pool-3-thread-1] INFO  com.rs.mv.mvvs.client.catalog.manager.U2CatalogManager - [client:400203]cache file auto update thread launch in template account
2026-07-13 17:04:06.411 [pool-3-thread-1] INFO  com.rs.mv.mvvs.client.catalog.from.config.DirsConfigReader - [client:400206]parse dir config information
2026-07-13 17:04:06.411 [pool-3-thread-1] INFO  com.rs.mv.mvvs.client.catalog.from.config.MappingConfigReader - [client:400207]parse mapping config information
2026-07-13 17:04:06.411 [pool-3-thread-1] INFO  com.rs.mv.mvvs.client.catalog.manager.U2CatalogManager - [client:400202]start a schedule task to get global/local catalog for template, its period 5s 
2026-07-13 17:04:06.411 [pool-3-thread-1] INFO  com.rs.mv.mvvs.client.catalog.manager.U2CatalogManager - [client:400203]cache file auto update thread launch in traverse account
2026-07-13 17:04:06.411 [pool-3-thread-1] INFO  com.rs.mv.mvvs.client.catalog.from.config.DirsConfigReader - [client:400206]parse dir config information
2026-07-13 17:04:06.412 [pool-3-thread-1] INFO  com.rs.mv.mvvs.client.catalog.from.config.MappingConfigReader - [client:400207]parse mapping config information
2026-07-13 17:04:06.412 [pool-3-thread-1] INFO  com.rs.mv.mvvs.client.catalog.manager.U2CatalogManager - [client:400202]start a schedule task to get global/local catalog for traverse, its period 5s 
2026-07-13 17:04:06.412 [pool-3-thread-1] INFO  com.rs.mv.mvvs.client.catalog.manager.U2CatalogManager - [client:400203]cache file auto update thread launch in lib account
2026-07-13 17:04:06.413 [pool-3-thread-1] INFO  com.rs.mv.mvvs.client.catalog.from.config.DirsConfigReader - [client:400206]parse dir config information
2026-07-13 17:04:06.413 [pool-3-thread-1] INFO  com.rs.mv.mvvs.client.catalog.from.config.MappingConfigReader - [client:400207]parse mapping config information
2026-07-13 17:04:06.413 [pool-3-thread-1] INFO  com.rs.mv.mvvs.client.catalog.manager.U2CatalogManager - [client:400202]start a schedule task to get global/local catalog for lib, its period 5s 
2026-07-13 17:04:06.414 [pool-3-thread-1] INFO  com.rs.mv.mvvs.client.catalog.manager.U2CatalogManager - [client:400203]cache file auto update thread launch in path account
2026-07-13 17:04:06.414 [pool-3-thread-1] INFO  com.rs.mv.mvvs.client.catalog.from.config.DirsConfigReader - [client:400206]parse dir config information
2026-07-13 17:04:06.414 [pool-3-thread-1] INFO  com.rs.mv.mvvs.client.catalog.from.config.MappingConfigReader - [client:400207]parse mapping config information
2026-07-13 17:04:06.414 [pool-3-thread-1] INFO  com.rs.mv.mvvs.client.catalog.manager.U2CatalogManager - [client:400202]start a schedule task to get global/local catalog for path, its period 5s 
2026-07-13 17:04:06.415 [pool-3-thread-1] INFO  com.rs.mv.mvvs.client.catalog.manager.U2CatalogManager - [client:400203]cache file auto update thread launch in scope account
2026-07-13 17:04:06.415 [pool-3-thread-1] INFO  com.rs.mv.mvvs.client.catalog.from.config.DirsConfigReader - [client:400206]parse dir config information
2026-07-13 17:04:06.415 [pool-3-thread-1] INFO  com.rs.mv.mvvs.client.catalog.from.config.MappingConfigReader - [client:400207]parse mapping config information
2026-07-13 17:04:06.415 [pool-3-thread-1] INFO  com.rs.mv.mvvs.client.catalog.manager.U2CatalogManager - [client:400202]start a schedule task to get global/local catalog for scope, its period 5s 
2026-07-13 17:04:06.416 [pool-3-thread-1] INFO  com.rs.mv.mvvs.client.catalog.manager.U2CatalogManager - [client:400203]cache file auto update thread launch in node_modules account
2026-07-13 17:04:06.416 [pool-3-thread-1] INFO  com.rs.mv.mvvs.client.catalog.from.config.DirsConfigReader - [client:400206]parse dir config information
2026-07-13 17:04:06.416 [pool-3-thread-1] INFO  com.rs.mv.mvvs.client.catalog.from.config.MappingConfigReader - [client:400207]parse mapping config information
2026-07-13 17:04:06.417 [pool-3-thread-1] INFO  com.rs.mv.mvvs.client.catalog.manager.U2CatalogManager - [client:400202]start a schedule task to get global/local catalog for node_modules, its period 5s 
2026-07-13 17:04:06.417 [pool-3-thread-1] INFO  com.rs.mv.mvvs.client.catalog.manager.U2CatalogManager - [client:400203]cache file auto update thread launch in debug account
2026-07-13 17:04:06.417 [pool-3-thread-1] INFO  com.rs.mv.mvvs.client.catalog.from.config.DirsConfigReader - [client:400206]parse dir config information
2026-07-13 17:04:06.417 [pool-3-thread-1] INFO  com.rs.mv.mvvs.client.catalog.from.config.MappingConfigReader - [client:400207]parse mapping config information
2026-07-13 17:04:06.417 [pool-3-thread-1] INFO  com.rs.mv.mvvs.client.catalog.manager.U2CatalogManager - [client:400202]start a schedule task to get global/local catalog for debug, its period 5s 
2026-07-13 17:04:06.418 [pool-3-thread-1] INFO  com.rs.mv.mvvs.client.catalog.manager.U2CatalogManager - [client:400203]cache file auto update thread launch in types account
2026-07-13 17:04:06.418 [pool-3-thread-1] INFO  com.rs.mv.mvvs.client.catalog.from.config.DirsConfigReader - [client:400206]parse dir config information
2026-07-13 17:04:06.418 [pool-3-thread-1] INFO  com.rs.mv.mvvs.client.catalog.from.config.MappingConfigReader - [client:400207]parse mapping config information
2026-07-13 17:04:06.418 [pool-3-thread-1] INFO  com.rs.mv.mvvs.client.catalog.manager.U2CatalogManager - [client:400202]start a schedule task to get global/local catalog for types, its period 5s 
2026-07-13 17:04:06.419 [pool-3-thread-1] INFO  com.rs.mv.mvvs.client.catalog.manager.U2CatalogManager - [client:400203]cache file auto update thread launch in lib account
2026-07-13 17:04:06.419 [pool-3-thread-1] INFO  com.rs.mv.mvvs.client.catalog.from.config.DirsConfigReader - [client:400206]parse dir config information
2026-07-13 17:04:06.419 [pool-3-thread-1] INFO  com.rs.mv.mvvs.client.catalog.from.config.MappingConfigReader - [client:400207]parse mapping config information
2026-07-13 17:04:06.419 [pool-3-thread-1] INFO  com.rs.mv.mvvs.client.catalog.manager.U2CatalogManager - [client:400202]start a schedule task to get global/local catalog for lib, its period 5s 
2026-07-13 17:04:06.420 [pool-3-thread-1] INFO  com.rs.mv.mvvs.client.catalog.manager.U2CatalogManager - [client:400203]cache file auto update thread launch in asserts account
2026-07-13 17:04:06.420 [pool-3-thread-1] INFO  com.rs.mv.mvvs.client.catalog.from.config.DirsConfigReader - [client:400206]parse dir config information
2026-07-13 17:04:06.420 [pool-3-thread-1] INFO  com.rs.mv.mvvs.client.catalog.from.config.MappingConfigReader - [client:400207]parse mapping config information
2026-07-13 17:04:06.420 [pool-3-thread-1] INFO  com.rs.mv.mvvs.client.catalog.manager.U2CatalogManager - [client:400202]start a schedule task to get global/local catalog for asserts, its period 5s 
2026-07-13 17:04:06.421 [pool-3-thread-1] INFO  com.rs.mv.mvvs.client.catalog.manager.U2CatalogManager - [client:400203]cache file auto update thread launch in ast-types account
2026-07-13 17:04:06.421 [pool-3-thread-1] INFO  com.rs.mv.mvvs.client.catalog.from.config.DirsConfigReader - [client:400206]parse dir config information
2026-07-13 17:04:06.421 [pool-3-thread-1] INFO  com.rs.mv.mvvs.client.catalog.from.config.MappingConfigReader - [client:400207]parse mapping config information
2026-07-13 17:04:06.421 [pool-3-thread-1] INFO  com.rs.mv.mvvs.client.catalog.manager.U2CatalogManager - [client:400202]start a schedule task to get global/local catalog for ast-types, its period 5s 
2026-07-13 17:04:06.422 [pool-3-thread-1] INFO  com.rs.mv.mvvs.client.catalog.manager.U2CatalogManager - [client:400203]cache file auto update thread launch in builders account
2026-07-13 17:04:06.422 [pool-3-thread-1] INFO  com.rs.mv.mvvs.client.catalog.from.config.DirsConfigReader - [client:400206]parse dir config information
2026-07-13 17:04:06.422 [pool-3-thread-1] INFO  com.rs.mv.mvvs.client.catalog.from.config.MappingConfigReader - [client:400207]parse mapping config information
2026-07-13 17:04:06.423 [pool-3-thread-1] INFO  com.rs.mv.mvvs.client.catalog.manager.U2CatalogManager - [client:400202]start a schedule task to get global/local catalog for builders, its period 5s 
2026-07-13 17:04:06.423 [pool-3-thread-1] INFO  com.rs.mv.mvvs.client.catalog.manager.U2CatalogManager - [client:400203]cache file auto update thread launch in constants account
2026-07-13 17:04:06.424 [pool-3-thread-1] INFO  com.rs.mv.mvvs.client.catalog.from.config.DirsConfigReader - [client:400206]parse dir config information
2026-07-13 17:04:06.424 [pool-3-thread-1] INFO  com.rs.mv.mvvs.client.catalog.from.config.MappingConfigReader - [client:400207]parse mapping config information
2026-07-13 17:04:06.424 [pool-3-thread-1] INFO  com.rs.mv.mvvs.client.catalog.manager.U2CatalogManager - [client:400202]start a schedule task to get global/local catalog for constants, its period 5s 
2026-07-13 17:04:06.425 [pool-3-thread-1] INFO  com.rs.mv.mvvs.client.catalog.manager.U2CatalogManager - [client:400203]cache file auto update thread launch in modifications account
2026-07-13 17:04:06.425 [pool-3-thread-1] INFO  com.rs.mv.mvvs.client.catalog.from.config.DirsConfigReader - [client:400206]parse dir config information
2026-07-13 17:04:06.425 [pool-3-thread-1] INFO  com.rs.mv.mvvs.client.catalog.from.config.MappingConfigReader - [client:400207]parse mapping config information
2026-07-13 17:04:06.425 [pool-3-thread-1] INFO  com.rs.mv.mvvs.client.catalog.manager.U2CatalogManager - [client:400202]start a schedule task to get global/local catalog for modifications, its period 5s 
2026-07-13 17:04:06.426 [pool-3-thread-1] INFO  com.rs.mv.mvvs.client.catalog.manager.U2CatalogManager - [client:400203]cache file auto update thread launch in utils account
2026-07-13 17:04:06.426 [pool-3-thread-1] INFO  com.rs.mv.mvvs.client.catalog.from.config.DirsConfigReader - [client:400206]parse dir config information
2026-07-13 17:04:06.426 [pool-3-thread-1] INFO  com.rs.mv.mvvs.client.catalog.from.config.MappingConfigReader - [client:400207]parse mapping config information
2026-07-13 17:04:06.427 [pool-3-thread-1] INFO  com.rs.mv.mvvs.client.catalog.manager.U2CatalogManager - [client:400202]start a schedule task to get global/local catalog for utils, its period 5s 
2026-07-13 17:04:06.427 [pool-3-thread-1] INFO  com.rs.mv.mvvs.client.catalog.manager.U2CatalogManager - [client:400203]cache file auto update thread launch in validators account
2026-07-13 17:04:06.427 [pool-3-thread-1] INFO  com.rs.mv.mvvs.client.catalog.from.config.DirsConfigReader - [client:400206]parse dir config information
2026-07-13 17:04:06.428 [pool-3-thread-1] INFO  com.rs.mv.mvvs.client.catalog.from.config.MappingConfigReader - [client:400207]parse mapping config information
2026-07-13 17:04:06.428 [pool-3-thread-1] INFO  com.rs.mv.mvvs.client.catalog.manager.U2CatalogManager - [client:400202]start a schedule task to get global/local catalog for validators, its period 5s 
2026-07-13 17:04:06.428 [pool-3-thread-1] INFO  com.rs.mv.mvvs.client.catalog.manager.U2CatalogManager - [client:400203]cache file auto update thread launch in @bcoe account
2026-07-13 17:04:06.429 [pool-3-thread-1] INFO  com.rs.mv.mvvs.client.catalog.from.config.DirsConfigReader - [client:400206]parse dir config information
2026-07-13 17:04:06.429 [pool-3-thread-1] INFO  com.rs.mv.mvvs.client.catalog.from.config.MappingConfigReader - [client:400207]parse mapping config information
2026-07-13 17:04:06.429 [pool-3-thread-1] INFO  com.rs.mv.mvvs.client.catalog.manager.U2CatalogManager - [client:400202]start a schedule task to get global/local catalog for @bcoe, its period 5s 
2026-07-13 17:04:06.430 [pool-3-thread-1] INFO  com.rs.mv.mvvs.client.catalog.manager.U2CatalogManager - [client:400203]cache file auto update thread launch in v8-coverage account
2026-07-13 17:04:06.430 [pool-3-thread-1] INFO  com.rs.mv.mvvs.client.catalog.from.config.DirsConfigReader - [client:400206]parse dir config information
2026-07-13 17:04:06.430 [pool-3-thread-1] INFO  com.rs.mv.mvvs.client.catalog.from.config.MappingConfigReader - [client:400207]parse mapping config information
2026-07-13 17:04:06.430 [pool-3-thread-1] INFO  com.rs.mv.mvvs.client.catalog.manager.U2CatalogManager - [client:400202]start a schedule task to get global/local catalog for v8-coverage, its period 5s 
2026-07-13 17:04:06.431 [pool-3-thread-1] INFO  com.rs.mv.mvvs.client.catalog.manager.U2CatalogManager - [client:400203]cache file auto update thread launch in dist account
2026-07-13 17:04:06.431 [pool-3-thread-1] INFO  com.rs.mv.mvvs.client.catalog.from.config.DirsConfigReader - [client:400206]parse dir config information
2026-07-13 17:04:06.431 [pool-3-thread-1] INFO  com.rs.mv.mvvs.client.catalog.from.config.MappingConfigReader - [client:400207]parse mapping config information
2026-07-13 17:04:06.432 [pool-3-thread-1] INFO  com.rs.mv.mvvs.client.catalog.manager.U2CatalogManager - [client:400202]start a schedule task to get global/local catalog for dist, its period 5s 
2026-07-13 17:04:06.432 [pool-3-thread-1] INFO  com.rs.mv.mvvs.client.catalog.manager.U2CatalogManager - [client:400203]cache file auto update thread launch in lib account
2026-07-13 17:04:06.433 [pool-3-thread-1] INFO  com.rs.mv.mvvs.client.catalog.from.config.DirsConfigReader - [client:400206]parse dir config information
2026-07-13 17:04:06.433 [pool-3-thread-1] INFO  com.rs.mv.mvvs.client.catalog.from.config.MappingConfigReader - [client:400207]parse mapping config information
2026-07-13 17:04:06.433 [pool-3-thread-1] INFO  com.rs.mv.mvvs.client.catalog.manager.U2CatalogManager - [client:400202]start a schedule task to get global/local catalog for lib, its period 5s 
2026-07-13 17:04:06.434 [pool-3-thread-1] INFO  com.rs.mv.mvvs.client.catalog.manager.U2CatalogManager - [client:400203]cache file auto update thread launch in src account
2026-07-13 17:04:06.434 [pool-3-thread-1] INFO  com.rs.mv.mvvs.client.catalog.from.config.DirsConfigReader - [client:400206]parse dir config information
2026-07-13 17:04:06.435 [pool-3-thread-1] INFO  com.rs.mv.mvvs.client.catalog.from.config.MappingConfigReader - [client:400207]parse mapping config information
2026-07-13 17:04:06.435 [pool-3-thread-1] INFO  com.rs.mv.mvvs.client.catalog.manager.U2CatalogManager - [client:400202]start a schedule task to get global/local catalog for src, its period 5s 
2026-07-13 17:04:06.436 [pool-3-thread-1] INFO  com.rs.mv.mvvs.client.catalog.manager.U2CatalogManager - [client:400203]cache file auto update thread launch in @isaacs account
2026-07-13 17:04:06.436 [pool-3-thread-1] INFO  com.rs.mv.mvvs.client.catalog.from.config.DirsConfigReader - [client:400206]parse dir config information
2026-07-13 17:04:06.436 [pool-3-thread-1] INFO  com.rs.mv.mvvs.client.catalog.from.config.MappingConfigReader - [client:400207]parse mapping config information
2026-07-13 17:04:06.437 [pool-3-thread-1] INFO  com.rs.mv.mvvs.client.catalog.manager.U2CatalogManager - [client:400202]start a schedule task to get global/local catalog for @isaacs, its period 5s 
2026-07-13 17:04:06.438 [pool-3-thread-1] INFO  com.rs.mv.mvvs.client.catalog.manager.U2CatalogManager - [client:400203]cache file auto update thread launch in cliui account
2026-07-13 17:04:06.438 [pool-3-thread-1] INFO  com.rs.mv.mvvs.client.catalog.from.config.DirsConfigReader - [client:400206]parse dir config information
2026-07-13 17:04:06.439 [pool-3-thread-1] INFO  com.rs.mv.mvvs.client.catalog.from.config.MappingConfigReader - [client:400207]parse mapping config information
2026-07-13 17:04:06.439 [pool-3-thread-1] INFO  com.rs.mv.mvvs.client.catalog.manager.U2CatalogManager - [client:400202]start a schedule task to get global/local catalog for cliui, its period 5s 
2026-07-13 17:04:06.440 [pool-3-thread-1] INFO  com.rs.mv.mvvs.client.catalog.manager.U2CatalogManager - [client:400203]cache file auto update thread launch in dist account
2026-07-13 17:04:06.440 [pool-3-thread-1] INFO  com.rs.mv.mvvs.client.catalog.from.config.DirsConfigReader - [client:400206]parse dir config information
2026-07-13 17:04:06.440 [pool-3-thread-1] INFO  com.rs.mv.mvvs.client.catalog.from.config.MappingConfigReader - [client:400207]parse mapping config information
2026-07-13 17:04:06.441 [pool-3-thread-1] INFO  com.rs.mv.mvvs.client.catalog.manager.U2CatalogManager - [client:400202]start a schedule task to get global/local catalog for dist, its period 5s 
2026-07-13 17:04:06.441 [pool-3-thread-1] INFO  com.rs.mv.mvvs.client.catalog.manager.U2CatalogManager - [client:400203]cache file auto update thread launch in commonjs account
2026-07-13 17:04:06.442 [pool-3-thread-1] INFO  com.rs.mv.mvvs.client.catalog.from.config.DirsConfigReader - [client:400206]parse dir config information
2026-07-13 17:04:06.442 [pool-3-thread-1] INFO  com.rs.mv.mvvs.client.catalog.from.config.MappingConfigReader - [client:400207]parse mapping config information
2026-07-13 17:04:06.442 [pool-3-thread-1] INFO  com.rs.mv.mvvs.client.catalog.manager.U2CatalogManager - [client:400202]start a schedule task to get global/local catalog for commonjs, its period 5s 
2026-07-13 17:04:06.443 [pool-3-thread-1] INFO  com.rs.mv.mvvs.client.catalog.manager.U2CatalogManager - [client:400203]cache file auto update thread launch in esm account
2026-07-13 17:04:06.443 [pool-3-thread-1] INFO  com.rs.mv.mvvs.client.catalog.from.config.DirsConfigReader - [client:400206]parse dir config information
2026-07-13 17:04:06.443 [pool-3-thread-1] INFO  com.rs.mv.mvvs.client.catalog.from.config.MappingConfigReader - [client:400207]parse mapping config information
2026-07-13 17:04:06.444 [pool-3-thread-1] INFO  com.rs.mv.mvvs.client.catalog.manager.U2CatalogManager - [client:400202]start a schedule task to get global/local catalog for esm, its period 5s 
2026-07-13 17:04:06.444 [pool-3-thread-1] INFO  com.rs.mv.mvvs.client.catalog.manager.U2CatalogManager - [client:400203]cache file auto update thread launch in @istanbuljs account
2026-07-13 17:04:06.444 [pool-3-thread-1] INFO  com.rs.mv.mvvs.client.catalog.from.config.DirsConfigReader - [client:400206]parse dir config information
2026-07-13 17:04:06.445 [pool-3-thread-1] INFO  com.rs.mv.mvvs.client.catalog.from.config.MappingConfigReader - [client:400207]parse mapping config information
2026-07-13 17:04:06.445 [pool-3-thread-1] INFO  com.rs.mv.mvvs.client.catalog.manager.U2CatalogManager - [client:400202]start a schedule task to get global/local catalog for @istanbuljs, its period 5s 
2026-07-13 17:04:06.445 [pool-3-thread-1] INFO  com.rs.mv.mvvs.client.catalog.manager.U2CatalogManager - [client:400203]cache file auto update thread launch in load-nyc-config account
2026-07-13 17:04:06.445 [pool-3-thread-1] INFO  com.rs.mv.mvvs.client.catalog.from.config.DirsConfigReader - [client:400206]parse dir config information
2026-07-13 17:04:06.446 [pool-3-thread-1] INFO  com.rs.mv.mvvs.client.catalog.from.config.MappingConfigReader - [client:400207]parse mapping config information
2026-07-13 17:04:06.446 [pool-3-thread-1] INFO  com.rs.mv.mvvs.client.catalog.manager.U2CatalogManager - [client:400202]start a schedule task to get global/local catalog for load-nyc-config, its period 5s 
2026-07-13 17:04:06.446 [pool-3-thread-1] INFO  com.rs.mv.mvvs.client.catalog.manager.U2CatalogManager - [client:400203]cache file auto update thread launch in node_modules account
2026-07-13 17:04:06.447 [pool-3-thread-1] INFO  com.rs.mv.mvvs.client.catalog.from.config.DirsConfigReader - [client:400206]parse dir config information
2026-07-13 17:04:06.447 [pool-3-thread-1] INFO  com.rs.mv.mvvs.client.catalog.from.config.MappingConfigReader - [client:400207]parse mapping config information
2026-07-13 17:04:06.447 [pool-3-thread-1] INFO  com.rs.mv.mvvs.client.catalog.manager.U2CatalogManager - [client:400202]start a schedule task to get global/local catalog for node_modules, its period 5s 
2026-07-13 17:04:06.448 [pool-3-thread-1] INFO  com.rs.mv.mvvs.client.catalog.manager.U2CatalogManager - [client:400203]cache file auto update thread launch in argparse account
2026-07-13 17:04:06.448 [pool-3-thread-1] INFO  com.rs.mv.mvvs.client.catalog.from.config.DirsConfigReader - [client:400206]parse dir config information
2026-07-13 17:04:06.448 [pool-3-thread-1] INFO  com.rs.mv.mvvs.client.catalog.from.config.MappingConfigReader - [client:400207]parse mapping config information
2026-07-13 17:04:06.449 [pool-3-thread-1] INFO  com.rs.mv.mvvs.client.catalog.manager.U2CatalogManager - [client:400202]start a schedule task to get global/local catalog for argparse, its period 5s 
2026-07-13 17:04:06.449 [pool-3-thread-1] INFO  com.rs.mv.mvvs.client.catalog.manager.U2CatalogManager - [client:400203]cache file auto update thread launch in lib account
2026-07-13 17:04:06.449 [pool-3-thread-1] INFO  com.rs.mv.mvvs.client.catalog.from.config.DirsConfigReader - [client:400206]parse dir config information
2026-07-13 17:04:06.449 [pool-3-thread-1] INFO  com.rs.mv.mvvs.client.catalog.from.config.MappingConfigReader - [client:400207]parse mapping config information
2026-07-13 17:04:06.450 [pool-3-thread-1] INFO  com.rs.mv.mvvs.client.catalog.manager.U2CatalogManager - [client:400202]start a schedule task to get global/local catalog for lib, its period 5s 
2026-07-13 17:04:06.450 [pool-3-thread-1] INFO  com.rs.mv.mvvs.client.catalog.manager.U2CatalogManager - [client:400203]cache file auto update thread launch in action account
2026-07-13 17:04:06.450 [pool-3-thread-1] INFO  com.rs.mv.mvvs.client.catalog.from.config.DirsConfigReader - [client:400206]parse dir config information
2026-07-13 17:04:06.451 [pool-3-thread-1] INFO  com.rs.mv.mvvs.client.catalog.from.config.MappingConfigReader - [client:400207]parse mapping config information
2026-07-13 17:04:06.451 [pool-3-thread-1] INFO  com.rs.mv.mvvs.client.catalog.manager.U2CatalogManager - [client:400202]start a schedule task to get global/local catalog for action, its period 5s 
2026-07-13 17:04:06.451 [pool-3-thread-1] INFO  com.rs.mv.mvvs.client.catalog.manager.U2CatalogManager - [client:400203]cache file auto update thread launch in js-yaml account
2026-07-13 17:04:06.451 [pool-3-thread-1] INFO  com.rs.mv.mvvs.client.catalog.from.config.DirsConfigReader - [client:400206]parse dir config information
2026-07-13 17:04:06.452 [pool-3-thread-1] INFO  com.rs.mv.mvvs.client.catalog.from.config.MappingConfigReader - [client:400207]parse mapping config information
2026-07-13 17:04:06.452 [pool-3-thread-1] INFO  com.rs.mv.mvvs.client.catalog.manager.U2CatalogManager - [client:400202]start a schedule task to get global/local catalog for js-yaml, its period 5s 
2026-07-13 17:04:06.452 [pool-3-thread-1] INFO  com.rs.mv.mvvs.client.catalog.manager.U2CatalogManager - [client:400203]cache file auto update thread launch in lib account
2026-07-13 17:04:06.452 [pool-3-thread-1] INFO  com.rs.mv.mvvs.client.catalog.from.config.DirsConfigReader - [client:400206]parse dir config information
2026-07-13 17:04:06.453 [pool-3-thread-1] INFO  com.rs.mv.mvvs.client.catalog.from.config.MappingConfigReader - [client:400207]parse mapping config information
2026-07-13 17:04:06.453 [pool-3-thread-1] INFO  com.rs.mv.mvvs.client.catalog.manager.U2CatalogManager - [client:400202]start a schedule task to get global/local catalog for lib, its period 5s 
2026-07-13 17:04:06.453 [pool-3-thread-1] INFO  com.rs.mv.mvvs.client.catalog.manager.U2CatalogManager - [client:400203]cache file auto update thread launch in js-yaml account
2026-07-13 17:04:06.453 [pool-3-thread-1] INFO  com.rs.mv.mvvs.client.catalog.from.config.DirsConfigReader - [client:400206]parse dir config information
2026-07-13 17:04:06.454 [pool-3-thread-1] INFO  com.rs.mv.mvvs.client.catalog.from.config.MappingConfigReader - [client:400207]parse mapping config information
2026-07-13 17:04:06.454 [pool-3-thread-1] INFO  com.rs.mv.mvvs.client.catalog.manager.U2CatalogManager - [client:400202]start a schedule task to get global/local catalog for js-yaml, its period 5s 
2026-07-13 17:04:06.454 [pool-3-thread-1] INFO  com.rs.mv.mvvs.client.catalog.manager.U2CatalogManager - [client:400203]cache file auto update thread launch in type account
2026-07-13 17:04:06.454 [pool-3-thread-1] INFO  com.rs.mv.mvvs.client.catalog.from.config.DirsConfigReader - [client:400206]parse dir config information
2026-07-13 17:04:06.454 [pool-3-thread-1] INFO  com.rs.mv.mvvs.client.catalog.from.config.MappingConfigReader - [client:400207]parse mapping config information
2026-07-13 17:04:06.455 [pool-3-thread-1] INFO  com.rs.mv.mvvs.client.catalog.manager.U2CatalogManager - [client:400202]start a schedule task to get global/local catalog for type, its period 5s 
2026-07-13 17:04:06.455 [pool-3-thread-1] INFO  com.rs.mv.mvvs.client.catalog.manager.U2CatalogManager - [client:400203]cache file auto update thread launch in @jest account
2026-07-13 17:04:06.455 [pool-3-thread-1] INFO  com.rs.mv.mvvs.client.catalog.from.config.DirsConfigReader - [client:400206]parse dir config information
2026-07-13 17:04:06.456 [pool-3-thread-1] INFO  com.rs.mv.mvvs.client.catalog.from.config.MappingConfigReader - [client:400207]parse mapping config information
2026-07-13 17:04:06.456 [pool-3-thread-1] INFO  com.rs.mv.mvvs.client.catalog.manager.U2CatalogManager - [client:400202]start a schedule task to get global/local catalog for @jest, its period 5s 
2026-07-13 17:04:06.456 [pool-3-thread-1] INFO  com.rs.mv.mvvs.client.catalog.manager.U2CatalogManager - [client:400203]cache file auto update thread launch in console account
2026-07-13 17:04:06.457 [pool-3-thread-1] INFO  com.rs.mv.mvvs.client.catalog.from.config.DirsConfigReader - [client:400206]parse dir config information
2026-07-13 17:04:06.457 [pool-3-thread-1] INFO  com.rs.mv.mvvs.client.catalog.from.config.MappingConfigReader - [client:400207]parse mapping config information
2026-07-13 17:04:06.457 [pool-3-thread-1] INFO  com.rs.mv.mvvs.client.catalog.manager.U2CatalogManager - [client:400202]start a schedule task to get global/local catalog for console, its period 5s 
2026-07-13 17:04:06.458 [pool-3-thread-1] INFO  com.rs.mv.mvvs.client.catalog.manager.U2CatalogManager - [client:400203]cache file auto update thread launch in core account
2026-07-13 17:04:06.458 [pool-3-thread-1] INFO  com.rs.mv.mvvs.client.catalog.from.config.DirsConfigReader - [client:400206]parse dir config information
2026-07-13 17:04:06.458 [pool-3-thread-1] INFO  com.rs.mv.mvvs.client.catalog.from.config.MappingConfigReader - [client:400207]parse mapping config information
2026-07-13 17:04:06.458 [pool-3-thread-1] INFO  com.rs.mv.mvvs.client.catalog.manager.U2CatalogManager - [client:400202]start a schedule task to get global/local catalog for core, its period 5s 
2026-07-13 17:04:06.459 [pool-3-thread-1] INFO  com.rs.mv.mvvs.client.catalog.manager.U2CatalogManager - [client:400203]cache file auto update thread launch in diff-sequences account
2026-07-13 17:04:06.459 [pool-3-thread-1] INFO  com.rs.mv.mvvs.client.catalog.from.config.DirsConfigReader - [client:400206]parse dir config information
2026-07-13 17:04:06.459 [pool-3-thread-1] INFO  com.rs.mv.mvvs.client.catalog.from.config.MappingConfigReader - [client:400207]parse mapping config information
2026-07-13 17:04:06.459 [pool-3-thread-1] INFO  com.rs.mv.mvvs.client.catalog.manager.U2CatalogManager - [client:400202]start a schedule task to get global/local catalog for diff-sequences, its period 5s 
2026-07-13 17:04:06.460 [pool-3-thread-1] INFO  com.rs.mv.mvvs.client.catalog.manager.U2CatalogManager - [client:400203]cache file auto update thread launch in environment account
2026-07-13 17:04:06.460 [pool-3-thread-1] INFO  com.rs.mv.mvvs.client.catalog.from.config.DirsConfigReader - [client:400206]parse dir config information
2026-07-13 17:04:06.460 [pool-3-thread-1] INFO  com.rs.mv.mvvs.client.catalog.from.config.MappingConfigReader - [client:400207]parse mapping config information
2026-07-13 17:04:06.461 [pool-3-thread-1] INFO  com.rs.mv.mvvs.client.catalog.manager.U2CatalogManager - [client:400202]start a schedule task to get global/local catalog for environment, its period 5s 
2026-07-13 17:04:06.461 [pool-3-thread-1] INFO  com.rs.mv.mvvs.client.catalog.manager.U2CatalogManager - [client:400203]cache file auto update thread launch in expect account
2026-07-13 17:04:06.461 [pool-3-thread-1] INFO  com.rs.mv.mvvs.client.catalog.from.config.DirsConfigReader - [client:400206]parse dir config information
2026-07-13 17:04:06.462 [pool-3-thread-1] INFO  com.rs.mv.mvvs.client.catalog.from.config.MappingConfigReader - [client:400207]parse mapping config information
2026-07-13 17:04:06.462 [pool-3-thread-1] INFO  com.rs.mv.mvvs.client.catalog.manager.U2CatalogManager - [client:400202]start a schedule task to get global/local catalog for expect, its period 5s 
2026-07-13 17:04:06.462 [pool-3-thread-1] INFO  com.rs.mv.mvvs.client.catalog.manager.U2CatalogManager - [client:400203]cache file auto update thread launch in expect-utils account
2026-07-13 17:04:06.463 [pool-3-thread-1] INFO  com.rs.mv.mvvs.client.catalog.from.config.DirsConfigReader - [client:400206]parse dir config information
2026-07-13 17:04:06.463 [pool-3-thread-1] INFO  com.rs.mv.mvvs.client.catalog.from.config.MappingConfigReader - [client:400207]parse mapping config information
2026-07-13 17:04:06.463 [pool-3-thread-1] INFO  com.rs.mv.mvvs.client.catalog.manager.U2CatalogManager - [client:400202]start a schedule task to get global/local catalog for expect-utils, its period 5s 
2026-07-13 17:04:06.463 [pool-3-thread-1] INFO  com.rs.mv.mvvs.client.catalog.manager.U2CatalogManager - [client:400203]cache file auto update thread launch in fake-timers account
2026-07-13 17:04:06.464 [pool-3-thread-1] INFO  com.rs.mv.mvvs.client.catalog.from.config.DirsConfigReader - [client:400206]parse dir config information
2026-07-13 17:04:06.464 [pool-3-thread-1] INFO  com.rs.mv.mvvs.client.catalog.from.config.MappingConfigReader - [client:400207]parse mapping config information
2026-07-13 17:04:06.464 [pool-3-thread-1] INFO  com.rs.mv.mvvs.client.catalog.manager.U2CatalogManager - [client:400202]start a schedule task to get global/local catalog for fake-timers, its period 5s 
2026-07-13 17:04:06.464 [pool-3-thread-1] INFO  com.rs.mv.mvvs.client.catalog.manager.U2CatalogManager - [client:400203]cache file auto update thread launch in get-type account
2026-07-13 17:04:06.464 [pool-3-thread-1] INFO  com.rs.mv.mvvs.client.catalog.from.config.DirsConfigReader - [client:400206]parse dir config information
2026-07-13 17:04:06.465 [pool-3-thread-1] INFO  com.rs.mv.mvvs.client.catalog.from.config.MappingConfigReader - [client:400207]parse mapping config information
2026-07-13 17:04:06.465 [pool-3-thread-1] INFO  com.rs.mv.mvvs.client.catalog.manager.U2CatalogManager - [client:400202]start a schedule task to get global/local catalog for get-type, its period 5s 
2026-07-13 17:04:06.465 [pool-3-thread-1] INFO  com.rs.mv.mvvs.client.catalog.manager.U2CatalogManager - [client:400203]cache file auto update thread launch in globals account
2026-07-13 17:04:06.465 [pool-3-thread-1] INFO  com.rs.mv.mvvs.client.catalog.from.config.DirsConfigReader - [client:400206]parse dir config information
2026-07-13 17:04:06.466 [pool-3-thread-1] INFO  com.rs.mv.mvvs.client.catalog.from.config.MappingConfigReader - [client:400207]parse mapping config information
2026-07-13 17:04:06.466 [pool-3-thread-1] INFO  com.rs.mv.mvvs.client.catalog.manager.U2CatalogManager - [client:400202]start a schedule task to get global/local catalog for globals, its period 5s 
2026-07-13 17:04:06.466 [pool-3-thread-1] INFO  com.rs.mv.mvvs.client.catalog.manager.U2CatalogManager - [client:400203]cache file auto update thread launch in pattern account
2026-07-13 17:04:06.466 [pool-3-thread-1] INFO  com.rs.mv.mvvs.client.catalog.from.config.DirsConfigReader - [client:400206]parse dir config information
2026-07-13 17:04:06.467 [pool-3-thread-1] INFO  com.rs.mv.mvvs.client.catalog.from.config.MappingConfigReader - [client:400207]parse mapping config information
2026-07-13 17:04:06.467 [pool-3-thread-1] INFO  com.rs.mv.mvvs.client.catalog.manager.U2CatalogManager - [client:400202]start a schedule task to get global/local catalog for pattern, its period 5s 
2026-07-13 17:04:06.467 [pool-3-thread-1] INFO  com.rs.mv.mvvs.client.catalog.manager.U2CatalogManager - [client:400203]cache file auto update thread launch in src account
2026-07-13 17:04:06.468 [pool-3-thread-1] INFO  com.rs.mv.mvvs.client.catalog.from.config.DirsConfigReader - [client:400206]parse dir config information
2026-07-13 17:04:06.468 [pool-3-thread-1] INFO  com.rs.mv.mvvs.client.catalog.from.config.MappingConfigReader - [client:400207]parse mapping config information
2026-07-13 17:04:06.468 [pool-3-thread-1] INFO  com.rs.mv.mvvs.client.catalog.manager.U2CatalogManager - [client:400202]start a schedule task to get global/local catalog for src, its period 5s 
2026-07-13 17:04:06.468 [pool-3-thread-1] INFO  com.rs.mv.mvvs.client.catalog.manager.U2CatalogManager - [client:400203]cache file auto update thread launch in __tests__ account
2026-07-13 17:04:06.469 [pool-3-thread-1] INFO  com.rs.mv.mvvs.client.catalog.from.config.DirsConfigReader - [client:400206]parse dir config information
2026-07-13 17:04:06.469 [pool-3-thread-1] INFO  com.rs.mv.mvvs.client.catalog.from.config.MappingConfigReader - [client:400207]parse mapping config information
2026-07-13 17:04:06.469 [pool-3-thread-1] INFO  com.rs.mv.mvvs.client.catalog.manager.U2CatalogManager - [client:400202]start a schedule task to get global/local catalog for __tests__, its period 5s 
2026-07-13 17:04:06.470 [pool-3-thread-1] INFO  com.rs.mv.mvvs.client.catalog.manager.U2CatalogManager - [client:400203]cache file auto update thread launch in reporters account
2026-07-13 17:04:06.470 [pool-3-thread-1] INFO  com.rs.mv.mvvs.client.catalog.from.config.DirsConfigReader - [client:400206]parse dir config information
2026-07-13 17:04:06.470 [pool-3-thread-1] INFO  com.rs.mv.mvvs.client.catalog.from.config.MappingConfigReader - [client:400207]parse mapping config information
2026-07-13 17:04:06.471 [pool-3-thread-1] INFO  com.rs.mv.mvvs.client.catalog.manager.U2CatalogManager - [client:400202]start a schedule task to get global/local catalog for reporters, its period 5s 
2026-07-13 17:04:06.471 [pool-3-thread-1] INFO  com.rs.mv.mvvs.client.catalog.manager.U2CatalogManager - [client:400203]cache file auto update thread launch in node_modules account
2026-07-13 17:04:06.471 [pool-3-thread-1] INFO  com.rs.mv.mvvs.client.catalog.from.config.DirsConfigReader - [client:400206]parse dir config information
2026-07-13 17:04:06.472 [pool-3-thread-1] INFO  com.rs.mv.mvvs.client.catalog.from.config.MappingConfigReader - [client:400207]parse mapping config information
2026-07-13 17:04:06.472 [pool-3-thread-1] INFO  com.rs.mv.mvvs.client.catalog.manager.U2CatalogManager - [client:400202]start a schedule task to get global/local catalog for node_modules, its period 5s 
2026-07-13 17:04:06.472 [pool-3-thread-1] INFO  com.rs.mv.mvvs.client.catalog.manager.U2CatalogManager - [client:400203]cache file auto update thread launch in @isaacs account
2026-07-13 17:04:06.472 [pool-3-thread-1] INFO  com.rs.mv.mvvs.client.catalog.from.config.DirsConfigReader - [client:400206]parse dir config information
2026-07-13 17:04:06.473 [pool-3-thread-1] INFO  com.rs.mv.mvvs.client.catalog.from.config.MappingConfigReader - [client:400207]parse mapping config information
2026-07-13 17:04:06.473 [pool-3-thread-1] INFO  com.rs.mv.mvvs.client.catalog.manager.U2CatalogManager - [client:400202]start a schedule task to get global/local catalog for @isaacs, its period 5s 
2026-07-13 17:04:06.474 [pool-3-thread-1] INFO  com.rs.mv.mvvs.client.catalog.manager.U2CatalogManager - [client:400203]cache file auto update thread launch in cliui account
2026-07-13 17:04:06.474 [pool-3-thread-1] INFO  com.rs.mv.mvvs.client.catalog.from.config.DirsConfigReader - [client:400206]parse dir config information
2026-07-13 17:04:06.474 [pool-3-thread-1] INFO  com.rs.mv.mvvs.client.catalog.from.config.MappingConfigReader - [client:400207]parse mapping config information
2026-07-13 17:04:06.475 [pool-3-thread-1] INFO  com.rs.mv.mvvs.client.catalog.manager.U2CatalogManager - [client:400202]start a schedule task to get global/local catalog for cliui, its period 5s 
2026-07-13 17:04:06.475 [pool-3-thread-1] INFO  com.rs.mv.mvvs.client.catalog.manager.U2CatalogManager - [client:400203]cache file auto update thread launch in build account
2026-07-13 17:04:06.476 [pool-3-thread-1] INFO  com.rs.mv.mvvs.client.catalog.from.config.DirsConfigReader - [client:400206]parse dir config information
2026-07-13 17:04:06.476 [pool-3-thread-1] INFO  com.rs.mv.mvvs.client.catalog.from.config.MappingConfigReader - [client:400207]parse mapping config information
2026-07-13 17:04:06.476 [pool-3-thread-1] INFO  com.rs.mv.mvvs.client.catalog.manager.U2CatalogManager - [client:400202]start a schedule task to get global/local catalog for build, its period 5s 
2026-07-13 17:04:06.477 [pool-3-thread-1] INFO  com.rs.mv.mvvs.client.catalog.manager.U2CatalogManager - [client:400203]cache file auto update thread launch in balanced-match account
2026-07-13 17:04:06.477 [pool-3-thread-1] INFO  com.rs.mv.mvvs.client.catalog.from.config.DirsConfigReader - [client:400206]parse dir config information
2026-07-13 17:04:06.477 [pool-3-thread-1] INFO  com.rs.mv.mvvs.client.catalog.from.config.MappingConfigReader - [client:400207]parse mapping config information
2026-07-13 17:04:06.477 [pool-3-thread-1] INFO  com.rs.mv.mvvs.client.catalog.manager.U2CatalogManager - [client:400202]start a schedule task to get global/local catalog for balanced-match, its period 5s 
2026-07-13 17:04:06.478 [pool-3-thread-1] INFO  com.rs.mv.mvvs.client.catalog.manager.U2CatalogManager - [client:400203]cache file auto update thread launch in brace-expansion account
2026-07-13 17:04:06.478 [pool-3-thread-1] INFO  com.rs.mv.mvvs.client.catalog.from.config.DirsConfigReader - [client:400206]parse dir config information
2026-07-13 17:04:06.478 [pool-3-thread-1] INFO  com.rs.mv.mvvs.client.catalog.from.config.MappingConfigReader - [client:400207]parse mapping config information
2026-07-13 17:04:06.479 [pool-3-thread-1] INFO  com.rs.mv.mvvs.client.catalog.manager.U2CatalogManager - [client:400202]start a schedule task to get global/local catalog for brace-expansion, its period 5s 
2026-07-13 17:04:06.480 [pool-3-thread-1] INFO  com.rs.mv.mvvs.client.catalog.manager.U2CatalogManager - [client:400203]cache file auto update thread launch in .tap account
2026-07-13 17:04:06.480 [pool-3-thread-1] INFO  com.rs.mv.mvvs.client.catalog.from.config.DirsConfigReader - [client:400206]parse dir config information
2026-07-13 17:04:06.480 [pool-3-thread-1] INFO  com.rs.mv.mvvs.client.catalog.from.config.MappingConfigReader - [client:400207]parse mapping config information
2026-07-13 17:04:06.480 [pool-3-thread-1] INFO  com.rs.mv.mvvs.client.catalog.manager.U2CatalogManager - [client:400202]start a schedule task to get global/local catalog for .tap, its period 5s 
2026-07-13 17:04:06.480 [pool-3-thread-1] INFO  com.rs.mv.mvvs.client.catalog.manager.U2CatalogManager - [client:400203]cache file auto update thread launch in dist account
2026-07-13 17:04:06.481 [pool-3-thread-1] INFO  com.rs.mv.mvvs.client.catalog.from.config.DirsConfigReader - [client:400206]parse dir config information
2026-07-13 17:04:06.481 [pool-3-thread-1] INFO  com.rs.mv.mvvs.client.catalog.from.config.MappingConfigReader - [client:400207]parse mapping config information
2026-07-13 17:04:06.481 [pool-3-thread-1] INFO  com.rs.mv.mvvs.client.catalog.manager.U2CatalogManager - [client:400202]start a schedule task to get global/local catalog for dist, its period 5s 
2026-07-13 17:04:06.482 [pool-3-thread-1] INFO  com.rs.mv.mvvs.client.catalog.manager.U2CatalogManager - [client:400203]cache file auto update thread launch in emoji-regex account
2026-07-13 17:04:06.482 [pool-3-thread-1] INFO  com.rs.mv.mvvs.client.catalog.from.config.DirsConfigReader - [client:400206]parse dir config information
2026-07-13 17:04:06.482 [pool-3-thread-1] INFO  com.rs.mv.mvvs.client.catalog.from.config.MappingConfigReader - [client:400207]parse mapping config information
2026-07-13 17:04:06.482 [pool-3-thread-1] INFO  com.rs.mv.mvvs.client.catalog.manager.U2CatalogManager - [client:400202]start a schedule task to get global/local catalog for emoji-regex, its period 5s 
2026-07-13 17:04:06.483 [pool-3-thread-1] INFO  com.rs.mv.mvvs.client.catalog.manager.U2CatalogManager - [client:400203]cache file auto update thread launch in glob account
2026-07-13 17:04:06.483 [pool-3-thread-1] INFO  com.rs.mv.mvvs.client.catalog.from.config.DirsConfigReader - [client:400206]parse dir config information
2026-07-13 17:04:06.484 [pool-3-thread-1] INFO  com.rs.mv.mvvs.client.catalog.from.config.MappingConfigReader - [client:400207]parse mapping config information
2026-07-13 17:04:06.484 [pool-3-thread-1] INFO  com.rs.mv.mvvs.client.catalog.manager.U2CatalogManager - [client:400202]start a schedule task to get global/local catalog for glob, its period 5s 
2026-07-13 17:04:06.485 [pool-3-thread-1] INFO  com.rs.mv.mvvs.client.catalog.manager.U2CatalogManager - [client:400203]cache file auto update thread launch in dist account
2026-07-13 17:04:06.485 [pool-3-thread-1] INFO  com.rs.mv.mvvs.client.catalog.from.config.DirsConfigReader - [client:400206]parse dir config information
2026-07-13 17:04:06.485 [pool-3-thread-1] INFO  com.rs.mv.mvvs.client.catalog.from.config.MappingConfigReader - [client:400207]parse mapping config information
2026-07-13 17:04:06.486 [pool-3-thread-1] INFO  com.rs.mv.mvvs.client.catalog.manager.U2CatalogManager - [client:400202]start a schedule task to get global/local catalog for dist, its period 5s 
2026-07-13 17:04:06.486 [pool-3-thread-1] INFO  com.rs.mv.mvvs.client.catalog.manager.U2CatalogManager - [client:400203]cache file auto update thread launch in jackspeak account
2026-07-13 17:04:06.486 [pool-3-thread-1] INFO  com.rs.mv.mvvs.client.catalog.from.config.DirsConfigReader - [client:400206]parse dir config information
2026-07-13 17:04:06.487 [pool-3-thread-1] INFO  com.rs.mv.mvvs.client.catalog.from.config.MappingConfigReader - [client:400207]parse mapping config information
2026-07-13 17:04:06.487 [pool-3-thread-1] INFO  com.rs.mv.mvvs.client.catalog.manager.U2CatalogManager - [client:400202]start a schedule task to get global/local catalog for jackspeak, its period 5s 
2026-07-13 17:04:06.487 [pool-3-thread-1] INFO  com.rs.mv.mvvs.client.catalog.manager.U2CatalogManager - [client:400203]cache file auto update thread launch in dist account
2026-07-13 17:04:06.488 [pool-3-thread-1] INFO  com.rs.mv.mvvs.client.catalog.from.config.DirsConfigReader - [client:400206]parse dir config information
2026-07-13 17:04:06.488 [pool-3-thread-1] INFO  com.rs.mv.mvvs.client.catalog.from.config.MappingConfigReader - [client:400207]parse mapping config information
2026-07-13 17:04:06.488 [pool-3-thread-1] INFO  com.rs.mv.mvvs.client.catalog.manager.U2CatalogManager - [client:400202]start a schedule task to get global/local catalog for dist, its period 5s 
2026-07-13 17:04:06.489 [pool-3-thread-1] INFO  com.rs.mv.mvvs.client.catalog.manager.U2CatalogManager - [client:400203]cache file auto update thread launch in lru-cache account
2026-07-13 17:04:06.489 [pool-3-thread-1] INFO  com.rs.mv.mvvs.client.catalog.from.config.DirsConfigReader - [client:400206]parse dir config information
2026-07-13 17:04:06.490 [pool-3-thread-1] INFO  com.rs.mv.mvvs.client.catalog.from.config.MappingConfigReader - [client:400207]parse mapping config information
2026-07-13 17:04:06.490 [pool-3-thread-1] INFO  com.rs.mv.mvvs.client.catalog.manager.U2CatalogManager - [client:400202]start a schedule task to get global/local catalog for lru-cache, its period 5s 
2026-07-13 17:04:06.491 [pool-3-thread-1] INFO  com.rs.mv.mvvs.client.catalog.manager.U2CatalogManager - [client:400203]cache file auto update thread launch in dist account
2026-07-13 17:04:06.491 [pool-3-thread-1] INFO  com.rs.mv.mvvs.client.catalog.from.config.DirsConfigReader - [client:400206]parse dir config information
2026-07-13 17:04:06.491 [pool-3-thread-1] INFO  com.rs.mv.mvvs.client.catalog.from.config.MappingConfigReader - [client:400207]parse mapping config information
2026-07-13 17:04:06.492 [pool-3-thread-1] INFO  com.rs.mv.mvvs.client.catalog.manager.U2CatalogManager - [client:400202]start a schedule task to get global/local catalog for dist, its period 5s 
2026-07-13 17:04:06.492 [pool-3-thread-1] INFO  com.rs.mv.mvvs.client.catalog.manager.U2CatalogManager - [client:400203]cache file auto update thread launch in minimatch account
2026-07-13 17:04:06.492 [pool-3-thread-1] INFO  com.rs.mv.mvvs.client.catalog.from.config.DirsConfigReader - [client:400206]parse dir config information
2026-07-13 17:04:06.493 [pool-3-thread-1] INFO  com.rs.mv.mvvs.client.catalog.from.config.MappingConfigReader - [client:400207]parse mapping config information
2026-07-13 17:04:06.493 [pool-3-thread-1] INFO  com.rs.mv.mvvs.client.catalog.manager.U2CatalogManager - [client:400202]start a schedule task to get global/local catalog for minimatch, its period 5s 
2026-07-13 17:04:06.493 [pool-3-thread-1] INFO  com.rs.mv.mvvs.client.catalog.manager.U2CatalogManager - [client:400203]cache file auto update thread launch in dist account
2026-07-13 17:04:06.494 [pool-3-thread-1] INFO  com.rs.mv.mvvs.client.catalog.from.config.DirsConfigReader - [client:400206]parse dir config information
2026-07-13 17:04:06.494 [pool-3-thread-1] INFO  com.rs.mv.mvvs.client.catalog.from.config.MappingConfigReader - [client:400207]parse mapping config information
2026-07-13 17:04:06.494 [pool-3-thread-1] INFO  com.rs.mv.mvvs.client.catalog.manager.U2CatalogManager - [client:400202]start a schedule task to get global/local catalog for dist, its period 5s 
2026-07-13 17:04:06.495 [pool-3-thread-1] INFO  com.rs.mv.mvvs.client.catalog.manager.U2CatalogManager - [client:400203]cache file auto update thread launch in path-scurry account
2026-07-13 17:04:06.495 [pool-3-thread-1] INFO  com.rs.mv.mvvs.client.catalog.from.config.DirsConfigReader - [client:400206]parse dir config information
2026-07-13 17:04:06.495 [pool-3-thread-1] INFO  com.rs.mv.mvvs.client.catalog.from.config.MappingConfigReader - [client:400207]parse mapping config information
2026-07-13 17:04:06.496 [pool-3-thread-1] INFO  com.rs.mv.mvvs.client.catalog.manager.U2CatalogManager - [client:400202]start a schedule task to get global/local catalog for path-scurry, its period 5s 
2026-07-13 17:04:06.496 [pool-3-thread-1] INFO  com.rs.mv.mvvs.client.catalog.manager.U2CatalogManager - [client:400203]cache file auto update thread launch in dist account
2026-07-13 17:04:06.497 [pool-3-thread-1] INFO  com.rs.mv.mvvs.client.catalog.from.config.DirsConfigReader - [client:400206]parse dir config information
2026-07-13 17:04:06.497 [pool-3-thread-1] INFO  com.rs.mv.mvvs.client.catalog.from.config.MappingConfigReader - [client:400207]parse mapping config information
2026-07-13 17:04:06.497 [pool-3-thread-1] INFO  com.rs.mv.mvvs.client.catalog.manager.U2CatalogManager - [client:400202]start a schedule task to get global/local catalog for dist, its period 5s 
2026-07-13 17:04:06.497 [pool-3-thread-1] INFO  com.rs.mv.mvvs.client.catalog.manager.U2CatalogManager - [client:400203]cache file auto update thread launch in schemas account
2026-07-13 17:04:06.498 [pool-3-thread-1] INFO  com.rs.mv.mvvs.client.catalog.from.config.DirsConfigReader - [client:400206]parse dir config information
2026-07-13 17:04:06.498 [pool-3-thread-1] INFO  com.rs.mv.mvvs.client.catalog.from.config.MappingConfigReader - [client:400207]parse mapping config information
2026-07-13 17:04:06.500 [pool-3-thread-1] INFO  com.rs.mv.mvvs.client.catalog.manager.U2CatalogManager - [client:400202]start a schedule task to get global/local catalog for schemas, its period 5s 
2026-07-13 17:04:06.501 [pool-3-thread-1] INFO  com.rs.mv.mvvs.client.catalog.manager.U2CatalogManager - [client:400203]cache file auto update thread launch in snapshot-utils account
2026-07-13 17:04:06.501 [pool-3-thread-1] INFO  com.rs.mv.mvvs.client.catalog.from.config.DirsConfigReader - [client:400206]parse dir config information
2026-07-13 17:04:06.501 [pool-3-thread-1] INFO  com.rs.mv.mvvs.client.catalog.from.config.MappingConfigReader - [client:400207]parse mapping config information
2026-07-13 17:04:06.502 [pool-3-thread-1] INFO  com.rs.mv.mvvs.client.catalog.manager.U2CatalogManager - [client:400202]start a schedule task to get global/local catalog for snapshot-utils, its period 5s 
2026-07-13 17:04:06.503 [pool-3-thread-1] INFO  com.rs.mv.mvvs.client.catalog.manager.U2CatalogManager - [client:400203]cache file auto update thread launch in src account
2026-07-13 17:04:06.503 [pool-3-thread-1] INFO  com.rs.mv.mvvs.client.catalog.from.config.DirsConfigReader - [client:400206]parse dir config information
2026-07-13 17:04:06.503 [pool-3-thread-1] INFO  com.rs.mv.mvvs.client.catalog.from.config.MappingConfigReader - [client:400207]parse mapping config information
2026-07-13 17:04:06.503 [pool-3-thread-1] INFO  com.rs.mv.mvvs.client.catalog.manager.U2CatalogManager - [client:400202]start a schedule task to get global/local catalog for src, its period 5s 
2026-07-13 17:04:06.504 [pool-3-thread-1] INFO  com.rs.mv.mvvs.client.catalog.manager.U2CatalogManager - [client:400203]cache file auto update thread launch in source-map account
2026-07-13 17:04:06.504 [pool-3-thread-1] INFO  com.rs.mv.mvvs.client.catalog.from.config.DirsConfigReader - [client:400206]parse dir config information
2026-07-13 17:04:06.504 [pool-3-thread-1] INFO  com.rs.mv.mvvs.client.catalog.from.config.MappingConfigReader - [client:400207]parse mapping config information
2026-07-13 17:04:06.504 [pool-3-thread-1] INFO  com.rs.mv.mvvs.client.catalog.manager.U2CatalogManager - [client:400202]start a schedule task to get global/local catalog for source-map, its period 5s 
2026-07-13 17:04:06.506 [pool-3-thread-1] INFO  com.rs.mv.mvvs.client.catalog.manager.U2CatalogManager - [client:400203]cache file auto update thread launch in test-result account
2026-07-13 17:04:06.506 [pool-3-thread-1] INFO  com.rs.mv.mvvs.client.catalog.from.config.DirsConfigReader - [client:400206]parse dir config information
2026-07-13 17:04:06.506 [pool-3-thread-1] INFO  com.rs.mv.mvvs.client.catalog.from.config.MappingConfigReader - [client:400207]parse mapping config information
2026-07-13 17:04:06.506 [pool-3-thread-1] INFO  com.rs.mv.mvvs.client.catalog.manager.U2CatalogManager - [client:400202]start a schedule task to get global/local catalog for test-result, its period 5s 
2026-07-13 17:04:06.506 [pool-3-thread-1] INFO  com.rs.mv.mvvs.client.catalog.manager.U2CatalogManager - [client:400203]cache file auto update thread launch in test-sequencer account
2026-07-13 17:04:06.506 [pool-3-thread-1] INFO  com.rs.mv.mvvs.client.catalog.from.config.DirsConfigReader - [client:400206]parse dir config information
2026-07-13 17:04:06.506 [pool-3-thread-1] INFO  com.rs.mv.mvvs.client.catalog.from.config.MappingConfigReader - [client:400207]parse mapping config information
2026-07-13 17:04:06.506 [pool-3-thread-1] INFO  com.rs.mv.mvvs.client.catalog.manager.U2CatalogManager - [client:400202]start a schedule task to get global/local catalog for test-sequencer, its period 5s 
2026-07-13 17:04:06.507 [pool-3-thread-1] INFO  com.rs.mv.mvvs.client.catalog.manager.U2CatalogManager - [client:400203]cache file auto update thread launch in transform account
2026-07-13 17:04:06.507 [pool-3-thread-1] INFO  com.rs.mv.mvvs.client.catalog.from.config.DirsConfigReader - [client:400206]parse dir config information
2026-07-13 17:04:06.507 [pool-3-thread-1] INFO  com.rs.mv.mvvs.client.catalog.from.config.MappingConfigReader - [client:400207]parse mapping config information
2026-07-13 17:04:06.507 [pool-3-thread-1] INFO  com.rs.mv.mvvs.client.catalog.manager.U2CatalogManager - [client:400202]start a schedule task to get global/local catalog for transform, its period 5s 
2026-07-13 17:04:06.507 [pool-3-thread-1] INFO  com.rs.mv.mvvs.client.catalog.manager.U2CatalogManager - [client:400203]cache file auto update thread launch in types account
2026-07-13 17:04:06.507 [pool-3-thread-1] INFO  com.rs.mv.mvvs.client.catalog.from.config.DirsConfigReader - [client:400206]parse dir config information
2026-07-13 17:04:06.507 [pool-3-thread-1] INFO  com.rs.mv.mvvs.client.catalog.from.config.MappingConfigReader - [client:400207]parse mapping config information
2026-07-13 17:04:06.507 [pool-3-thread-1] INFO  com.rs.mv.mvvs.client.catalog.manager.U2CatalogManager - [client:400202]start a schedule task to get global/local catalog for types, its period 5s 
2026-07-13 17:04:06.507 [pool-3-thread-1] INFO  com.rs.mv.mvvs.client.catalog.manager.U2CatalogManager - [client:400203]cache file auto update thread launch in @jridgewell account
2026-07-13 17:04:06.509 [pool-3-thread-1] INFO  com.rs.mv.mvvs.client.catalog.from.config.DirsConfigReader - [client:400206]parse dir config information
2026-07-13 17:04:06.509 [pool-3-thread-1] INFO  com.rs.mv.mvvs.client.catalog.from.config.MappingConfigReader - [client:400207]parse mapping config information
2026-07-13 17:04:06.509 [pool-3-thread-1] INFO  com.rs.mv.mvvs.client.catalog.manager.U2CatalogManager - [client:400202]start a schedule task to get global/local catalog for @jridgewell, its period 5s 
2026-07-13 17:04:06.509 [pool-3-thread-1] INFO  com.rs.mv.mvvs.client.catalog.manager.U2CatalogManager - [client:400203]cache file auto update thread launch in gen-mapping account
2026-07-13 17:04:06.509 [pool-3-thread-1] INFO  com.rs.mv.mvvs.client.catalog.from.config.DirsConfigReader - [client:400206]parse dir config information
2026-07-13 17:04:06.509 [pool-3-thread-1] INFO  com.rs.mv.mvvs.client.catalog.from.config.MappingConfigReader - [client:400207]parse mapping config information
2026-07-13 17:04:06.509 [pool-3-thread-1] INFO  com.rs.mv.mvvs.client.catalog.manager.U2CatalogManager - [client:400202]start a schedule task to get global/local catalog for gen-mapping, its period 5s 
2026-07-13 17:04:06.509 [pool-3-thread-1] INFO  com.rs.mv.mvvs.client.catalog.manager.U2CatalogManager - [client:400203]cache file auto update thread launch in dist account
2026-07-13 17:04:06.509 [pool-3-thread-1] INFO  com.rs.mv.mvvs.client.catalog.from.config.DirsConfigReader - [client:400206]parse dir config information
2026-07-13 17:04:06.510 [pool-3-thread-1] INFO  com.rs.mv.mvvs.client.catalog.from.config.MappingConfigReader - [client:400207]parse mapping config information
2026-07-13 17:04:06.510 [pool-3-thread-1] INFO  com.rs.mv.mvvs.client.catalog.manager.U2CatalogManager - [client:400202]start a schedule task to get global/local catalog for dist, its period 5s 
2026-07-13 17:04:06.510 [pool-3-thread-1] INFO  com.rs.mv.mvvs.client.catalog.manager.U2CatalogManager - [client:400203]cache file auto update thread launch in remapping account
2026-07-13 17:04:06.510 [pool-3-thread-1] INFO  com.rs.mv.mvvs.client.catalog.from.config.DirsConfigReader - [client:400206]parse dir config information
2026-07-13 17:04:06.510 [pool-3-thread-1] INFO  com.rs.mv.mvvs.client.catalog.from.config.MappingConfigReader - [client:400207]parse mapping config information
2026-07-13 17:04:06.510 [pool-3-thread-1] INFO  com.rs.mv.mvvs.client.catalog.manager.U2CatalogManager - [client:400202]start a schedule task to get global/local catalog for remapping, its period 5s 
2026-07-13 17:04:06.510 [pool-3-thread-1] INFO  com.rs.mv.mvvs.client.catalog.manager.U2CatalogManager - [client:400203]cache file auto update thread launch in resolve-uri account
2026-07-13 17:04:06.510 [pool-3-thread-1] INFO  com.rs.mv.mvvs.client.catalog.from.config.DirsConfigReader - [client:400206]parse dir config information
2026-07-13 17:04:06.510 [pool-3-thread-1] INFO  com.rs.mv.mvvs.client.catalog.from.config.MappingConfigReader - [client:400207]parse mapping config information
2026-07-13 17:04:06.510 [pool-3-thread-1] INFO  com.rs.mv.mvvs.client.catalog.manager.U2CatalogManager - [client:400202]start a schedule task to get global/local catalog for resolve-uri, its period 5s 
2026-07-13 17:04:06.512 [pool-3-thread-1] INFO  com.rs.mv.mvvs.client.catalog.manager.U2CatalogManager - [client:400203]cache file auto update thread launch in dist account
2026-07-13 17:04:06.512 [pool-3-thread-1] INFO  com.rs.mv.mvvs.client.catalog.from.config.DirsConfigReader - [client:400206]parse dir config information
2026-07-13 17:04:06.512 [pool-3-thread-1] INFO  com.rs.mv.mvvs.client.catalog.from.config.MappingConfigReader - [client:400207]parse mapping config information
2026-07-13 17:04:06.512 [pool-3-thread-1] INFO  com.rs.mv.mvvs.client.catalog.manager.U2CatalogManager - [client:400202]start a schedule task to get global/local catalog for dist, its period 5s 
2026-07-13 17:04:06.512 [pool-3-thread-1] INFO  com.rs.mv.mvvs.client.catalog.manager.U2CatalogManager - [client:400203]cache file auto update thread launch in sourcemap-codec account
2026-07-13 17:04:06.512 [pool-3-thread-1] INFO  com.rs.mv.mvvs.client.catalog.from.config.DirsConfigReader - [client:400206]parse dir config information
2026-07-13 17:04:06.512 [pool-3-thread-1] INFO  com.rs.mv.mvvs.client.catalog.from.config.MappingConfigReader - [client:400207]parse mapping config information
2026-07-13 17:04:06.512 [pool-3-thread-1] INFO  com.rs.mv.mvvs.client.catalog.manager.U2CatalogManager - [client:400202]start a schedule task to get global/local catalog for sourcemap-codec, its period 5s 
2026-07-13 17:04:06.514 [pool-3-thread-1] INFO  com.rs.mv.mvvs.client.catalog.manager.U2CatalogManager - [client:400203]cache file auto update thread launch in trace-mapping account
2026-07-13 17:04:06.514 [pool-3-thread-1] INFO  com.rs.mv.mvvs.client.catalog.from.config.DirsConfigReader - [client:400206]parse dir config information
2026-07-13 17:04:06.514 [pool-3-thread-1] INFO  com.rs.mv.mvvs.client.catalog.from.config.MappingConfigReader - [client:400207]parse mapping config information
2026-07-13 17:04:06.514 [pool-3-thread-1] INFO  com.rs.mv.mvvs.client.catalog.manager.U2CatalogManager - [client:400202]start a schedule task to get global/local catalog for trace-mapping, its period 5s 
2026-07-13 17:04:06.514 [pool-3-thread-1] INFO  com.rs.mv.mvvs.client.catalog.manager.U2CatalogManager - [client:400203]cache file auto update thread launch in @noble account
2026-07-13 17:04:06.514 [pool-3-thread-1] INFO  com.rs.mv.mvvs.client.catalog.from.config.DirsConfigReader - [client:400206]parse dir config information
2026-07-13 17:04:06.515 [pool-3-thread-1] INFO  com.rs.mv.mvvs.client.catalog.from.config.MappingConfigReader - [client:400207]parse mapping config information
2026-07-13 17:04:06.515 [pool-3-thread-1] INFO  com.rs.mv.mvvs.client.catalog.manager.U2CatalogManager - [client:400202]start a schedule task to get global/local catalog for @noble, its period 5s 
2026-07-13 17:04:06.515 [pool-3-thread-1] INFO  com.rs.mv.mvvs.client.catalog.manager.U2CatalogManager - [client:400203]cache file auto update thread launch in hashes account
2026-07-13 17:04:06.515 [pool-3-thread-1] INFO  com.rs.mv.mvvs.client.catalog.from.config.DirsConfigReader - [client:400206]parse dir config information
2026-07-13 17:04:06.517 [pool-3-thread-1] INFO  com.rs.mv.mvvs.client.catalog.from.config.MappingConfigReader - [client:400207]parse mapping config information
2026-07-13 17:04:06.517 [pool-3-thread-1] INFO  com.rs.mv.mvvs.client.catalog.manager.U2CatalogManager - [client:400202]start a schedule task to get global/local catalog for hashes, its period 5s 
2026-07-13 17:04:06.517 [pool-3-thread-1] INFO  com.rs.mv.mvvs.client.catalog.manager.U2CatalogManager - [client:400203]cache file auto update thread launch in @paralleldrive account
2026-07-13 17:04:06.517 [pool-3-thread-1] INFO  com.rs.mv.mvvs.client.catalog.from.config.DirsConfigReader - [client:400206]parse dir config information
2026-07-13 17:04:06.517 [pool-3-thread-1] INFO  com.rs.mv.mvvs.client.catalog.from.config.MappingConfigReader - [client:400207]parse mapping config information
2026-07-13 17:04:06.517 [pool-3-thread-1] INFO  com.rs.mv.mvvs.client.catalog.manager.U2CatalogManager - [client:400202]start a schedule task to get global/local catalog for @paralleldrive, its period 5s 
2026-07-13 17:04:06.518 [pool-3-thread-1] INFO  com.rs.mv.mvvs.client.catalog.manager.U2CatalogManager - [client:400203]cache file auto update thread launch in cuid2 account
2026-07-13 17:04:06.518 [pool-3-thread-1] INFO  com.rs.mv.mvvs.client.catalog.from.config.DirsConfigReader - [client:400206]parse dir config information
2026-07-13 17:04:06.518 [pool-3-thread-1] INFO  com.rs.mv.mvvs.client.catalog.from.config.MappingConfigReader - [client:400207]parse mapping config information
2026-07-13 17:04:06.518 [pool-3-thread-1] INFO  com.rs.mv.mvvs.client.catalog.manager.U2CatalogManager - [client:400202]start a schedule task to get global/local catalog for cuid2, its period 5s 
2026-07-13 17:04:06.520 [pool-3-thread-1] INFO  com.rs.mv.mvvs.client.catalog.manager.U2CatalogManager - [client:400203]cache file auto update thread launch in @pkgjs account
2026-07-13 17:04:06.520 [pool-3-thread-1] INFO  com.rs.mv.mvvs.client.catalog.from.config.DirsConfigReader - [client:400206]parse dir config information
2026-07-13 17:04:06.521 [pool-3-thread-1] INFO  com.rs.mv.mvvs.client.catalog.from.config.MappingConfigReader - [client:400207]parse mapping config information
2026-07-13 17:04:06.521 [pool-3-thread-1] INFO  com.rs.mv.mvvs.client.catalog.manager.U2CatalogManager - [client:400202]start a schedule task to get global/local catalog for @pkgjs, its period 5s 
2026-07-13 17:04:06.521 [pool-3-thread-1] INFO  com.rs.mv.mvvs.client.catalog.manager.U2CatalogManager - [client:400203]cache file auto update thread launch in parseargs account
2026-07-13 17:04:06.521 [pool-3-thread-1] INFO  com.rs.mv.mvvs.client.catalog.from.config.DirsConfigReader - [client:400206]parse dir config information
2026-07-13 17:04:06.521 [pool-3-thread-1] INFO  com.rs.mv.mvvs.client.catalog.from.config.MappingConfigReader - [client:400207]parse mapping config information
2026-07-13 17:04:06.523 [pool-3-thread-1] INFO  com.rs.mv.mvvs.client.catalog.manager.U2CatalogManager - [client:400202]start a schedule task to get global/local catalog for parseargs, its period 5s 
2026-07-13 17:04:06.523 [pool-3-thread-1] INFO  com.rs.mv.mvvs.client.catalog.manager.U2CatalogManager - [client:400203]cache file auto update thread launch in @pkgr account
2026-07-13 17:04:06.523 [pool-3-thread-1] INFO  com.rs.mv.mvvs.client.catalog.from.config.DirsConfigReader - [client:400206]parse dir config information
2026-07-13 17:04:06.523 [pool-3-thread-1] INFO  com.rs.mv.mvvs.client.catalog.from.config.MappingConfigReader - [client:400207]parse mapping config information
2026-07-13 17:04:06.523 [pool-3-thread-1] INFO  com.rs.mv.mvvs.client.catalog.manager.U2CatalogManager - [client:400202]start a schedule task to get global/local catalog for @pkgr, its period 5s 
2026-07-13 17:04:06.524 [pool-3-thread-1] INFO  com.rs.mv.mvvs.client.catalog.manager.U2CatalogManager - [client:400203]cache file auto update thread launch in core account
2026-07-13 17:04:06.524 [pool-3-thread-1] INFO  com.rs.mv.mvvs.client.catalog.from.config.DirsConfigReader - [client:400206]parse dir config information
2026-07-13 17:04:06.524 [pool-3-thread-1] INFO  com.rs.mv.mvvs.client.catalog.from.config.MappingConfigReader - [client:400207]parse mapping config information
2026-07-13 17:04:06.524 [pool-3-thread-1] INFO  com.rs.mv.mvvs.client.catalog.manager.U2CatalogManager - [client:400202]start a schedule task to get global/local catalog for core, its period 5s 
2026-07-13 17:04:06.524 [pool-3-thread-1] INFO  com.rs.mv.mvvs.client.catalog.manager.U2CatalogManager - [client:400203]cache file auto update thread launch in @scarf account
2026-07-13 17:04:06.524 [pool-3-thread-1] INFO  com.rs.mv.mvvs.client.catalog.from.config.DirsConfigReader - [client:400206]parse dir config information
2026-07-13 17:04:06.524 [pool-3-thread-1] INFO  com.rs.mv.mvvs.client.catalog.from.config.MappingConfigReader - [client:400207]parse mapping config information
2026-07-13 17:04:06.526 [pool-3-thread-1] INFO  com.rs.mv.mvvs.client.catalog.manager.U2CatalogManager - [client:400202]start a schedule task to get global/local catalog for @scarf, its period 5s 
2026-07-13 17:04:06.526 [pool-3-thread-1] INFO  com.rs.mv.mvvs.client.catalog.manager.U2CatalogManager - [client:400203]cache file auto update thread launch in @sinclair account
2026-07-13 17:04:06.526 [pool-3-thread-1] INFO  com.rs.mv.mvvs.client.catalog.from.config.DirsConfigReader - [client:400206]parse dir config information
2026-07-13 17:04:06.526 [pool-3-thread-1] INFO  com.rs.mv.mvvs.client.catalog.from.config.MappingConfigReader - [client:400207]parse mapping config information
2026-07-13 17:04:06.526 [pool-3-thread-1] INFO  com.rs.mv.mvvs.client.catalog.manager.U2CatalogManager - [client:400202]start a schedule task to get global/local catalog for @sinclair, its period 5s 
2026-07-13 17:04:06.526 [pool-3-thread-1] INFO  com.rs.mv.mvvs.client.catalog.manager.U2CatalogManager - [client:400203]cache file auto update thread launch in typebox account
2026-07-13 17:04:06.527 [pool-3-thread-1] INFO  com.rs.mv.mvvs.client.catalog.from.config.DirsConfigReader - [client:400206]parse dir config information
2026-07-13 17:04:06.527 [pool-3-thread-1] INFO  com.rs.mv.mvvs.client.catalog.from.config.MappingConfigReader - [client:400207]parse mapping config information
2026-07-13 17:04:06.527 [pool-3-thread-1] INFO  com.rs.mv.mvvs.client.catalog.manager.U2CatalogManager - [client:400202]start a schedule task to get global/local catalog for typebox, its period 5s 
2026-07-13 17:04:06.527 [pool-3-thread-1] INFO  com.rs.mv.mvvs.client.catalog.manager.U2CatalogManager - [client:400203]cache file auto update thread launch in build account
2026-07-13 17:04:06.527 [pool-3-thread-1] INFO  com.rs.mv.mvvs.client.catalog.from.config.DirsConfigReader - [client:400206]parse dir config information
2026-07-13 17:04:06.527 [pool-3-thread-1] INFO  com.rs.mv.mvvs.client.catalog.from.config.MappingConfigReader - [client:400207]parse mapping config information
2026-07-13 17:04:06.529 [pool-3-thread-1] INFO  com.rs.mv.mvvs.client.catalog.manager.U2CatalogManager - [client:400202]start a schedule task to get global/local catalog for build, its period 5s 
2026-07-13 17:04:06.529 [pool-3-thread-1] INFO  com.rs.mv.mvvs.client.catalog.manager.U2CatalogManager - [client:400203]cache file auto update thread launch in cjs account
2026-07-13 17:04:06.529 [pool-3-thread-1] INFO  com.rs.mv.mvvs.client.catalog.from.config.DirsConfigReader - [client:400206]parse dir config information
2026-07-13 17:04:06.529 [pool-3-thread-1] INFO  com.rs.mv.mvvs.client.catalog.from.config.MappingConfigReader - [client:400207]parse mapping config information
2026-07-13 17:04:06.530 [pool-3-thread-1] INFO  com.rs.mv.mvvs.client.catalog.manager.U2CatalogManager - [client:400202]start a schedule task to get global/local catalog for cjs, its period 5s 
2026-07-13 17:04:06.530 [pool-3-thread-1] INFO  com.rs.mv.mvvs.client.catalog.manager.U2CatalogManager - [client:400203]cache file auto update thread launch in parser account
2026-07-13 17:04:06.530 [pool-3-thread-1] INFO  com.rs.mv.mvvs.client.catalog.from.config.DirsConfigReader - [client:400206]parse dir config information
2026-07-13 17:04:06.530 [pool-3-thread-1] INFO  com.rs.mv.mvvs.client.catalog.from.config.MappingConfigReader - [client:400207]parse mapping config information
2026-07-13 17:04:06.530 [pool-3-thread-1] INFO  com.rs.mv.mvvs.client.catalog.manager.U2CatalogManager - [client:400202]start a schedule task to get global/local catalog for parser, its period 5s 
2026-07-13 17:04:06.532 [pool-3-thread-1] INFO  com.rs.mv.mvvs.client.catalog.manager.U2CatalogManager - [client:400203]cache file auto update thread launch in type account
2026-07-13 17:04:06.532 [pool-3-thread-1] INFO  com.rs.mv.mvvs.client.catalog.from.config.DirsConfigReader - [client:400206]parse dir config information
2026-07-13 17:04:06.532 [pool-3-thread-1] INFO  com.rs.mv.mvvs.client.catalog.from.config.MappingConfigReader - [client:400207]parse mapping config information
2026-07-13 17:04:06.532 [pool-3-thread-1] INFO  com.rs.mv.mvvs.client.catalog.manager.U2CatalogManager - [client:400202]start a schedule task to get global/local catalog for type, its period 5s 
2026-07-13 17:04:06.532 [pool-3-thread-1] INFO  com.rs.mv.mvvs.client.catalog.manager.U2CatalogManager - [client:400203]cache file auto update thread launch in value account
2026-07-13 17:04:06.532 [pool-3-thread-1] INFO  com.rs.mv.mvvs.client.catalog.from.config.DirsConfigReader - [client:400206]parse dir config information
2026-07-13 17:04:06.532 [pool-3-thread-1] INFO  com.rs.mv.mvvs.client.catalog.from.config.MappingConfigReader - [client:400207]parse mapping config information
2026-07-13 17:04:06.532 [pool-3-thread-1] INFO  com.rs.mv.mvvs.client.catalog.manager.U2CatalogManager - [client:400202]start a schedule task to get global/local catalog for value, its period 5s 
2026-07-13 17:04:06.532 [pool-3-thread-1] INFO  com.rs.mv.mvvs.client.catalog.manager.U2CatalogManager - [client:400203]cache file auto update thread launch in esm account
2026-07-13 17:04:06.534 [pool-3-thread-1] INFO  com.rs.mv.mvvs.client.catalog.from.config.DirsConfigReader - [client:400206]parse dir config information
2026-07-13 17:04:06.534 [pool-3-thread-1] INFO  com.rs.mv.mvvs.client.catalog.from.config.MappingConfigReader - [client:400207]parse mapping config information
2026-07-13 17:04:06.534 [pool-3-thread-1] INFO  com.rs.mv.mvvs.client.catalog.manager.U2CatalogManager - [client:400202]start a schedule task to get global/local catalog for esm, its period 5s 
2026-07-13 17:04:06.534 [pool-3-thread-1] INFO  com.rs.mv.mvvs.client.catalog.manager.U2CatalogManager - [client:400203]cache file auto update thread launch in parser account
2026-07-13 17:04:06.534 [pool-3-thread-1] INFO  com.rs.mv.mvvs.client.catalog.from.config.DirsConfigReader - [client:400206]parse dir config information
2026-07-13 17:04:06.534 [pool-3-thread-1] INFO  com.rs.mv.mvvs.client.catalog.from.config.MappingConfigReader - [client:400207]parse mapping config information
2026-07-13 17:04:06.534 [pool-3-thread-1] INFO  com.rs.mv.mvvs.client.catalog.manager.U2CatalogManager - [client:400202]start a schedule task to get global/local catalog for parser, its period 5s 
2026-07-13 17:04:06.534 [pool-3-thread-1] INFO  com.rs.mv.mvvs.client.catalog.manager.U2CatalogManager - [client:400203]cache file auto update thread launch in type account
2026-07-13 17:04:06.534 [pool-3-thread-1] INFO  com.rs.mv.mvvs.client.catalog.from.config.DirsConfigReader - [client:400206]parse dir config information
2026-07-13 17:04:06.534 [pool-3-thread-1] INFO  com.rs.mv.mvvs.client.catalog.from.config.MappingConfigReader - [client:400207]parse mapping config information
2026-07-13 17:04:06.534 [pool-3-thread-1] INFO  com.rs.mv.mvvs.client.catalog.manager.U2CatalogManager - [client:400202]start a schedule task to get global/local catalog for type, its period 5s 
2026-07-13 17:04:06.535 [pool-3-thread-1] INFO  com.rs.mv.mvvs.client.catalog.manager.U2CatalogManager - [client:400203]cache file auto update thread launch in value account
2026-07-13 17:04:06.535 [pool-3-thread-1] INFO  com.rs.mv.mvvs.client.catalog.from.config.DirsConfigReader - [client:400206]parse dir config information
2026-07-13 17:04:06.535 [pool-3-thread-1] INFO  com.rs.mv.mvvs.client.catalog.from.config.MappingConfigReader - [client:400207]parse mapping config information
2026-07-13 17:04:06.535 [pool-3-thread-1] INFO  com.rs.mv.mvvs.client.catalog.manager.U2CatalogManager - [client:400202]start a schedule task to get global/local catalog for value, its period 5s 
2026-07-13 17:04:06.535 [pool-3-thread-1] INFO  com.rs.mv.mvvs.client.catalog.manager.U2CatalogManager - [client:400203]cache file auto update thread launch in @sinonjs account
2026-07-13 17:04:06.535 [pool-3-thread-1] INFO  com.rs.mv.mvvs.client.catalog.from.config.DirsConfigReader - [client:400206]parse dir config information
2026-07-13 17:04:06.535 [pool-3-thread-1] INFO  com.rs.mv.mvvs.client.catalog.from.config.MappingConfigReader - [client:400207]parse mapping config information
2026-07-13 17:04:06.535 [pool-3-thread-1] INFO  com.rs.mv.mvvs.client.catalog.manager.U2CatalogManager - [client:400202]start a schedule task to get global/local catalog for @sinonjs, its period 5s 
2026-07-13 17:04:06.535 [pool-3-thread-1] INFO  com.rs.mv.mvvs.client.catalog.manager.U2CatalogManager - [client:400203]cache file auto update thread launch in commons account
2026-07-13 17:04:06.537 [pool-3-thread-1] INFO  com.rs.mv.mvvs.client.catalog.from.config.DirsConfigReader - [client:400206]parse dir config information
2026-07-13 17:04:06.537 [pool-3-thread-1] INFO  com.rs.mv.mvvs.client.catalog.from.config.MappingConfigReader - [client:400207]parse mapping config information
2026-07-13 17:04:06.537 [pool-3-thread-1] INFO  com.rs.mv.mvvs.client.catalog.manager.U2CatalogManager - [client:400202]start a schedule task to get global/local catalog for commons, its period 5s 
2026-07-13 17:04:06.537 [pool-3-thread-1] INFO  com.rs.mv.mvvs.client.catalog.manager.U2CatalogManager - [client:400203]cache file auto update thread launch in lib account
2026-07-13 17:04:06.537 [pool-3-thread-1] INFO  com.rs.mv.mvvs.client.catalog.from.config.DirsConfigReader - [client:400206]parse dir config information
2026-07-13 17:04:06.537 [pool-3-thread-1] INFO  com.rs.mv.mvvs.client.catalog.from.config.MappingConfigReader - [client:400207]parse mapping config information
2026-07-13 17:04:06.537 [pool-3-thread-1] INFO  com.rs.mv.mvvs.client.catalog.manager.U2CatalogManager - [client:400202]start a schedule task to get global/local catalog for lib, its period 5s 
2026-07-13 17:04:06.537 [pool-3-thread-1] INFO  com.rs.mv.mvvs.client.catalog.manager.U2CatalogManager - [client:400203]cache file auto update thread launch in types account
2026-07-13 17:04:06.537 [pool-3-thread-1] INFO  com.rs.mv.mvvs.client.catalog.from.config.DirsConfigReader - [client:400206]parse dir config information
2026-07-13 17:04:06.537 [pool-3-thread-1] INFO  com.rs.mv.mvvs.client.catalog.from.config.MappingConfigReader - [client:400207]parse mapping config information
2026-07-13 17:04:06.538 [pool-3-thread-1] INFO  com.rs.mv.mvvs.client.catalog.manager.U2CatalogManager - [client:400202]start a schedule task to get global/local catalog for types, its period 5s 
2026-07-13 17:04:06.538 [pool-3-thread-1] INFO  com.rs.mv.mvvs.client.catalog.manager.U2CatalogManager - [client:400203]cache file auto update thread launch in fake-timers account
2026-07-13 17:04:06.539 [pool-3-thread-1] INFO  com.rs.mv.mvvs.client.catalog.from.config.DirsConfigReader - [client:400206]parse dir config information
2026-07-13 17:04:06.539 [pool-3-thread-1] INFO  com.rs.mv.mvvs.client.catalog.from.config.MappingConfigReader - [client:400207]parse mapping config information
2026-07-13 17:04:06.539 [pool-3-thread-1] INFO  com.rs.mv.mvvs.client.catalog.manager.U2CatalogManager - [client:400202]start a schedule task to get global/local catalog for fake-timers, its period 5s 
2026-07-13 17:04:06.540 [pool-3-thread-1] INFO  com.rs.mv.mvvs.client.catalog.manager.U2CatalogManager - [client:400203]cache file auto update thread launch in @types account
2026-07-13 17:04:06.540 [pool-3-thread-1] INFO  com.rs.mv.mvvs.client.catalog.from.config.DirsConfigReader - [client:400206]parse dir config information
2026-07-13 17:04:06.540 [pool-3-thread-1] INFO  com.rs.mv.mvvs.client.catalog.from.config.MappingConfigReader - [client:400207]parse mapping config information
2026-07-13 17:04:06.540 [pool-3-thread-1] INFO  com.rs.mv.mvvs.client.catalog.manager.U2CatalogManager - [client:400202]start a schedule task to get global/local catalog for @types, its period 5s 
2026-07-13 17:04:06.541 [pool-3-thread-1] INFO  com.rs.mv.mvvs.client.catalog.manager.U2CatalogManager - [client:400203]cache file auto update thread launch in node account
2026-07-13 17:04:06.541 [pool-3-thread-1] INFO  com.rs.mv.mvvs.client.catalog.from.config.DirsConfigReader - [client:400206]parse dir config information
2026-07-13 17:04:06.541 [pool-3-thread-1] INFO  com.rs.mv.mvvs.client.catalog.from.config.MappingConfigReader - [client:400207]parse mapping config information
2026-07-13 17:04:06.541 [pool-3-thread-1] INFO  com.rs.mv.mvvs.client.catalog.manager.U2CatalogManager - [client:400202]start a schedule task to get global/local catalog for node, its period 5s 
2026-07-13 17:04:06.541 [pool-3-thread-1] INFO  com.rs.mv.mvvs.client.catalog.manager.U2CatalogManager - [client:400203]cache file auto update thread launch in ts5.6 account
2026-07-13 17:04:06.542 [pool-3-thread-1] INFO  com.rs.mv.mvvs.client.catalog.from.config.DirsConfigReader - [client:400206]parse dir config information
2026-07-13 17:04:06.542 [pool-3-thread-1] INFO  com.rs.mv.mvvs.client.catalog.from.config.MappingConfigReader - [client:400207]parse mapping config information
2026-07-13 17:04:06.542 [pool-3-thread-1] INFO  com.rs.mv.mvvs.client.catalog.manager.U2CatalogManager - [client:400202]start a schedule task to get global/local catalog for ts5.6, its period 5s 
2026-07-13 17:04:06.542 [pool-3-thread-1] INFO  com.rs.mv.mvvs.client.catalog.manager.U2CatalogManager - [client:400203]cache file auto update thread launch in ts5.7 account
2026-07-13 17:04:06.542 [pool-3-thread-1] INFO  com.rs.mv.mvvs.client.catalog.from.config.DirsConfigReader - [client:400206]parse dir config information
2026-07-13 17:04:06.543 [pool-3-thread-1] INFO  com.rs.mv.mvvs.client.catalog.from.config.MappingConfigReader - [client:400207]parse mapping config information
2026-07-13 17:04:06.543 [pool-3-thread-1] INFO  com.rs.mv.mvvs.client.catalog.manager.U2CatalogManager - [client:400202]start a schedule task to get global/local catalog for ts5.7, its period 5s 
2026-07-13 17:04:06.543 [pool-3-thread-1] INFO  com.rs.mv.mvvs.client.catalog.manager.U2CatalogManager - [client:400203]cache file auto update thread launch in @ungap account
2026-07-13 17:04:06.543 [pool-3-thread-1] INFO  com.rs.mv.mvvs.client.catalog.from.config.DirsConfigReader - [client:400206]parse dir config information
2026-07-13 17:04:06.543 [pool-3-thread-1] INFO  com.rs.mv.mvvs.client.catalog.from.config.MappingConfigReader - [client:400207]parse mapping config information
2026-07-13 17:04:06.544 [pool-3-thread-1] INFO  com.rs.mv.mvvs.client.catalog.manager.U2CatalogManager - [client:400202]start a schedule task to get global/local catalog for @ungap, its period 5s 
2026-07-13 17:04:06.544 [pool-3-thread-1] INFO  com.rs.mv.mvvs.client.catalog.manager.U2CatalogManager - [client:400203]cache file auto update thread launch in structured-clone account
2026-07-13 17:04:06.544 [pool-3-thread-1] INFO  com.rs.mv.mvvs.client.catalog.from.config.DirsConfigReader - [client:400206]parse dir config information
2026-07-13 17:04:06.544 [pool-3-thread-1] INFO  com.rs.mv.mvvs.client.catalog.from.config.MappingConfigReader - [client:400207]parse mapping config information
2026-07-13 17:04:06.544 [pool-3-thread-1] INFO  com.rs.mv.mvvs.client.catalog.manager.U2CatalogManager - [client:400202]start a schedule task to get global/local catalog for structured-clone, its period 5s 
2026-07-13 17:04:06.545 [pool-3-thread-1] INFO  com.rs.mv.mvvs.client.catalog.manager.U2CatalogManager - [client:400203]cache file auto update thread launch in .github account
2026-07-13 17:04:06.545 [pool-3-thread-1] INFO  com.rs.mv.mvvs.client.catalog.from.config.DirsConfigReader - [client:400206]parse dir config information
2026-07-13 17:04:06.545 [pool-3-thread-1] INFO  com.rs.mv.mvvs.client.catalog.from.config.MappingConfigReader - [client:400207]parse mapping config information
2026-07-13 17:04:06.545 [pool-3-thread-1] INFO  com.rs.mv.mvvs.client.catalog.manager.U2CatalogManager - [client:400202]start a schedule task to get global/local catalog for .github, its period 5s 
2026-07-13 17:04:06.546 [pool-3-thread-1] INFO  com.rs.mv.mvvs.client.catalog.manager.U2CatalogManager - [client:400203]cache file auto update thread launch in @unrs account
2026-07-13 17:04:06.546 [pool-3-thread-1] INFO  com.rs.mv.mvvs.client.catalog.from.config.DirsConfigReader - [client:400206]parse dir config information
2026-07-13 17:04:06.546 [pool-3-thread-1] INFO  com.rs.mv.mvvs.client.catalog.from.config.MappingConfigReader - [client:400207]parse mapping config information
2026-07-13 17:04:06.547 [pool-3-thread-1] INFO  com.rs.mv.mvvs.client.catalog.manager.U2CatalogManager - [client:400202]start a schedule task to get global/local catalog for @unrs, its period 5s 
2026-07-13 17:04:06.547 [pool-3-thread-1] INFO  com.rs.mv.mvvs.client.catalog.manager.U2CatalogManager - [client:400203]cache file auto update thread launch in accepts account
2026-07-13 17:04:06.547 [pool-3-thread-1] INFO  com.rs.mv.mvvs.client.catalog.from.config.DirsConfigReader - [client:400206]parse dir config information
2026-07-13 17:04:06.548 [pool-3-thread-1] INFO  com.rs.mv.mvvs.client.catalog.from.config.MappingConfigReader - [client:400207]parse mapping config information
2026-07-13 17:04:06.548 [pool-3-thread-1] INFO  com.rs.mv.mvvs.client.catalog.manager.U2CatalogManager - [client:400202]start a schedule task to get global/local catalog for accepts, its period 5s 
2026-07-13 17:04:06.549 [pool-3-thread-1] INFO  com.rs.mv.mvvs.client.catalog.manager.U2CatalogManager - [client:400203]cache file auto update thread launch in node_modules account
2026-07-13 17:04:06.549 [pool-3-thread-1] INFO  com.rs.mv.mvvs.client.catalog.from.config.DirsConfigReader - [client:400206]parse dir config information
2026-07-13 17:04:06.549 [pool-3-thread-1] INFO  com.rs.mv.mvvs.client.catalog.from.config.MappingConfigReader - [client:400207]parse mapping config information
2026-07-13 17:04:06.550 [pool-3-thread-1] INFO  com.rs.mv.mvvs.client.catalog.manager.U2CatalogManager - [client:400202]start a schedule task to get global/local catalog for node_modules, its period 5s 
2026-07-13 17:04:06.550 [pool-3-thread-1] INFO  com.rs.mv.mvvs.client.catalog.manager.U2CatalogManager - [client:400203]cache file auto update thread launch in negotiator account
2026-07-13 17:04:06.551 [pool-3-thread-1] INFO  com.rs.mv.mvvs.client.catalog.from.config.DirsConfigReader - [client:400206]parse dir config information
2026-07-13 17:04:06.552 [pool-3-thread-1] INFO  com.rs.mv.mvvs.client.catalog.from.config.MappingConfigReader - [client:400207]parse mapping config information
2026-07-13 17:04:06.552 [pool-3-thread-1] INFO  com.rs.mv.mvvs.client.catalog.manager.U2CatalogManager - [client:400202]start a schedule task to get global/local catalog for negotiator, its period 5s 
2026-07-13 17:04:06.553 [pool-3-thread-1] INFO  com.rs.mv.mvvs.client.catalog.manager.U2CatalogManager - [client:400203]cache file auto update thread launch in ajv account
2026-07-13 17:04:06.553 [pool-3-thread-1] INFO  com.rs.mv.mvvs.client.catalog.from.config.DirsConfigReader - [client:400206]parse dir config information
2026-07-13 17:04:06.553 [pool-3-thread-1] INFO  com.rs.mv.mvvs.client.catalog.from.config.MappingConfigReader - [client:400207]parse mapping config information
2026-07-13 17:04:06.554 [pool-3-thread-1] INFO  com.rs.mv.mvvs.client.catalog.manager.U2CatalogManager - [client:400202]start a schedule task to get global/local catalog for ajv, its period 5s 
2026-07-13 17:04:06.554 [pool-3-thread-1] INFO  com.rs.mv.mvvs.client.catalog.manager.U2CatalogManager - [client:400203]cache file auto update thread launch in dist account
2026-07-13 17:04:06.554 [pool-3-thread-1] INFO  com.rs.mv.mvvs.client.catalog.from.config.DirsConfigReader - [client:400206]parse dir config information
2026-07-13 17:04:06.554 [pool-3-thread-1] INFO  com.rs.mv.mvvs.client.catalog.from.config.MappingConfigReader - [client:400207]parse mapping config information
2026-07-13 17:04:06.555 [pool-3-thread-1] INFO  com.rs.mv.mvvs.client.catalog.manager.U2CatalogManager - [client:400202]start a schedule task to get global/local catalog for dist, its period 5s 
2026-07-13 17:04:06.555 [pool-3-thread-1] INFO  com.rs.mv.mvvs.client.catalog.manager.U2CatalogManager - [client:400203]cache file auto update thread launch in compile account
2026-07-13 17:04:06.555 [pool-3-thread-1] INFO  com.rs.mv.mvvs.client.catalog.from.config.DirsConfigReader - [client:400206]parse dir config information
2026-07-13 17:04:06.555 [pool-3-thread-1] INFO  com.rs.mv.mvvs.client.catalog.from.config.MappingConfigReader - [client:400207]parse mapping config information
2026-07-13 17:04:06.556 [pool-3-thread-1] INFO  com.rs.mv.mvvs.client.catalog.manager.U2CatalogManager - [client:400202]start a schedule task to get global/local catalog for compile, its period 5s 
2026-07-13 17:04:06.556 [pool-3-thread-1] INFO  com.rs.mv.mvvs.client.catalog.manager.U2CatalogManager - [client:400203]cache file auto update thread launch in refs account
2026-07-13 17:04:06.556 [pool-3-thread-1] INFO  com.rs.mv.mvvs.client.catalog.from.config.DirsConfigReader - [client:400206]parse dir config information
2026-07-13 17:04:06.556 [pool-3-thread-1] INFO  com.rs.mv.mvvs.client.catalog.from.config.MappingConfigReader - [client:400207]parse mapping config information
2026-07-13 17:04:06.557 [pool-3-thread-1] INFO  com.rs.mv.mvvs.client.catalog.manager.U2CatalogManager - [client:400202]start a schedule task to get global/local catalog for refs, its period 5s 
2026-07-13 17:04:06.557 [pool-3-thread-1] INFO  com.rs.mv.mvvs.client.catalog.manager.U2CatalogManager - [client:400203]cache file auto update thread launch in json-schema-2019-09 account
2026-07-13 17:04:06.557 [pool-3-thread-1] INFO  com.rs.mv.mvvs.client.catalog.from.config.DirsConfigReader - [client:400206]parse dir config information
2026-07-13 17:04:06.557 [pool-3-thread-1] INFO  com.rs.mv.mvvs.client.catalog.from.config.MappingConfigReader - [client:400207]parse mapping config information
2026-07-13 17:04:06.558 [pool-3-thread-1] INFO  com.rs.mv.mvvs.client.catalog.manager.U2CatalogManager - [client:400202]start a schedule task to get global/local catalog for json-schema-2019-09, its period 5s 
2026-07-13 17:04:06.558 [pool-3-thread-1] INFO  com.rs.mv.mvvs.client.catalog.manager.U2CatalogManager - [client:400203]cache file auto update thread launch in json-schema-2020-12 account
2026-07-13 17:04:06.558 [pool-3-thread-1] INFO  com.rs.mv.mvvs.client.catalog.from.config.DirsConfigReader - [client:400206]parse dir config information
2026-07-13 17:04:06.559 [pool-3-thread-1] INFO  com.rs.mv.mvvs.client.catalog.from.config.MappingConfigReader - [client:400207]parse mapping config information
2026-07-13 17:04:06.559 [pool-3-thread-1] INFO  com.rs.mv.mvvs.client.catalog.manager.U2CatalogManager - [client:400202]start a schedule task to get global/local catalog for json-schema-2020-12, its period 5s 
2026-07-13 17:04:06.559 [pool-3-thread-1] INFO  com.rs.mv.mvvs.client.catalog.manager.U2CatalogManager - [client:400203]cache file auto update thread launch in vocabularies account
2026-07-13 17:04:06.560 [pool-3-thread-1] INFO  com.rs.mv.mvvs.client.catalog.from.config.DirsConfigReader - [client:400206]parse dir config information
2026-07-13 17:04:06.560 [pool-3-thread-1] INFO  com.rs.mv.mvvs.client.catalog.from.config.MappingConfigReader - [client:400207]parse mapping config information
2026-07-13 17:04:06.560 [pool-3-thread-1] INFO  com.rs.mv.mvvs.client.catalog.manager.U2CatalogManager - [client:400202]start a schedule task to get global/local catalog for vocabularies, its period 5s 
2026-07-13 17:04:06.560 [pool-3-thread-1] INFO  com.rs.mv.mvvs.client.catalog.manager.U2CatalogManager - [client:400203]cache file auto update thread launch in lib account
2026-07-13 17:04:06.561 [pool-3-thread-1] INFO  com.rs.mv.mvvs.client.catalog.from.config.DirsConfigReader - [client:400206]parse dir config information
2026-07-13 17:04:06.561 [pool-3-thread-1] INFO  com.rs.mv.mvvs.client.catalog.from.config.MappingConfigReader - [client:400207]parse mapping config information
2026-07-13 17:04:06.561 [pool-3-thread-1] INFO  com.rs.mv.mvvs.client.catalog.manager.U2CatalogManager - [client:400202]start a schedule task to get global/local catalog for lib, its period 5s 
2026-07-13 17:04:06.561 [pool-3-thread-1] INFO  com.rs.mv.mvvs.client.catalog.manager.U2CatalogManager - [client:400203]cache file auto update thread launch in compile account
2026-07-13 17:04:06.561 [pool-3-thread-1] INFO  com.rs.mv.mvvs.client.catalog.from.config.DirsConfigReader - [client:400206]parse dir config information
2026-07-13 17:04:06.561 [pool-3-thread-1] INFO  com.rs.mv.mvvs.client.catalog.from.config.MappingConfigReader - [client:400207]parse mapping config information
2026-07-13 17:04:06.562 [pool-3-thread-1] INFO  com.rs.mv.mvvs.client.catalog.manager.U2CatalogManager - [client:400202]start a schedule task to get global/local catalog for compile, its period 5s 
2026-07-13 17:04:06.562 [pool-3-thread-1] INFO  com.rs.mv.mvvs.client.catalog.manager.U2CatalogManager - [client:400203]cache file auto update thread launch in refs account
2026-07-13 17:04:06.562 [pool-3-thread-1] INFO  com.rs.mv.mvvs.client.catalog.from.config.DirsConfigReader - [client:400206]parse dir config information
2026-07-13 17:04:06.562 [pool-3-thread-1] INFO  com.rs.mv.mvvs.client.catalog.from.config.MappingConfigReader - [client:400207]parse mapping config information
2026-07-13 17:04:06.562 [pool-3-thread-1] INFO  com.rs.mv.mvvs.client.catalog.manager.U2CatalogManager - [client:400202]start a schedule task to get global/local catalog for refs, its period 5s 
2026-07-13 17:04:06.563 [pool-3-thread-1] INFO  com.rs.mv.mvvs.client.catalog.manager.U2CatalogManager - [client:400203]cache file auto update thread launch in json-schema-2019-09 account
2026-07-13 17:04:06.564 [pool-3-thread-1] INFO  com.rs.mv.mvvs.client.catalog.from.config.DirsConfigReader - [client:400206]parse dir config information
2026-07-13 17:04:06.566 [pool-3-thread-1] INFO  com.rs.mv.mvvs.client.catalog.from.config.MappingConfigReader - [client:400207]parse mapping config information
2026-07-13 17:04:06.566 [pool-3-thread-1] INFO  com.rs.mv.mvvs.client.catalog.manager.U2CatalogManager - [client:400202]start a schedule task to get global/local catalog for json-schema-2019-09, its period 5s 
2026-07-13 17:04:06.567 [pool-3-thread-1] INFO  com.rs.mv.mvvs.client.catalog.manager.U2CatalogManager - [client:400203]cache file auto update thread launch in json-schema-2020-12 account
2026-07-13 17:04:06.567 [pool-3-thread-1] INFO  com.rs.mv.mvvs.client.catalog.from.config.DirsConfigReader - [client:400206]parse dir config information
2026-07-13 17:04:06.567 [pool-3-thread-1] INFO  com.rs.mv.mvvs.client.catalog.from.config.MappingConfigReader - [client:400207]parse mapping config information
2026-07-13 17:04:06.568 [pool-3-thread-1] INFO  com.rs.mv.mvvs.client.catalog.manager.U2CatalogManager - [client:400202]start a schedule task to get global/local catalog for json-schema-2020-12, its period 5s 
2026-07-13 17:04:06.568 [pool-3-thread-1] INFO  com.rs.mv.mvvs.client.catalog.manager.U2CatalogManager - [client:400203]cache file auto update thread launch in vocabularies account
2026-07-13 17:04:06.569 [pool-3-thread-1] INFO  com.rs.mv.mvvs.client.catalog.from.config.DirsConfigReader - [client:400206]parse dir config information
2026-07-13 17:04:06.569 [pool-3-thread-1] INFO  com.rs.mv.mvvs.client.catalog.from.config.MappingConfigReader - [client:400207]parse mapping config information
2026-07-13 17:04:06.569 [pool-3-thread-1] INFO  com.rs.mv.mvvs.client.catalog.manager.U2CatalogManager - [client:400202]start a schedule task to get global/local catalog for vocabularies, its period 5s 
2026-07-13 17:04:06.570 [pool-3-thread-1] INFO  com.rs.mv.mvvs.client.catalog.manager.U2CatalogManager - [client:400203]cache file auto update thread launch in ajv-draft-04 account
2026-07-13 17:04:06.570 [pool-3-thread-1] INFO  com.rs.mv.mvvs.client.catalog.from.config.DirsConfigReader - [client:400206]parse dir config information
2026-07-13 17:04:06.570 [pool-3-thread-1] INFO  com.rs.mv.mvvs.client.catalog.from.config.MappingConfigReader - [client:400207]parse mapping config information
2026-07-13 17:04:06.571 [pool-3-thread-1] INFO  com.rs.mv.mvvs.client.catalog.manager.U2CatalogManager - [client:400202]start a schedule task to get global/local catalog for ajv-draft-04, its period 5s 
2026-07-13 17:04:06.571 [pool-3-thread-1] INFO  com.rs.mv.mvvs.client.catalog.manager.U2CatalogManager - [client:400203]cache file auto update thread launch in dist account
2026-07-13 17:04:06.571 [pool-3-thread-1] INFO  com.rs.mv.mvvs.client.catalog.from.config.DirsConfigReader - [client:400206]parse dir config information
2026-07-13 17:04:06.572 [pool-3-thread-1] INFO  com.rs.mv.mvvs.client.catalog.from.config.MappingConfigReader - [client:400207]parse mapping config information
2026-07-13 17:04:06.572 [pool-3-thread-1] INFO  com.rs.mv.mvvs.client.catalog.manager.U2CatalogManager - [client:400202]start a schedule task to get global/local catalog for dist, its period 5s 
2026-07-13 17:04:06.572 [pool-3-thread-1] INFO  com.rs.mv.mvvs.client.catalog.manager.U2CatalogManager - [client:400203]cache file auto update thread launch in vocabulary account
2026-07-13 17:04:06.573 [pool-3-thread-1] INFO  com.rs.mv.mvvs.client.catalog.from.config.DirsConfigReader - [client:400206]parse dir config information
2026-07-13 17:04:06.573 [pool-3-thread-1] INFO  com.rs.mv.mvvs.client.catalog.from.config.MappingConfigReader - [client:400207]parse mapping config information
2026-07-13 17:04:06.573 [pool-3-thread-1] INFO  com.rs.mv.mvvs.client.catalog.manager.U2CatalogManager - [client:400202]start a schedule task to get global/local catalog for vocabulary, its period 5s 
2026-07-13 17:04:06.574 [pool-3-thread-1] INFO  com.rs.mv.mvvs.client.catalog.manager.U2CatalogManager - [client:400203]cache file auto update thread launch in src account
2026-07-13 17:04:06.574 [pool-3-thread-1] INFO  com.rs.mv.mvvs.client.catalog.from.config.DirsConfigReader - [client:400206]parse dir config information
2026-07-13 17:04:06.574 [pool-3-thread-1] INFO  com.rs.mv.mvvs.client.catalog.from.config.MappingConfigReader - [client:400207]parse mapping config information
2026-07-13 17:04:06.574 [pool-3-thread-1] INFO  com.rs.mv.mvvs.client.catalog.manager.U2CatalogManager - [client:400202]start a schedule task to get global/local catalog for src, its period 5s 
2026-07-13 17:04:06.575 [pool-3-thread-1] INFO  com.rs.mv.mvvs.client.catalog.manager.U2CatalogManager - [client:400203]cache file auto update thread launch in vocabulary account
2026-07-13 17:04:06.575 [pool-3-thread-1] INFO  com.rs.mv.mvvs.client.catalog.from.config.DirsConfigReader - [client:400206]parse dir config information
2026-07-13 17:04:06.575 [pool-3-thread-1] INFO  com.rs.mv.mvvs.client.catalog.from.config.MappingConfigReader - [client:400207]parse mapping config information
2026-07-13 17:04:06.576 [pool-3-thread-1] INFO  com.rs.mv.mvvs.client.catalog.manager.U2CatalogManager - [client:400202]start a schedule task to get global/local catalog for vocabulary, its period 5s 
2026-07-13 17:04:06.576 [pool-3-thread-1] INFO  com.rs.mv.mvvs.client.catalog.manager.U2CatalogManager - [client:400203]cache file auto update thread launch in anymatch account
2026-07-13 17:04:06.576 [pool-3-thread-1] INFO  com.rs.mv.mvvs.client.catalog.from.config.DirsConfigReader - [client:400206]parse dir config information
2026-07-13 17:04:06.576 [pool-3-thread-1] INFO  com.rs.mv.mvvs.client.catalog.from.config.MappingConfigReader - [client:400207]parse mapping config information
2026-07-13 17:04:06.577 [pool-3-thread-1] INFO  com.rs.mv.mvvs.client.catalog.manager.U2CatalogManager - [client:400202]start a schedule task to get global/local catalog for anymatch, its period 5s 
2026-07-13 17:04:06.577 [pool-3-thread-1] INFO  com.rs.mv.mvvs.client.catalog.manager.U2CatalogManager - [client:400203]cache file auto update thread launch in node_modules account
2026-07-13 17:04:06.577 [pool-3-thread-1] INFO  com.rs.mv.mvvs.client.catalog.from.config.DirsConfigReader - [client:400206]parse dir config information
2026-07-13 17:04:06.578 [pool-3-thread-1] INFO  com.rs.mv.mvvs.client.catalog.from.config.MappingConfigReader - [client:400207]parse mapping config information
2026-07-13 17:04:06.578 [pool-3-thread-1] INFO  com.rs.mv.mvvs.client.catalog.manager.U2CatalogManager - [client:400202]start a schedule task to get global/local catalog for node_modules, its period 5s 
2026-07-13 17:04:06.578 [pool-3-thread-1] INFO  com.rs.mv.mvvs.client.catalog.manager.U2CatalogManager - [client:400203]cache file auto update thread launch in picomatch account
2026-07-13 17:04:06.579 [pool-3-thread-1] INFO  com.rs.mv.mvvs.client.catalog.from.config.DirsConfigReader - [client:400206]parse dir config information
2026-07-13 17:04:06.579 [pool-3-thread-1] INFO  com.rs.mv.mvvs.client.catalog.from.config.MappingConfigReader - [client:400207]parse mapping config information
2026-07-13 17:04:06.579 [pool-3-thread-1] INFO  com.rs.mv.mvvs.client.catalog.manager.U2CatalogManager - [client:400202]start a schedule task to get global/local catalog for picomatch, its period 5s 
2026-07-13 17:04:06.580 [pool-3-thread-1] INFO  com.rs.mv.mvvs.client.catalog.manager.U2CatalogManager - [client:400203]cache file auto update thread launch in append-field account
2026-07-13 17:04:06.580 [pool-3-thread-1] INFO  com.rs.mv.mvvs.client.catalog.from.config.DirsConfigReader - [client:400206]parse dir config information
2026-07-13 17:04:06.580 [pool-3-thread-1] INFO  com.rs.mv.mvvs.client.catalog.from.config.MappingConfigReader - [client:400207]parse mapping config information
2026-07-13 17:04:06.581 [pool-3-thread-1] INFO  com.rs.mv.mvvs.client.catalog.manager.U2CatalogManager - [client:400202]start a schedule task to get global/local catalog for append-field, its period 5s 
2026-07-13 17:04:06.581 [pool-3-thread-1] INFO  com.rs.mv.mvvs.client.catalog.manager.U2CatalogManager - [client:400203]cache file auto update thread launch in argparse account
2026-07-13 17:04:06.581 [pool-3-thread-1] INFO  com.rs.mv.mvvs.client.catalog.from.config.DirsConfigReader - [client:400206]parse dir config information
2026-07-13 17:04:06.581 [pool-3-thread-1] INFO  com.rs.mv.mvvs.client.catalog.from.config.MappingConfigReader - [client:400207]parse mapping config information
2026-07-13 17:04:06.582 [pool-3-thread-1] INFO  com.rs.mv.mvvs.client.catalog.manager.U2CatalogManager - [client:400202]start a schedule task to get global/local catalog for argparse, its period 5s 
2026-07-13 17:04:06.582 [pool-3-thread-1] INFO  com.rs.mv.mvvs.client.catalog.manager.U2CatalogManager - [client:400203]cache file auto update thread launch in asynckit account
2026-07-13 17:04:06.582 [pool-3-thread-1] INFO  com.rs.mv.mvvs.client.catalog.from.config.DirsConfigReader - [client:400206]parse dir config information
2026-07-13 17:04:06.583 [pool-3-thread-1] INFO  com.rs.mv.mvvs.client.catalog.from.config.MappingConfigReader - [client:400207]parse mapping config information
2026-07-13 17:04:06.583 [pool-3-thread-1] INFO  com.rs.mv.mvvs.client.catalog.manager.U2CatalogManager - [client:400202]start a schedule task to get global/local catalog for asynckit, its period 5s 
2026-07-13 17:04:06.583 [pool-3-thread-1] INFO  com.rs.mv.mvvs.client.catalog.manager.U2CatalogManager - [client:400203]cache file auto update thread launch in babel-jest account
2026-07-13 17:04:06.584 [pool-3-thread-1] INFO  com.rs.mv.mvvs.client.catalog.from.config.DirsConfigReader - [client:400206]parse dir config information
2026-07-13 17:04:06.584 [pool-3-thread-1] INFO  com.rs.mv.mvvs.client.catalog.from.config.MappingConfigReader - [client:400207]parse mapping config information
2026-07-13 17:04:06.584 [pool-3-thread-1] INFO  com.rs.mv.mvvs.client.catalog.manager.U2CatalogManager - [client:400202]start a schedule task to get global/local catalog for babel-jest, its period 5s 
2026-07-13 17:04:06.584 [pool-3-thread-1] INFO  com.rs.mv.mvvs.client.catalog.manager.U2CatalogManager - [client:400203]cache file auto update thread launch in babel-plugin-istanbul account
2026-07-13 17:04:06.585 [pool-3-thread-1] INFO  com.rs.mv.mvvs.client.catalog.from.config.DirsConfigReader - [client:400206]parse dir config information
2026-07-13 17:04:06.585 [pool-3-thread-1] INFO  com.rs.mv.mvvs.client.catalog.from.config.MappingConfigReader - [client:400207]parse mapping config information
2026-07-13 17:04:06.585 [pool-3-thread-1] INFO  com.rs.mv.mvvs.client.catalog.manager.U2CatalogManager - [client:400202]start a schedule task to get global/local catalog for babel-plugin-istanbul, its period 5s 
2026-07-13 17:04:06.585 [pool-3-thread-1] INFO  com.rs.mv.mvvs.client.catalog.manager.U2CatalogManager - [client:400203]cache file auto update thread launch in babel-plugin-jest-hoist account
2026-07-13 17:04:06.586 [pool-3-thread-1] INFO  com.rs.mv.mvvs.client.catalog.from.config.DirsConfigReader - [client:400206]parse dir config information
2026-07-13 17:04:06.586 [pool-3-thread-1] INFO  com.rs.mv.mvvs.client.catalog.from.config.MappingConfigReader - [client:400207]parse mapping config information
2026-07-13 17:04:06.586 [pool-3-thread-1] INFO  com.rs.mv.mvvs.client.catalog.manager.U2CatalogManager - [client:400202]start a schedule task to get global/local catalog for babel-plugin-jest-hoist, its period 5s 
2026-07-13 17:04:06.586 [pool-3-thread-1] INFO  com.rs.mv.mvvs.client.catalog.manager.U2CatalogManager - [client:400203]cache file auto update thread launch in babel-preset-current-node-syntax account
2026-07-13 17:04:06.587 [pool-3-thread-1] INFO  com.rs.mv.mvvs.client.catalog.from.config.DirsConfigReader - [client:400206]parse dir config information
2026-07-13 17:04:06.587 [pool-3-thread-1] INFO  com.rs.mv.mvvs.client.catalog.from.config.MappingConfigReader - [client:400207]parse mapping config information
2026-07-13 17:04:06.587 [pool-3-thread-1] INFO  com.rs.mv.mvvs.client.catalog.manager.U2CatalogManager - [client:400202]start a schedule task to get global/local catalog for babel-preset-current-node-syntax, its period 5s 
2026-07-13 17:04:06.588 [pool-3-thread-1] INFO  com.rs.mv.mvvs.client.catalog.manager.U2CatalogManager - [client:400203]cache file auto update thread launch in .github account
2026-07-13 17:04:06.588 [pool-3-thread-1] INFO  com.rs.mv.mvvs.client.catalog.from.config.DirsConfigReader - [client:400206]parse dir config information
2026-07-13 17:04:06.588 [pool-3-thread-1] INFO  com.rs.mv.mvvs.client.catalog.from.config.MappingConfigReader - [client:400207]parse mapping config information
2026-07-13 17:04:06.588 [pool-3-thread-1] INFO  com.rs.mv.mvvs.client.catalog.manager.U2CatalogManager - [client:400202]start a schedule task to get global/local catalog for .github, its period 5s 
2026-07-13 17:04:06.588 [pool-3-thread-1] INFO  com.rs.mv.mvvs.client.catalog.manager.U2CatalogManager - [client:400203]cache file auto update thread launch in balanced-match account
2026-07-13 17:04:06.589 [pool-3-thread-1] INFO  com.rs.mv.mvvs.client.catalog.from.config.DirsConfigReader - [client:400206]parse dir config information
2026-07-13 17:04:06.589 [pool-3-thread-1] INFO  com.rs.mv.mvvs.client.catalog.from.config.MappingConfigReader - [client:400207]parse mapping config information
2026-07-13 17:04:06.589 [pool-3-thread-1] INFO  com.rs.mv.mvvs.client.catalog.manager.U2CatalogManager - [client:400202]start a schedule task to get global/local catalog for balanced-match, its period 5s 
2026-07-13 17:04:06.589 [pool-3-thread-1] INFO  com.rs.mv.mvvs.client.catalog.manager.U2CatalogManager - [client:400203]cache file auto update thread launch in dist account
2026-07-13 17:04:06.589 [pool-3-thread-1] INFO  com.rs.mv.mvvs.client.catalog.from.config.DirsConfigReader - [client:400206]parse dir config information
2026-07-13 17:04:06.589 [pool-3-thread-1] INFO  com.rs.mv.mvvs.client.catalog.from.config.MappingConfigReader - [client:400207]parse mapping config information
2026-07-13 17:04:06.589 [pool-3-thread-1] INFO  com.rs.mv.mvvs.client.catalog.manager.U2CatalogManager - [client:400202]start a schedule task to get global/local catalog for dist, its period 5s 
2026-07-13 17:04:06.590 [pool-3-thread-1] INFO  com.rs.mv.mvvs.client.catalog.manager.U2CatalogManager - [client:400203]cache file auto update thread launch in baseline-browser-mapping account
2026-07-13 17:04:06.590 [pool-3-thread-1] INFO  com.rs.mv.mvvs.client.catalog.from.config.DirsConfigReader - [client:400206]parse dir config information
2026-07-13 17:04:06.590 [pool-3-thread-1] INFO  com.rs.mv.mvvs.client.catalog.from.config.MappingConfigReader - [client:400207]parse mapping config information
2026-07-13 17:04:06.590 [pool-3-thread-1] INFO  com.rs.mv.mvvs.client.catalog.manager.U2CatalogManager - [client:400202]start a schedule task to get global/local catalog for baseline-browser-mapping, its period 5s 
2026-07-13 17:04:06.591 [pool-3-thread-1] INFO  com.rs.mv.mvvs.client.catalog.manager.U2CatalogManager - [client:400203]cache file auto update thread launch in basic-auth account
2026-07-13 17:04:06.591 [pool-3-thread-1] INFO  com.rs.mv.mvvs.client.catalog.from.config.DirsConfigReader - [client:400206]parse dir config information
2026-07-13 17:04:06.591 [pool-3-thread-1] INFO  com.rs.mv.mvvs.client.catalog.from.config.MappingConfigReader - [client:400207]parse mapping config information
2026-07-13 17:04:06.592 [pool-3-thread-1] INFO  com.rs.mv.mvvs.client.catalog.manager.U2CatalogManager - [client:400202]start a schedule task to get global/local catalog for basic-auth, its period 5s 
2026-07-13 17:04:06.592 [pool-3-thread-1] INFO  com.rs.mv.mvvs.client.catalog.manager.U2CatalogManager - [client:400203]cache file auto update thread launch in node_modules account
2026-07-13 17:04:06.592 [pool-3-thread-1] INFO  com.rs.mv.mvvs.client.catalog.from.config.DirsConfigReader - [client:400206]parse dir config information
2026-07-13 17:04:06.593 [pool-3-thread-1] INFO  com.rs.mv.mvvs.client.catalog.from.config.MappingConfigReader - [client:400207]parse mapping config information
2026-07-13 17:04:06.593 [pool-3-thread-1] INFO  com.rs.mv.mvvs.client.catalog.manager.U2CatalogManager - [client:400202]start a schedule task to get global/local catalog for node_modules, its period 5s 
2026-07-13 17:04:06.593 [pool-3-thread-1] INFO  com.rs.mv.mvvs.client.catalog.manager.U2CatalogManager - [client:400203]cache file auto update thread launch in bcrypt account
2026-07-13 17:04:06.593 [pool-3-thread-1] INFO  com.rs.mv.mvvs.client.catalog.from.config.DirsConfigReader - [client:400206]parse dir config information
2026-07-13 17:04:06.593 [pool-3-thread-1] INFO  com.rs.mv.mvvs.client.catalog.from.config.MappingConfigReader - [client:400207]parse mapping config information
2026-07-13 17:04:06.594 [pool-3-thread-1] INFO  com.rs.mv.mvvs.client.catalog.manager.U2CatalogManager - [client:400202]start a schedule task to get global/local catalog for bcrypt, its period 5s 
2026-07-13 17:04:06.594 [pool-3-thread-1] INFO  com.rs.mv.mvvs.client.catalog.manager.U2CatalogManager - [client:400203]cache file auto update thread launch in .github account
2026-07-13 17:04:06.594 [pool-3-thread-1] INFO  com.rs.mv.mvvs.client.catalog.from.config.DirsConfigReader - [client:400206]parse dir config information
2026-07-13 17:04:06.594 [pool-3-thread-1] INFO  com.rs.mv.mvvs.client.catalog.from.config.MappingConfigReader - [client:400207]parse mapping config information
2026-07-13 17:04:06.594 [pool-3-thread-1] INFO  com.rs.mv.mvvs.client.catalog.manager.U2CatalogManager - [client:400202]start a schedule task to get global/local catalog for .github, its period 5s 
2026-07-13 17:04:06.595 [pool-3-thread-1] INFO  com.rs.mv.mvvs.client.catalog.manager.U2CatalogManager - [client:400203]cache file auto update thread launch in prebuilds account
2026-07-13 17:04:06.595 [pool-3-thread-1] INFO  com.rs.mv.mvvs.client.catalog.from.config.DirsConfigReader - [client:400206]parse dir config information
2026-07-13 17:04:06.595 [pool-3-thread-1] INFO  com.rs.mv.mvvs.client.catalog.from.config.MappingConfigReader - [client:400207]parse mapping config information
2026-07-13 17:04:06.595 [pool-3-thread-1] INFO  com.rs.mv.mvvs.client.catalog.manager.U2CatalogManager - [client:400202]start a schedule task to get global/local catalog for prebuilds, its period 5s 
2026-07-13 17:04:06.596 [pool-3-thread-1] INFO  com.rs.mv.mvvs.client.catalog.manager.U2CatalogManager - [client:400203]cache file auto update thread launch in body-parser account
2026-07-13 17:04:06.596 [pool-3-thread-1] INFO  com.rs.mv.mvvs.client.catalog.from.config.DirsConfigReader - [client:400206]parse dir config information
2026-07-13 17:04:06.596 [pool-3-thread-1] INFO  com.rs.mv.mvvs.client.catalog.from.config.MappingConfigReader - [client:400207]parse mapping config information
2026-07-13 17:04:06.596 [pool-3-thread-1] INFO  com.rs.mv.mvvs.client.catalog.manager.U2CatalogManager - [client:400202]start a schedule task to get global/local catalog for body-parser, its period 5s 
2026-07-13 17:04:06.596 [pool-3-thread-1] INFO  com.rs.mv.mvvs.client.catalog.manager.U2CatalogManager - [client:400203]cache file auto update thread launch in lib account
2026-07-13 17:04:06.596 [pool-3-thread-1] INFO  com.rs.mv.mvvs.client.catalog.from.config.DirsConfigReader - [client:400206]parse dir config information
2026-07-13 17:04:06.596 [pool-3-thread-1] INFO  com.rs.mv.mvvs.client.catalog.from.config.MappingConfigReader - [client:400207]parse mapping config information
2026-07-13 17:04:06.597 [pool-3-thread-1] INFO  com.rs.mv.mvvs.client.catalog.manager.U2CatalogManager - [client:400202]start a schedule task to get global/local catalog for lib, its period 5s 
2026-07-13 17:04:06.597 [pool-3-thread-1] INFO  com.rs.mv.mvvs.client.catalog.manager.U2CatalogManager - [client:400203]cache file auto update thread launch in node_modules account
2026-07-13 17:04:06.597 [pool-3-thread-1] INFO  com.rs.mv.mvvs.client.catalog.from.config.DirsConfigReader - [client:400206]parse dir config information
2026-07-13 17:04:06.597 [pool-3-thread-1] INFO  com.rs.mv.mvvs.client.catalog.from.config.MappingConfigReader - [client:400207]parse mapping config information
2026-07-13 17:04:06.597 [pool-3-thread-1] INFO  com.rs.mv.mvvs.client.catalog.manager.U2CatalogManager - [client:400202]start a schedule task to get global/local catalog for node_modules, its period 5s 
2026-07-13 17:04:06.597 [pool-3-thread-1] INFO  com.rs.mv.mvvs.client.catalog.manager.U2CatalogManager - [client:400203]cache file auto update thread launch in content-type account
2026-07-13 17:04:06.598 [pool-3-thread-1] INFO  com.rs.mv.mvvs.client.catalog.from.config.DirsConfigReader - [client:400206]parse dir config information
2026-07-13 17:04:06.598 [pool-3-thread-1] INFO  com.rs.mv.mvvs.client.catalog.from.config.MappingConfigReader - [client:400207]parse mapping config information
2026-07-13 17:04:06.598 [pool-3-thread-1] INFO  com.rs.mv.mvvs.client.catalog.manager.U2CatalogManager - [client:400202]start a schedule task to get global/local catalog for content-type, its period 5s 
2026-07-13 17:04:06.598 [pool-3-thread-1] INFO  com.rs.mv.mvvs.client.catalog.manager.U2CatalogManager - [client:400203]cache file auto update thread launch in debug account
2026-07-13 17:04:06.598 [pool-3-thread-1] INFO  com.rs.mv.mvvs.client.catalog.from.config.DirsConfigReader - [client:400206]parse dir config information
2026-07-13 17:04:06.598 [pool-3-thread-1] INFO  com.rs.mv.mvvs.client.catalog.from.config.MappingConfigReader - [client:400207]parse mapping config information
2026-07-13 17:04:06.599 [pool-3-thread-1] INFO  com.rs.mv.mvvs.client.catalog.manager.U2CatalogManager - [client:400202]start a schedule task to get global/local catalog for debug, its period 5s 
2026-07-13 17:04:06.599 [pool-3-thread-1] INFO  com.rs.mv.mvvs.client.catalog.manager.U2CatalogManager - [client:400203]cache file auto update thread launch in brace-expansion account
2026-07-13 17:04:06.599 [pool-3-thread-1] INFO  com.rs.mv.mvvs.client.catalog.from.config.DirsConfigReader - [client:400206]parse dir config information
2026-07-13 17:04:06.599 [pool-3-thread-1] INFO  com.rs.mv.mvvs.client.catalog.from.config.MappingConfigReader - [client:400207]parse mapping config information
2026-07-13 17:04:06.599 [pool-3-thread-1] INFO  com.rs.mv.mvvs.client.catalog.manager.U2CatalogManager - [client:400202]start a schedule task to get global/local catalog for brace-expansion, its period 5s 
2026-07-13 17:04:06.600 [pool-3-thread-1] INFO  com.rs.mv.mvvs.client.catalog.manager.U2CatalogManager - [client:400203]cache file auto update thread launch in dist account
2026-07-13 17:04:06.600 [pool-3-thread-1] INFO  com.rs.mv.mvvs.client.catalog.from.config.DirsConfigReader - [client:400206]parse dir config information
2026-07-13 17:04:06.600 [pool-3-thread-1] INFO  com.rs.mv.mvvs.client.catalog.from.config.MappingConfigReader - [client:400207]parse mapping config information
2026-07-13 17:04:06.600 [pool-3-thread-1] INFO  com.rs.mv.mvvs.client.catalog.manager.U2CatalogManager - [client:400202]start a schedule task to get global/local catalog for dist, its period 5s 
2026-07-13 17:04:06.601 [pool-3-thread-1] INFO  com.rs.mv.mvvs.client.catalog.manager.U2CatalogManager - [client:400203]cache file auto update thread launch in braces account
2026-07-13 17:04:06.601 [pool-3-thread-1] INFO  com.rs.mv.mvvs.client.catalog.from.config.DirsConfigReader - [client:400206]parse dir config information
2026-07-13 17:04:06.601 [pool-3-thread-1] INFO  com.rs.mv.mvvs.client.catalog.from.config.MappingConfigReader - [client:400207]parse mapping config information
2026-07-13 17:04:06.602 [pool-3-thread-1] INFO  com.rs.mv.mvvs.client.catalog.manager.U2CatalogManager - [client:400202]start a schedule task to get global/local catalog for braces, its period 5s 
2026-07-13 17:04:06.602 [pool-3-thread-1] INFO  com.rs.mv.mvvs.client.catalog.manager.U2CatalogManager - [client:400203]cache file auto update thread launch in busboy account
2026-07-13 17:04:06.603 [pool-3-thread-1] INFO  com.rs.mv.mvvs.client.catalog.from.config.DirsConfigReader - [client:400206]parse dir config information
2026-07-13 17:04:06.603 [pool-3-thread-1] INFO  com.rs.mv.mvvs.client.catalog.from.config.MappingConfigReader - [client:400207]parse mapping config information
2026-07-13 17:04:06.603 [pool-3-thread-1] INFO  com.rs.mv.mvvs.client.catalog.manager.U2CatalogManager - [client:400202]start a schedule task to get global/local catalog for busboy, its period 5s 
2026-07-13 17:04:06.604 [pool-3-thread-1] INFO  com.rs.mv.mvvs.client.catalog.manager.U2CatalogManager - [client:400203]cache file auto update thread launch in .github account
2026-07-13 17:04:06.604 [pool-3-thread-1] INFO  com.rs.mv.mvvs.client.catalog.from.config.DirsConfigReader - [client:400206]parse dir config information
2026-07-13 17:04:06.604 [pool-3-thread-1] INFO  com.rs.mv.mvvs.client.catalog.from.config.MappingConfigReader - [client:400207]parse mapping config information
2026-07-13 17:04:06.604 [pool-3-thread-1] INFO  com.rs.mv.mvvs.client.catalog.manager.U2CatalogManager - [client:400202]start a schedule task to get global/local catalog for .github, its period 5s 
2026-07-13 17:04:06.605 [pool-3-thread-1] INFO  com.rs.mv.mvvs.client.catalog.manager.U2CatalogManager - [client:400203]cache file auto update thread launch in lib account
2026-07-13 17:04:06.605 [pool-3-thread-1] INFO  com.rs.mv.mvvs.client.catalog.from.config.DirsConfigReader - [client:400206]parse dir config information
2026-07-13 17:04:06.605 [pool-3-thread-1] INFO  com.rs.mv.mvvs.client.catalog.from.config.MappingConfigReader - [client:400207]parse mapping config information
2026-07-13 17:04:06.605 [pool-3-thread-1] INFO  com.rs.mv.mvvs.client.catalog.manager.U2CatalogManager - [client:400202]start a schedule task to get global/local catalog for lib, its period 5s 
2026-07-13 17:04:06.606 [pool-3-thread-1] INFO  com.rs.mv.mvvs.client.catalog.manager.U2CatalogManager - [client:400203]cache file auto update thread launch in call-bind-apply-helpers account
2026-07-13 17:04:06.606 [pool-3-thread-1] INFO  com.rs.mv.mvvs.client.catalog.from.config.DirsConfigReader - [client:400206]parse dir config information
2026-07-13 17:04:06.606 [pool-3-thread-1] INFO  com.rs.mv.mvvs.client.catalog.from.config.MappingConfigReader - [client:400207]parse mapping config information
2026-07-13 17:04:06.607 [pool-3-thread-1] INFO  com.rs.mv.mvvs.client.catalog.manager.U2CatalogManager - [client:400202]start a schedule task to get global/local catalog for call-bind-apply-helpers, its period 5s 
2026-07-13 17:04:06.607 [pool-3-thread-1] INFO  com.rs.mv.mvvs.client.catalog.manager.U2CatalogManager - [client:400203]cache file auto update thread launch in call-bound account
2026-07-13 17:04:06.607 [pool-3-thread-1] INFO  com.rs.mv.mvvs.client.catalog.from.config.DirsConfigReader - [client:400206]parse dir config information
2026-07-13 17:04:06.607 [pool-3-thread-1] INFO  com.rs.mv.mvvs.client.catalog.from.config.MappingConfigReader - [client:400207]parse mapping config information
2026-07-13 17:04:06.608 [pool-3-thread-1] INFO  com.rs.mv.mvvs.client.catalog.manager.U2CatalogManager - [client:400202]start a schedule task to get global/local catalog for call-bound, its period 5s 
2026-07-13 17:04:06.608 [pool-3-thread-1] INFO  com.rs.mv.mvvs.client.catalog.manager.U2CatalogManager - [client:400203]cache file auto update thread launch in call-me-maybe account
2026-07-13 17:04:06.609 [pool-3-thread-1] INFO  com.rs.mv.mvvs.client.catalog.from.config.DirsConfigReader - [client:400206]parse dir config information
2026-07-13 17:04:06.609 [pool-3-thread-1] INFO  com.rs.mv.mvvs.client.catalog.from.config.MappingConfigReader - [client:400207]parse mapping config information
2026-07-13 17:04:06.609 [pool-3-thread-1] INFO  com.rs.mv.mvvs.client.catalog.manager.U2CatalogManager - [client:400202]start a schedule task to get global/local catalog for call-me-maybe, its period 5s 
2026-07-13 17:04:06.609 [pool-3-thread-1] INFO  com.rs.mv.mvvs.client.catalog.manager.U2CatalogManager - [client:400203]cache file auto update thread launch in caniuse-lite account
2026-07-13 17:04:06.610 [pool-3-thread-1] INFO  com.rs.mv.mvvs.client.catalog.from.config.DirsConfigReader - [client:400206]parse dir config information
2026-07-13 17:04:06.610 [pool-3-thread-1] INFO  com.rs.mv.mvvs.client.catalog.from.config.MappingConfigReader - [client:400207]parse mapping config information
2026-07-13 17:04:06.610 [pool-3-thread-1] INFO  com.rs.mv.mvvs.client.catalog.manager.U2CatalogManager - [client:400202]start a schedule task to get global/local catalog for caniuse-lite, its period 5s 
2026-07-13 17:04:06.611 [pool-3-thread-1] INFO  com.rs.mv.mvvs.client.catalog.manager.U2CatalogManager - [client:400203]cache file auto update thread launch in data account
2026-07-13 17:04:06.611 [pool-3-thread-1] INFO  com.rs.mv.mvvs.client.catalog.from.config.DirsConfigReader - [client:400206]parse dir config information
2026-07-13 17:04:06.611 [pool-3-thread-1] INFO  com.rs.mv.mvvs.client.catalog.from.config.MappingConfigReader - [client:400207]parse mapping config information
2026-07-13 17:04:06.611 [pool-3-thread-1] INFO  com.rs.mv.mvvs.client.catalog.manager.U2CatalogManager - [client:400202]start a schedule task to get global/local catalog for data, its period 5s 
2026-07-13 17:04:06.611 [pool-3-thread-1] INFO  com.rs.mv.mvvs.client.catalog.manager.U2CatalogManager - [client:400203]cache file auto update thread launch in dist account
2026-07-13 17:04:06.612 [pool-3-thread-1] INFO  com.rs.mv.mvvs.client.catalog.from.config.DirsConfigReader - [client:400206]parse dir config information
2026-07-13 17:04:06.612 [pool-3-thread-1] INFO  com.rs.mv.mvvs.client.catalog.from.config.MappingConfigReader - [client:400207]parse mapping config information
2026-07-13 17:04:06.612 [pool-3-thread-1] INFO  com.rs.mv.mvvs.client.catalog.manager.U2CatalogManager - [client:400202]start a schedule task to get global/local catalog for dist, its period 5s 
2026-07-13 17:04:06.612 [pool-3-thread-1] INFO  com.rs.mv.mvvs.client.catalog.manager.U2CatalogManager - [client:400203]cache file auto update thread launch in chalk account
2026-07-13 17:04:06.612 [pool-3-thread-1] INFO  com.rs.mv.mvvs.client.catalog.from.config.DirsConfigReader - [client:400206]parse dir config information
2026-07-13 17:04:06.613 [pool-3-thread-1] INFO  com.rs.mv.mvvs.client.catalog.from.config.MappingConfigReader - [client:400207]parse mapping config information
2026-07-13 17:04:06.613 [pool-3-thread-1] INFO  com.rs.mv.mvvs.client.catalog.manager.U2CatalogManager - [client:400202]start a schedule task to get global/local catalog for chalk, its period 5s 
2026-07-13 17:04:06.613 [pool-3-thread-1] INFO  com.rs.mv.mvvs.client.catalog.manager.U2CatalogManager - [client:400203]cache file auto update thread launch in chokidar account
2026-07-13 17:04:06.613 [pool-3-thread-1] INFO  com.rs.mv.mvvs.client.catalog.from.config.DirsConfigReader - [client:400206]parse dir config information
2026-07-13 17:04:06.613 [pool-3-thread-1] INFO  com.rs.mv.mvvs.client.catalog.from.config.MappingConfigReader - [client:400207]parse mapping config information
2026-07-13 17:04:06.614 [pool-3-thread-1] INFO  com.rs.mv.mvvs.client.catalog.manager.U2CatalogManager - [client:400202]start a schedule task to get global/local catalog for chokidar, its period 5s 
2026-07-13 17:04:06.614 [pool-3-thread-1] INFO  com.rs.mv.mvvs.client.catalog.manager.U2CatalogManager - [client:400203]cache file auto update thread launch in cjs-module-lexer account
2026-07-13 17:04:06.614 [pool-3-thread-1] INFO  com.rs.mv.mvvs.client.catalog.from.config.DirsConfigReader - [client:400206]parse dir config information
2026-07-13 17:04:06.614 [pool-3-thread-1] INFO  com.rs.mv.mvvs.client.catalog.from.config.MappingConfigReader - [client:400207]parse mapping config information
2026-07-13 17:04:06.615 [pool-3-thread-1] INFO  com.rs.mv.mvvs.client.catalog.manager.U2CatalogManager - [client:400202]start a schedule task to get global/local catalog for cjs-module-lexer, its period 5s 
2026-07-13 17:04:06.615 [pool-3-thread-1] INFO  com.rs.mv.mvvs.client.catalog.manager.U2CatalogManager - [client:400203]cache file auto update thread launch in cliui account
2026-07-13 17:04:06.615 [pool-3-thread-1] INFO  com.rs.mv.mvvs.client.catalog.from.config.DirsConfigReader - [client:400206]parse dir config information
2026-07-13 17:04:06.615 [pool-3-thread-1] INFO  com.rs.mv.mvvs.client.catalog.from.config.MappingConfigReader - [client:400207]parse mapping config information
2026-07-13 17:04:06.615 [pool-3-thread-1] INFO  com.rs.mv.mvvs.client.catalog.manager.U2CatalogManager - [client:400202]start a schedule task to get global/local catalog for cliui, its period 5s 
2026-07-13 17:04:06.616 [pool-3-thread-1] INFO  com.rs.mv.mvvs.client.catalog.manager.U2CatalogManager - [client:400203]cache file auto update thread launch in build account
2026-07-13 17:04:06.616 [pool-3-thread-1] INFO  com.rs.mv.mvvs.client.catalog.from.config.DirsConfigReader - [client:400206]parse dir config information
2026-07-13 17:04:06.616 [pool-3-thread-1] INFO  com.rs.mv.mvvs.client.catalog.from.config.MappingConfigReader - [client:400207]parse mapping config information
2026-07-13 17:04:06.616 [pool-3-thread-1] INFO  com.rs.mv.mvvs.client.catalog.manager.U2CatalogManager - [client:400202]start a schedule task to get global/local catalog for build, its period 5s 
2026-07-13 17:04:06.617 [pool-3-thread-1] INFO  com.rs.mv.mvvs.client.catalog.manager.U2CatalogManager - [client:400203]cache file auto update thread launch in combined-stream account
2026-07-13 17:04:06.617 [pool-3-thread-1] INFO  com.rs.mv.mvvs.client.catalog.from.config.DirsConfigReader - [client:400206]parse dir config information
2026-07-13 17:04:06.617 [pool-3-thread-1] INFO  com.rs.mv.mvvs.client.catalog.from.config.MappingConfigReader - [client:400207]parse mapping config information
2026-07-13 17:04:06.617 [pool-3-thread-1] INFO  com.rs.mv.mvvs.client.catalog.manager.U2CatalogManager - [client:400202]start a schedule task to get global/local catalog for combined-stream, its period 5s 
2026-07-13 17:04:06.617 [pool-3-thread-1] INFO  com.rs.mv.mvvs.client.catalog.manager.U2CatalogManager - [client:400203]cache file auto update thread launch in commander account
2026-07-13 17:04:06.618 [pool-3-thread-1] INFO  com.rs.mv.mvvs.client.catalog.from.config.DirsConfigReader - [client:400206]parse dir config information
2026-07-13 17:04:06.618 [pool-3-thread-1] INFO  com.rs.mv.mvvs.client.catalog.from.config.MappingConfigReader - [client:400207]parse mapping config information
2026-07-13 17:04:06.618 [pool-3-thread-1] INFO  com.rs.mv.mvvs.client.catalog.manager.U2CatalogManager - [client:400202]start a schedule task to get global/local catalog for commander, its period 5s 
2026-07-13 17:04:06.618 [pool-3-thread-1] INFO  com.rs.mv.mvvs.client.catalog.manager.U2CatalogManager - [client:400203]cache file auto update thread launch in concat-map account
2026-07-13 17:04:06.618 [pool-3-thread-1] INFO  com.rs.mv.mvvs.client.catalog.from.config.DirsConfigReader - [client:400206]parse dir config information
2026-07-13 17:04:06.619 [pool-3-thread-1] INFO  com.rs.mv.mvvs.client.catalog.from.config.MappingConfigReader - [client:400207]parse mapping config information
2026-07-13 17:04:06.619 [pool-3-thread-1] INFO  com.rs.mv.mvvs.client.catalog.manager.U2CatalogManager - [client:400202]start a schedule task to get global/local catalog for concat-map, its period 5s 
2026-07-13 17:04:06.619 [pool-3-thread-1] INFO  com.rs.mv.mvvs.client.catalog.manager.U2CatalogManager - [client:400203]cache file auto update thread launch in cors account
2026-07-13 17:04:06.619 [pool-3-thread-1] INFO  com.rs.mv.mvvs.client.catalog.from.config.DirsConfigReader - [client:400206]parse dir config information
2026-07-13 17:04:06.619 [pool-3-thread-1] INFO  com.rs.mv.mvvs.client.catalog.from.config.MappingConfigReader - [client:400207]parse mapping config information
2026-07-13 17:04:06.620 [pool-3-thread-1] INFO  com.rs.mv.mvvs.client.catalog.manager.U2CatalogManager - [client:400202]start a schedule task to get global/local catalog for cors, its period 5s 
2026-07-13 17:04:06.620 [pool-3-thread-1] INFO  com.rs.mv.mvvs.client.catalog.manager.U2CatalogManager - [client:400203]cache file auto update thread launch in cross-spawn account
2026-07-13 17:04:06.620 [pool-3-thread-1] INFO  com.rs.mv.mvvs.client.catalog.from.config.DirsConfigReader - [client:400206]parse dir config information
2026-07-13 17:04:06.620 [pool-3-thread-1] INFO  com.rs.mv.mvvs.client.catalog.from.config.MappingConfigReader - [client:400207]parse mapping config information
2026-07-13 17:04:06.621 [pool-3-thread-1] INFO  com.rs.mv.mvvs.client.catalog.manager.U2CatalogManager - [client:400202]start a schedule task to get global/local catalog for cross-spawn, its period 5s 
2026-07-13 17:04:06.621 [pool-3-thread-1] INFO  com.rs.mv.mvvs.client.catalog.manager.U2CatalogManager - [client:400203]cache file auto update thread launch in lib account
2026-07-13 17:04:06.622 [pool-3-thread-1] INFO  com.rs.mv.mvvs.client.catalog.from.config.DirsConfigReader - [client:400206]parse dir config information
2026-07-13 17:04:06.622 [pool-3-thread-1] INFO  com.rs.mv.mvvs.client.catalog.from.config.MappingConfigReader - [client:400207]parse mapping config information
2026-07-13 17:04:06.622 [pool-3-thread-1] INFO  com.rs.mv.mvvs.client.catalog.manager.U2CatalogManager - [client:400202]start a schedule task to get global/local catalog for lib, its period 5s 
2026-07-13 17:04:06.622 [pool-3-thread-1] INFO  com.rs.mv.mvvs.client.catalog.manager.U2CatalogManager - [client:400203]cache file auto update thread launch in debug account
2026-07-13 17:04:06.622 [pool-3-thread-1] INFO  com.rs.mv.mvvs.client.catalog.from.config.DirsConfigReader - [client:400206]parse dir config information
2026-07-13 17:04:06.623 [pool-3-thread-1] INFO  com.rs.mv.mvvs.client.catalog.from.config.MappingConfigReader - [client:400207]parse mapping config information
2026-07-13 17:04:06.623 [pool-3-thread-1] INFO  com.rs.mv.mvvs.client.catalog.manager.U2CatalogManager - [client:400202]start a schedule task to get global/local catalog for debug, its period 5s 
2026-07-13 17:04:06.623 [pool-3-thread-1] INFO  com.rs.mv.mvvs.client.catalog.manager.U2CatalogManager - [client:400203]cache file auto update thread launch in dedent account
2026-07-13 17:04:06.623 [pool-3-thread-1] INFO  com.rs.mv.mvvs.client.catalog.from.config.DirsConfigReader - [client:400206]parse dir config information
2026-07-13 17:04:06.623 [pool-3-thread-1] INFO  com.rs.mv.mvvs.client.catalog.from.config.MappingConfigReader - [client:400207]parse mapping config information
2026-07-13 17:04:06.624 [pool-3-thread-1] INFO  com.rs.mv.mvvs.client.catalog.manager.U2CatalogManager - [client:400202]start a schedule task to get global/local catalog for dedent, its period 5s 
2026-07-13 17:04:06.624 [pool-3-thread-1] INFO  com.rs.mv.mvvs.client.catalog.manager.U2CatalogManager - [client:400203]cache file auto update thread launch in deepmerge account
2026-07-13 17:04:06.624 [pool-3-thread-1] INFO  com.rs.mv.mvvs.client.catalog.from.config.DirsConfigReader - [client:400206]parse dir config information
2026-07-13 17:04:06.625 [pool-3-thread-1] INFO  com.rs.mv.mvvs.client.catalog.from.config.MappingConfigReader - [client:400207]parse mapping config information
2026-07-13 17:04:06.625 [pool-3-thread-1] INFO  com.rs.mv.mvvs.client.catalog.manager.U2CatalogManager - [client:400202]start a schedule task to get global/local catalog for deepmerge, its period 5s 
2026-07-13 17:04:06.625 [pool-3-thread-1] INFO  com.rs.mv.mvvs.client.catalog.manager.U2CatalogManager - [client:400203]cache file auto update thread launch in delayed-stream account
2026-07-13 17:04:06.626 [pool-3-thread-1] INFO  com.rs.mv.mvvs.client.catalog.from.config.DirsConfigReader - [client:400206]parse dir config information
2026-07-13 17:04:06.626 [pool-3-thread-1] INFO  com.rs.mv.mvvs.client.catalog.from.config.MappingConfigReader - [client:400207]parse mapping config information
2026-07-13 17:04:06.626 [pool-3-thread-1] INFO  com.rs.mv.mvvs.client.catalog.manager.U2CatalogManager - [client:400202]start a schedule task to get global/local catalog for delayed-stream, its period 5s 
2026-07-13 17:04:06.627 [pool-3-thread-1] INFO  com.rs.mv.mvvs.client.catalog.manager.U2CatalogManager - [client:400203]cache file auto update thread launch in depd account
2026-07-13 17:04:06.627 [pool-3-thread-1] INFO  com.rs.mv.mvvs.client.catalog.from.config.DirsConfigReader - [client:400206]parse dir config information
2026-07-13 17:04:06.627 [pool-3-thread-1] INFO  com.rs.mv.mvvs.client.catalog.from.config.MappingConfigReader - [client:400207]parse mapping config information
2026-07-13 17:04:06.628 [pool-3-thread-1] INFO  com.rs.mv.mvvs.client.catalog.manager.U2CatalogManager - [client:400202]start a schedule task to get global/local catalog for depd, its period 5s 
2026-07-13 17:04:06.628 [pool-3-thread-1] INFO  com.rs.mv.mvvs.client.catalog.manager.U2CatalogManager - [client:400203]cache file auto update thread launch in lib account
2026-07-13 17:04:06.628 [pool-3-thread-1] INFO  com.rs.mv.mvvs.client.catalog.from.config.DirsConfigReader - [client:400206]parse dir config information
2026-07-13 17:04:06.629 [pool-3-thread-1] INFO  com.rs.mv.mvvs.client.catalog.from.config.MappingConfigReader - [client:400207]parse mapping config information
2026-07-13 17:04:06.629 [pool-3-thread-1] INFO  com.rs.mv.mvvs.client.catalog.manager.U2CatalogManager - [client:400202]start a schedule task to get global/local catalog for lib, its period 5s 
2026-07-13 17:04:06.629 [pool-3-thread-1] INFO  com.rs.mv.mvvs.client.catalog.manager.U2CatalogManager - [client:400203]cache file auto update thread launch in doctrine account
2026-07-13 17:04:06.629 [pool-3-thread-1] INFO  com.rs.mv.mvvs.client.catalog.from.config.DirsConfigReader - [client:400206]parse dir config information
2026-07-13 17:04:06.629 [pool-3-thread-1] INFO  com.rs.mv.mvvs.client.catalog.from.config.MappingConfigReader - [client:400207]parse mapping config information
2026-07-13 17:04:06.630 [pool-3-thread-1] INFO  com.rs.mv.mvvs.client.catalog.manager.U2CatalogManager - [client:400202]start a schedule task to get global/local catalog for doctrine, its period 5s 
2026-07-13 17:04:06.630 [pool-3-thread-1] INFO  com.rs.mv.mvvs.client.catalog.manager.U2CatalogManager - [client:400203]cache file auto update thread launch in dotenv account
2026-07-13 17:04:06.630 [pool-3-thread-1] INFO  com.rs.mv.mvvs.client.catalog.from.config.DirsConfigReader - [client:400206]parse dir config information
2026-07-13 17:04:06.630 [pool-3-thread-1] INFO  com.rs.mv.mvvs.client.catalog.from.config.MappingConfigReader - [client:400207]parse mapping config information
2026-07-13 17:04:06.631 [pool-3-thread-1] INFO  com.rs.mv.mvvs.client.catalog.manager.U2CatalogManager - [client:400202]start a schedule task to get global/local catalog for dotenv, its period 5s 
2026-07-13 17:04:06.631 [pool-3-thread-1] INFO  com.rs.mv.mvvs.client.catalog.manager.U2CatalogManager - [client:400203]cache file auto update thread launch in skills account
2026-07-13 17:04:06.631 [pool-3-thread-1] INFO  com.rs.mv.mvvs.client.catalog.from.config.DirsConfigReader - [client:400206]parse dir config information
2026-07-13 17:04:06.632 [pool-3-thread-1] INFO  com.rs.mv.mvvs.client.catalog.from.config.MappingConfigReader - [client:400207]parse mapping config information
2026-07-13 17:04:06.632 [pool-3-thread-1] INFO  com.rs.mv.mvvs.client.catalog.manager.U2CatalogManager - [client:400202]start a schedule task to get global/local catalog for skills, its period 5s 
2026-07-13 17:04:06.632 [pool-3-thread-1] INFO  com.rs.mv.mvvs.client.catalog.manager.U2CatalogManager - [client:400203]cache file auto update thread launch in dunder-proto account
2026-07-13 17:04:06.632 [pool-3-thread-1] INFO  com.rs.mv.mvvs.client.catalog.from.config.DirsConfigReader - [client:400206]parse dir config information
2026-07-13 17:04:06.633 [pool-3-thread-1] INFO  com.rs.mv.mvvs.client.catalog.from.config.MappingConfigReader - [client:400207]parse mapping config information
2026-07-13 17:04:06.633 [pool-3-thread-1] INFO  com.rs.mv.mvvs.client.catalog.manager.U2CatalogManager - [client:400202]start a schedule task to get global/local catalog for dunder-proto, its period 5s 
2026-07-13 17:04:06.633 [pool-3-thread-1] INFO  com.rs.mv.mvvs.client.catalog.manager.U2CatalogManager - [client:400203]cache file auto update thread launch in ecdsa-sig-formatter account
2026-07-13 17:04:06.633 [pool-3-thread-1] INFO  com.rs.mv.mvvs.client.catalog.from.config.DirsConfigReader - [client:400206]parse dir config information
2026-07-13 17:04:06.633 [pool-3-thread-1] INFO  com.rs.mv.mvvs.client.catalog.from.config.MappingConfigReader - [client:400207]parse mapping config information
2026-07-13 17:04:06.634 [pool-3-thread-1] INFO  com.rs.mv.mvvs.client.catalog.manager.U2CatalogManager - [client:400202]start a schedule task to get global/local catalog for ecdsa-sig-formatter, its period 5s 
2026-07-13 17:04:06.634 [pool-3-thread-1] INFO  com.rs.mv.mvvs.client.catalog.manager.U2CatalogManager - [client:400203]cache file auto update thread launch in emoji-regex account
2026-07-13 17:04:06.634 [pool-3-thread-1] INFO  com.rs.mv.mvvs.client.catalog.from.config.DirsConfigReader - [client:400206]parse dir config information
2026-07-13 17:04:06.634 [pool-3-thread-1] INFO  com.rs.mv.mvvs.client.catalog.from.config.MappingConfigReader - [client:400207]parse mapping config information
2026-07-13 17:04:06.634 [pool-3-thread-1] INFO  com.rs.mv.mvvs.client.catalog.manager.U2CatalogManager - [client:400202]start a schedule task to get global/local catalog for emoji-regex, its period 5s 
2026-07-13 17:04:06.635 [pool-3-thread-1] INFO  com.rs.mv.mvvs.client.catalog.manager.U2CatalogManager - [client:400203]cache file auto update thread launch in es-define-property account
2026-07-13 17:04:06.635 [pool-3-thread-1] INFO  com.rs.mv.mvvs.client.catalog.from.config.DirsConfigReader - [client:400206]parse dir config information
2026-07-13 17:04:06.635 [pool-3-thread-1] INFO  com.rs.mv.mvvs.client.catalog.from.config.MappingConfigReader - [client:400207]parse mapping config information
2026-07-13 17:04:06.635 [pool-3-thread-1] INFO  com.rs.mv.mvvs.client.catalog.manager.U2CatalogManager - [client:400202]start a schedule task to get global/local catalog for es-define-property, its period 5s 
2026-07-13 17:04:06.635 [pool-3-thread-1] INFO  com.rs.mv.mvvs.client.catalog.manager.U2CatalogManager - [client:400203]cache file auto update thread launch in es-errors account
2026-07-13 17:04:06.636 [pool-3-thread-1] INFO  com.rs.mv.mvvs.client.catalog.from.config.DirsConfigReader - [client:400206]parse dir config information
2026-07-13 17:04:06.636 [pool-3-thread-1] INFO  com.rs.mv.mvvs.client.catalog.from.config.MappingConfigReader - [client:400207]parse mapping config information
2026-07-13 17:04:06.636 [pool-3-thread-1] INFO  com.rs.mv.mvvs.client.catalog.manager.U2CatalogManager - [client:400202]start a schedule task to get global/local catalog for es-errors, its period 5s 
2026-07-13 17:04:06.636 [pool-3-thread-1] INFO  com.rs.mv.mvvs.client.catalog.manager.U2CatalogManager - [client:400203]cache file auto update thread launch in es-object-atoms account
2026-07-13 17:04:06.637 [pool-3-thread-1] INFO  com.rs.mv.mvvs.client.catalog.from.config.DirsConfigReader - [client:400206]parse dir config information
2026-07-13 17:04:06.637 [pool-3-thread-1] INFO  com.rs.mv.mvvs.client.catalog.from.config.MappingConfigReader - [client:400207]parse mapping config information
2026-07-13 17:04:06.637 [pool-3-thread-1] INFO  com.rs.mv.mvvs.client.catalog.manager.U2CatalogManager - [client:400202]start a schedule task to get global/local catalog for es-object-atoms, its period 5s 
2026-07-13 17:04:06.638 [pool-3-thread-1] INFO  com.rs.mv.mvvs.client.catalog.manager.U2CatalogManager - [client:400203]cache file auto update thread launch in es-set-tostringtag account
2026-07-13 17:04:06.638 [pool-3-thread-1] INFO  com.rs.mv.mvvs.client.catalog.from.config.DirsConfigReader - [client:400206]parse dir config information
2026-07-13 17:04:06.638 [pool-3-thread-1] INFO  com.rs.mv.mvvs.client.catalog.from.config.MappingConfigReader - [client:400207]parse mapping config information
2026-07-13 17:04:06.638 [pool-3-thread-1] INFO  com.rs.mv.mvvs.client.catalog.manager.U2CatalogManager - [client:400202]start a schedule task to get global/local catalog for es-set-tostringtag, its period 5s 
2026-07-13 17:04:06.639 [pool-3-thread-1] INFO  com.rs.mv.mvvs.client.catalog.manager.U2CatalogManager - [client:400203]cache file auto update thread launch in escalade account
2026-07-13 17:04:06.639 [pool-3-thread-1] INFO  com.rs.mv.mvvs.client.catalog.from.config.DirsConfigReader - [client:400206]parse dir config information
2026-07-13 17:04:06.639 [pool-3-thread-1] INFO  com.rs.mv.mvvs.client.catalog.from.config.MappingConfigReader - [client:400207]parse mapping config information
2026-07-13 17:04:06.639 [pool-3-thread-1] INFO  com.rs.mv.mvvs.client.catalog.manager.U2CatalogManager - [client:400202]start a schedule task to get global/local catalog for escalade, its period 5s 
2026-07-13 17:04:06.639 [pool-3-thread-1] INFO  com.rs.mv.mvvs.client.catalog.manager.U2CatalogManager - [client:400203]cache file auto update thread launch in esprima account
2026-07-13 17:04:06.640 [pool-3-thread-1] INFO  com.rs.mv.mvvs.client.catalog.from.config.DirsConfigReader - [client:400206]parse dir config information
2026-07-13 17:04:06.640 [pool-3-thread-1] INFO  com.rs.mv.mvvs.client.catalog.from.config.MappingConfigReader - [client:400207]parse mapping config information
2026-07-13 17:04:06.640 [pool-3-thread-1] INFO  com.rs.mv.mvvs.client.catalog.manager.U2CatalogManager - [client:400202]start a schedule task to get global/local catalog for esprima, its period 5s 
2026-07-13 17:04:06.640 [pool-3-thread-1] INFO  com.rs.mv.mvvs.client.catalog.manager.U2CatalogManager - [client:400203]cache file auto update thread launch in esutils account
2026-07-13 17:04:06.640 [pool-3-thread-1] INFO  com.rs.mv.mvvs.client.catalog.from.config.DirsConfigReader - [client:400206]parse dir config information
2026-07-13 17:04:06.640 [pool-3-thread-1] INFO  com.rs.mv.mvvs.client.catalog.from.config.MappingConfigReader - [client:400207]parse mapping config information
2026-07-13 17:04:06.640 [pool-3-thread-1] INFO  com.rs.mv.mvvs.client.catalog.manager.U2CatalogManager - [client:400202]start a schedule task to get global/local catalog for esutils, its period 5s 
2026-07-13 17:04:06.640 [pool-3-thread-1] INFO  com.rs.mv.mvvs.client.catalog.manager.U2CatalogManager - [client:400203]cache file auto update thread launch in execa account
2026-07-13 17:04:06.641 [pool-3-thread-1] INFO  com.rs.mv.mvvs.client.catalog.from.config.DirsConfigReader - [client:400206]parse dir config information
2026-07-13 17:04:06.641 [pool-3-thread-1] INFO  com.rs.mv.mvvs.client.catalog.from.config.MappingConfigReader - [client:400207]parse mapping config information
2026-07-13 17:04:06.641 [pool-3-thread-1] INFO  com.rs.mv.mvvs.client.catalog.manager.U2CatalogManager - [client:400202]start a schedule task to get global/local catalog for execa, its period 5s 
2026-07-13 17:04:06.641 [pool-3-thread-1] INFO  com.rs.mv.mvvs.client.catalog.manager.U2CatalogManager - [client:400203]cache file auto update thread launch in node_modules account
2026-07-13 17:04:06.641 [pool-3-thread-1] INFO  com.rs.mv.mvvs.client.catalog.from.config.DirsConfigReader - [client:400206]parse dir config information
2026-07-13 17:04:06.641 [pool-3-thread-1] INFO  com.rs.mv.mvvs.client.catalog.from.config.MappingConfigReader - [client:400207]parse mapping config information
2026-07-13 17:04:06.641 [pool-3-thread-1] INFO  com.rs.mv.mvvs.client.catalog.manager.U2CatalogManager - [client:400202]start a schedule task to get global/local catalog for node_modules, its period 5s 
2026-07-13 17:04:06.642 [pool-3-thread-1] INFO  com.rs.mv.mvvs.client.catalog.manager.U2CatalogManager - [client:400203]cache file auto update thread launch in exit-x account
2026-07-13 17:04:06.642 [pool-3-thread-1] INFO  com.rs.mv.mvvs.client.catalog.from.config.DirsConfigReader - [client:400206]parse dir config information
2026-07-13 17:04:06.642 [pool-3-thread-1] INFO  com.rs.mv.mvvs.client.catalog.from.config.MappingConfigReader - [client:400207]parse mapping config information
2026-07-13 17:04:06.642 [pool-3-thread-1] INFO  com.rs.mv.mvvs.client.catalog.manager.U2CatalogManager - [client:400202]start a schedule task to get global/local catalog for exit-x, its period 5s 
2026-07-13 17:04:06.642 [pool-3-thread-1] INFO  com.rs.mv.mvvs.client.catalog.manager.U2CatalogManager - [client:400203]cache file auto update thread launch in .github account
2026-07-13 17:04:06.642 [pool-3-thread-1] INFO  com.rs.mv.mvvs.client.catalog.from.config.DirsConfigReader - [client:400206]parse dir config information
2026-07-13 17:04:06.642 [pool-3-thread-1] INFO  com.rs.mv.mvvs.client.catalog.from.config.MappingConfigReader - [client:400207]parse mapping config information
2026-07-13 17:04:06.642 [pool-3-thread-1] INFO  com.rs.mv.mvvs.client.catalog.manager.U2CatalogManager - [client:400202]start a schedule task to get global/local catalog for .github, its period 5s 
2026-07-13 17:04:06.643 [pool-3-thread-1] INFO  com.rs.mv.mvvs.client.catalog.manager.U2CatalogManager - [client:400203]cache file auto update thread launch in test account
2026-07-13 17:04:06.643 [pool-3-thread-1] INFO  com.rs.mv.mvvs.client.catalog.from.config.DirsConfigReader - [client:400206]parse dir config information
2026-07-13 17:04:06.643 [pool-3-thread-1] INFO  com.rs.mv.mvvs.client.catalog.from.config.MappingConfigReader - [client:400207]parse mapping config information
2026-07-13 17:04:06.643 [pool-3-thread-1] INFO  com.rs.mv.mvvs.client.catalog.manager.U2CatalogManager - [client:400202]start a schedule task to get global/local catalog for test, its period 5s 
2026-07-13 17:04:06.643 [pool-3-thread-1] INFO  com.rs.mv.mvvs.client.catalog.manager.U2CatalogManager - [client:400203]cache file auto update thread launch in expect account
2026-07-13 17:04:06.644 [pool-3-thread-1] INFO  com.rs.mv.mvvs.client.catalog.from.config.DirsConfigReader - [client:400206]parse dir config information
2026-07-13 17:04:06.644 [pool-3-thread-1] INFO  com.rs.mv.mvvs.client.catalog.from.config.MappingConfigReader - [client:400207]parse mapping config information
2026-07-13 17:04:06.644 [pool-3-thread-1] INFO  com.rs.mv.mvvs.client.catalog.manager.U2CatalogManager - [client:400202]start a schedule task to get global/local catalog for expect, its period 5s 
2026-07-13 17:04:06.645 [pool-3-thread-1] INFO  com.rs.mv.mvvs.client.catalog.manager.U2CatalogManager - [client:400203]cache file auto update thread launch in express account
2026-07-13 17:04:06.645 [pool-3-thread-1] INFO  com.rs.mv.mvvs.client.catalog.from.config.DirsConfigReader - [client:400206]parse dir config information
2026-07-13 17:04:06.645 [pool-3-thread-1] INFO  com.rs.mv.mvvs.client.catalog.from.config.MappingConfigReader - [client:400207]parse mapping config information
2026-07-13 17:04:06.645 [pool-3-thread-1] INFO  com.rs.mv.mvvs.client.catalog.manager.U2CatalogManager - [client:400202]start a schedule task to get global/local catalog for express, its period 5s 
2026-07-13 17:04:06.646 [pool-3-thread-1] INFO  com.rs.mv.mvvs.client.catalog.manager.U2CatalogManager - [client:400203]cache file auto update thread launch in node_modules account
2026-07-13 17:04:06.646 [pool-3-thread-1] INFO  com.rs.mv.mvvs.client.catalog.from.config.DirsConfigReader - [client:400206]parse dir config information
2026-07-13 17:04:06.646 [pool-3-thread-1] INFO  com.rs.mv.mvvs.client.catalog.from.config.MappingConfigReader - [client:400207]parse mapping config information
2026-07-13 17:04:06.646 [pool-3-thread-1] INFO  com.rs.mv.mvvs.client.catalog.manager.U2CatalogManager - [client:400202]start a schedule task to get global/local catalog for node_modules, its period 5s 
2026-07-13 17:04:06.646 [pool-3-thread-1] INFO  com.rs.mv.mvvs.client.catalog.manager.U2CatalogManager - [client:400203]cache file auto update thread launch in debug account
2026-07-13 17:04:06.646 [pool-3-thread-1] INFO  com.rs.mv.mvvs.client.catalog.from.config.DirsConfigReader - [client:400206]parse dir config information
2026-07-13 17:04:06.647 [pool-3-thread-1] INFO  com.rs.mv.mvvs.client.catalog.from.config.MappingConfigReader - [client:400207]parse mapping config information
2026-07-13 17:04:06.647 [pool-3-thread-1] INFO  com.rs.mv.mvvs.client.catalog.manager.U2CatalogManager - [client:400202]start a schedule task to get global/local catalog for debug, its period 5s 
2026-07-13 17:04:06.647 [pool-3-thread-1] INFO  com.rs.mv.mvvs.client.catalog.manager.U2CatalogManager - [client:400203]cache file auto update thread launch in express-validator account
2026-07-13 17:04:06.647 [pool-3-thread-1] INFO  com.rs.mv.mvvs.client.catalog.from.config.DirsConfigReader - [client:400206]parse dir config information
2026-07-13 17:04:06.647 [pool-3-thread-1] INFO  com.rs.mv.mvvs.client.catalog.from.config.MappingConfigReader - [client:400207]parse mapping config information
2026-07-13 17:04:06.648 [pool-3-thread-1] INFO  com.rs.mv.mvvs.client.catalog.manager.U2CatalogManager - [client:400202]start a schedule task to get global/local catalog for express-validator, its period 5s 
2026-07-13 17:04:06.648 [pool-3-thread-1] INFO  com.rs.mv.mvvs.client.catalog.manager.U2CatalogManager - [client:400203]cache file auto update thread launch in lib account
2026-07-13 17:04:06.648 [pool-3-thread-1] INFO  com.rs.mv.mvvs.client.catalog.from.config.DirsConfigReader - [client:400206]parse dir config information
2026-07-13 17:04:06.648 [pool-3-thread-1] INFO  com.rs.mv.mvvs.client.catalog.from.config.MappingConfigReader - [client:400207]parse mapping config information
2026-07-13 17:04:06.649 [pool-3-thread-1] INFO  com.rs.mv.mvvs.client.catalog.manager.U2CatalogManager - [client:400202]start a schedule task to get global/local catalog for lib, its period 5s 
2026-07-13 17:04:06.649 [pool-3-thread-1] INFO  com.rs.mv.mvvs.client.catalog.manager.U2CatalogManager - [client:400203]cache file auto update thread launch in fast-deep-equal account
2026-07-13 17:04:06.649 [pool-3-thread-1] INFO  com.rs.mv.mvvs.client.catalog.from.config.DirsConfigReader - [client:400206]parse dir config information
2026-07-13 17:04:06.649 [pool-3-thread-1] INFO  com.rs.mv.mvvs.client.catalog.from.config.MappingConfigReader - [client:400207]parse mapping config information
2026-07-13 17:04:06.650 [pool-3-thread-1] INFO  com.rs.mv.mvvs.client.catalog.manager.U2CatalogManager - [client:400202]start a schedule task to get global/local catalog for fast-deep-equal, its period 5s 
2026-07-13 17:04:06.650 [pool-3-thread-1] INFO  com.rs.mv.mvvs.client.catalog.manager.U2CatalogManager - [client:400203]cache file auto update thread launch in fast-json-stable-stringify account
2026-07-13 17:04:06.650 [pool-3-thread-1] INFO  com.rs.mv.mvvs.client.catalog.from.config.DirsConfigReader - [client:400206]parse dir config information
2026-07-13 17:04:06.651 [pool-3-thread-1] INFO  com.rs.mv.mvvs.client.catalog.from.config.MappingConfigReader - [client:400207]parse mapping config information
2026-07-13 17:04:06.651 [pool-3-thread-1] INFO  com.rs.mv.mvvs.client.catalog.manager.U2CatalogManager - [client:400202]start a schedule task to get global/local catalog for fast-json-stable-stringify, its period 5s 
2026-07-13 17:04:06.651 [pool-3-thread-1] INFO  com.rs.mv.mvvs.client.catalog.manager.U2CatalogManager - [client:400203]cache file auto update thread launch in fast-uri account
2026-07-13 17:04:06.651 [pool-3-thread-1] INFO  com.rs.mv.mvvs.client.catalog.from.config.DirsConfigReader - [client:400206]parse dir config information
2026-07-13 17:04:06.651 [pool-3-thread-1] INFO  com.rs.mv.mvvs.client.catalog.from.config.MappingConfigReader - [client:400207]parse mapping config information
2026-07-13 17:04:06.652 [pool-3-thread-1] INFO  com.rs.mv.mvvs.client.catalog.manager.U2CatalogManager - [client:400202]start a schedule task to get global/local catalog for fast-uri, its period 5s 
2026-07-13 17:04:06.652 [pool-3-thread-1] INFO  com.rs.mv.mvvs.client.catalog.manager.U2CatalogManager - [client:400203]cache file auto update thread launch in .github account
2026-07-13 17:04:06.652 [pool-3-thread-1] INFO  com.rs.mv.mvvs.client.catalog.from.config.DirsConfigReader - [client:400206]parse dir config information
2026-07-13 17:04:06.653 [pool-3-thread-1] INFO  com.rs.mv.mvvs.client.catalog.from.config.MappingConfigReader - [client:400207]parse mapping config information
2026-07-13 17:04:06.653 [pool-3-thread-1] INFO  com.rs.mv.mvvs.client.catalog.manager.U2CatalogManager - [client:400202]start a schedule task to get global/local catalog for .github, its period 5s 
2026-07-13 17:04:06.653 [pool-3-thread-1] INFO  com.rs.mv.mvvs.client.catalog.manager.U2CatalogManager - [client:400203]cache file auto update thread launch in test account
2026-07-13 17:04:06.654 [pool-3-thread-1] INFO  com.rs.mv.mvvs.client.catalog.from.config.DirsConfigReader - [client:400206]parse dir config information
2026-07-13 17:04:06.654 [pool-3-thread-1] INFO  com.rs.mv.mvvs.client.catalog.from.config.MappingConfigReader - [client:400207]parse mapping config information
2026-07-13 17:04:06.654 [pool-3-thread-1] INFO  com.rs.mv.mvvs.client.catalog.manager.U2CatalogManager - [client:400202]start a schedule task to get global/local catalog for test, its period 5s 
2026-07-13 17:04:06.655 [pool-3-thread-1] INFO  com.rs.mv.mvvs.client.catalog.manager.U2CatalogManager - [client:400203]cache file auto update thread launch in finalhandler account
2026-07-13 17:04:06.655 [pool-3-thread-1] INFO  com.rs.mv.mvvs.client.catalog.from.config.DirsConfigReader - [client:400206]parse dir config information
2026-07-13 17:04:06.655 [pool-3-thread-1] INFO  com.rs.mv.mvvs.client.catalog.from.config.MappingConfigReader - [client:400207]parse mapping config information
2026-07-13 17:04:06.655 [pool-3-thread-1] INFO  com.rs.mv.mvvs.client.catalog.manager.U2CatalogManager - [client:400202]start a schedule task to get global/local catalog for finalhandler, its period 5s 
2026-07-13 17:04:06.656 [pool-3-thread-1] INFO  com.rs.mv.mvvs.client.catalog.manager.U2CatalogManager - [client:400203]cache file auto update thread launch in node_modules account
2026-07-13 17:04:06.656 [pool-3-thread-1] INFO  com.rs.mv.mvvs.client.catalog.from.config.DirsConfigReader - [client:400206]parse dir config information
2026-07-13 17:04:06.656 [pool-3-thread-1] INFO  com.rs.mv.mvvs.client.catalog.from.config.MappingConfigReader - [client:400207]parse mapping config information
2026-07-13 17:04:06.656 [pool-3-thread-1] INFO  com.rs.mv.mvvs.client.catalog.manager.U2CatalogManager - [client:400202]start a schedule task to get global/local catalog for node_modules, its period 5s 
2026-07-13 17:04:06.657 [pool-3-thread-1] INFO  com.rs.mv.mvvs.client.catalog.manager.U2CatalogManager - [client:400203]cache file auto update thread launch in debug account
2026-07-13 17:04:06.657 [pool-3-thread-1] INFO  com.rs.mv.mvvs.client.catalog.from.config.DirsConfigReader - [client:400206]parse dir config information
2026-07-13 17:04:06.657 [pool-3-thread-1] INFO  com.rs.mv.mvvs.client.catalog.from.config.MappingConfigReader - [client:400207]parse mapping config information
2026-07-13 17:04:06.657 [pool-3-thread-1] INFO  com.rs.mv.mvvs.client.catalog.manager.U2CatalogManager - [client:400202]start a schedule task to get global/local catalog for debug, its period 5s 
2026-07-13 17:04:06.658 [pool-3-thread-1] INFO  com.rs.mv.mvvs.client.catalog.manager.U2CatalogManager - [client:400203]cache file auto update thread launch in foreground-child account
2026-07-13 17:04:06.658 [pool-3-thread-1] INFO  com.rs.mv.mvvs.client.catalog.from.config.DirsConfigReader - [client:400206]parse dir config information
2026-07-13 17:04:06.658 [pool-3-thread-1] INFO  com.rs.mv.mvvs.client.catalog.from.config.MappingConfigReader - [client:400207]parse mapping config information
2026-07-13 17:04:06.658 [pool-3-thread-1] INFO  com.rs.mv.mvvs.client.catalog.manager.U2CatalogManager - [client:400202]start a schedule task to get global/local catalog for foreground-child, its period 5s 
2026-07-13 17:04:06.658 [pool-3-thread-1] INFO  com.rs.mv.mvvs.client.catalog.manager.U2CatalogManager - [client:400203]cache file auto update thread launch in dist account
2026-07-13 17:04:06.658 [pool-3-thread-1] INFO  com.rs.mv.mvvs.client.catalog.from.config.DirsConfigReader - [client:400206]parse dir config information
2026-07-13 17:04:06.659 [pool-3-thread-1] INFO  com.rs.mv.mvvs.client.catalog.from.config.MappingConfigReader - [client:400207]parse mapping config information
2026-07-13 17:04:06.659 [pool-3-thread-1] INFO  com.rs.mv.mvvs.client.catalog.manager.U2CatalogManager - [client:400202]start a schedule task to get global/local catalog for dist, its period 5s 
2026-07-13 17:04:06.659 [pool-3-thread-1] INFO  com.rs.mv.mvvs.client.catalog.manager.U2CatalogManager - [client:400203]cache file auto update thread launch in form-data account
2026-07-13 17:04:06.659 [pool-3-thread-1] INFO  com.rs.mv.mvvs.client.catalog.from.config.DirsConfigReader - [client:400206]parse dir config information
2026-07-13 17:04:06.660 [pool-3-thread-1] INFO  com.rs.mv.mvvs.client.catalog.from.config.MappingConfigReader - [client:400207]parse mapping config information
2026-07-13 17:04:06.660 [pool-3-thread-1] INFO  com.rs.mv.mvvs.client.catalog.manager.U2CatalogManager - [client:400202]start a schedule task to get global/local catalog for form-data, its period 5s 
2026-07-13 17:04:06.660 [pool-3-thread-1] INFO  com.rs.mv.mvvs.client.catalog.manager.U2CatalogManager - [client:400203]cache file auto update thread launch in node_modules account
2026-07-13 17:04:06.661 [pool-3-thread-1] INFO  com.rs.mv.mvvs.client.catalog.from.config.DirsConfigReader - [client:400206]parse dir config information
2026-07-13 17:04:06.661 [pool-3-thread-1] INFO  com.rs.mv.mvvs.client.catalog.from.config.MappingConfigReader - [client:400207]parse mapping config information
2026-07-13 17:04:06.661 [pool-3-thread-1] INFO  com.rs.mv.mvvs.client.catalog.manager.U2CatalogManager - [client:400202]start a schedule task to get global/local catalog for node_modules, its period 5s 
2026-07-13 17:04:06.661 [pool-3-thread-1] INFO  com.rs.mv.mvvs.client.catalog.manager.U2CatalogManager - [client:400203]cache file auto update thread launch in formidable account
2026-07-13 17:04:06.661 [pool-3-thread-1] INFO  com.rs.mv.mvvs.client.catalog.from.config.DirsConfigReader - [client:400206]parse dir config information
2026-07-13 17:04:06.661 [pool-3-thread-1] INFO  com.rs.mv.mvvs.client.catalog.from.config.MappingConfigReader - [client:400207]parse mapping config information
2026-07-13 17:04:06.662 [pool-3-thread-1] INFO  com.rs.mv.mvvs.client.catalog.manager.U2CatalogManager - [client:400202]start a schedule task to get global/local catalog for formidable, its period 5s 
2026-07-13 17:04:06.662 [pool-3-thread-1] INFO  com.rs.mv.mvvs.client.catalog.manager.U2CatalogManager - [client:400203]cache file auto update thread launch in dist account
2026-07-13 17:04:06.662 [pool-3-thread-1] INFO  com.rs.mv.mvvs.client.catalog.from.config.DirsConfigReader - [client:400206]parse dir config information
2026-07-13 17:04:06.662 [pool-3-thread-1] INFO  com.rs.mv.mvvs.client.catalog.from.config.MappingConfigReader - [client:400207]parse mapping config information
2026-07-13 17:04:06.663 [pool-3-thread-1] INFO  com.rs.mv.mvvs.client.catalog.manager.U2CatalogManager - [client:400202]start a schedule task to get global/local catalog for dist, its period 5s 
2026-07-13 17:04:06.663 [pool-3-thread-1] INFO  com.rs.mv.mvvs.client.catalog.manager.U2CatalogManager - [client:400203]cache file auto update thread launch in src account
2026-07-13 17:04:06.663 [pool-3-thread-1] INFO  com.rs.mv.mvvs.client.catalog.from.config.DirsConfigReader - [client:400206]parse dir config information
2026-07-13 17:04:06.664 [pool-3-thread-1] INFO  com.rs.mv.mvvs.client.catalog.from.config.MappingConfigReader - [client:400207]parse mapping config information
2026-07-13 17:04:06.664 [pool-3-thread-1] INFO  com.rs.mv.mvvs.client.catalog.manager.U2CatalogManager - [client:400202]start a schedule task to get global/local catalog for src, its period 5s 
2026-07-13 17:04:06.664 [pool-3-thread-1] INFO  com.rs.mv.mvvs.client.catalog.manager.U2CatalogManager - [client:400203]cache file auto update thread launch in function-bind account
2026-07-13 17:04:06.664 [pool-3-thread-1] INFO  com.rs.mv.mvvs.client.catalog.from.config.DirsConfigReader - [client:400206]parse dir config information
2026-07-13 17:04:06.664 [pool-3-thread-1] INFO  com.rs.mv.mvvs.client.catalog.from.config.MappingConfigReader - [client:400207]parse mapping config information
2026-07-13 17:04:06.665 [pool-3-thread-1] INFO  com.rs.mv.mvvs.client.catalog.manager.U2CatalogManager - [client:400202]start a schedule task to get global/local catalog for function-bind, its period 5s 
2026-07-13 17:04:06.665 [pool-3-thread-1] INFO  com.rs.mv.mvvs.client.catalog.manager.U2CatalogManager - [client:400203]cache file auto update thread launch in gensync account
2026-07-13 17:04:06.665 [pool-3-thread-1] INFO  com.rs.mv.mvvs.client.catalog.from.config.DirsConfigReader - [client:400206]parse dir config information
2026-07-13 17:04:06.666 [pool-3-thread-1] INFO  com.rs.mv.mvvs.client.catalog.from.config.MappingConfigReader - [client:400207]parse mapping config information
2026-07-13 17:04:06.666 [pool-3-thread-1] INFO  com.rs.mv.mvvs.client.catalog.manager.U2CatalogManager - [client:400202]start a schedule task to get global/local catalog for gensync, its period 5s 
2026-07-13 17:04:06.667 [pool-3-thread-1] INFO  com.rs.mv.mvvs.client.catalog.manager.U2CatalogManager - [client:400203]cache file auto update thread launch in get-intrinsic account
2026-07-13 17:04:06.667 [pool-3-thread-1] INFO  com.rs.mv.mvvs.client.catalog.from.config.DirsConfigReader - [client:400206]parse dir config information
2026-07-13 17:04:06.667 [pool-3-thread-1] INFO  com.rs.mv.mvvs.client.catalog.from.config.MappingConfigReader - [client:400207]parse mapping config information
2026-07-13 17:04:06.667 [pool-3-thread-1] INFO  com.rs.mv.mvvs.client.catalog.manager.U2CatalogManager - [client:400202]start a schedule task to get global/local catalog for get-intrinsic, its period 5s 
2026-07-13 17:04:06.668 [pool-3-thread-1] INFO  com.rs.mv.mvvs.client.catalog.manager.U2CatalogManager - [client:400203]cache file auto update thread launch in get-proto account
2026-07-13 17:04:06.668 [pool-3-thread-1] INFO  com.rs.mv.mvvs.client.catalog.from.config.DirsConfigReader - [client:400206]parse dir config information
2026-07-13 17:04:06.668 [pool-3-thread-1] INFO  com.rs.mv.mvvs.client.catalog.from.config.MappingConfigReader - [client:400207]parse mapping config information
2026-07-13 17:04:06.668 [pool-3-thread-1] INFO  com.rs.mv.mvvs.client.catalog.manager.U2CatalogManager - [client:400202]start a schedule task to get global/local catalog for get-proto, its period 5s 
2026-07-13 17:04:06.669 [pool-3-thread-1] INFO  com.rs.mv.mvvs.client.catalog.manager.U2CatalogManager - [client:400203]cache file auto update thread launch in glob account
2026-07-13 17:04:06.669 [pool-3-thread-1] INFO  com.rs.mv.mvvs.client.catalog.from.config.DirsConfigReader - [client:400206]parse dir config information
2026-07-13 17:04:06.669 [pool-3-thread-1] INFO  com.rs.mv.mvvs.client.catalog.from.config.MappingConfigReader - [client:400207]parse mapping config information
2026-07-13 17:04:06.669 [pool-3-thread-1] INFO  com.rs.mv.mvvs.client.catalog.manager.U2CatalogManager - [client:400202]start a schedule task to get global/local catalog for glob, its period 5s 
2026-07-13 17:04:06.670 [pool-3-thread-1] INFO  com.rs.mv.mvvs.client.catalog.manager.U2CatalogManager - [client:400203]cache file auto update thread launch in dist account
2026-07-13 17:04:06.670 [pool-3-thread-1] INFO  com.rs.mv.mvvs.client.catalog.from.config.DirsConfigReader - [client:400206]parse dir config information
2026-07-13 17:04:06.670 [pool-3-thread-1] INFO  com.rs.mv.mvvs.client.catalog.from.config.MappingConfigReader - [client:400207]parse mapping config information
2026-07-13 17:04:06.670 [pool-3-thread-1] INFO  com.rs.mv.mvvs.client.catalog.manager.U2CatalogManager - [client:400202]start a schedule task to get global/local catalog for dist, its period 5s 
2026-07-13 17:04:06.671 [pool-3-thread-1] INFO  com.rs.mv.mvvs.client.catalog.manager.U2CatalogManager - [client:400203]cache file auto update thread launch in gopd account
2026-07-13 17:04:06.671 [pool-3-thread-1] INFO  com.rs.mv.mvvs.client.catalog.from.config.DirsConfigReader - [client:400206]parse dir config information
2026-07-13 17:04:06.671 [pool-3-thread-1] INFO  com.rs.mv.mvvs.client.catalog.from.config.MappingConfigReader - [client:400207]parse mapping config information
2026-07-13 17:04:06.672 [pool-3-thread-1] INFO  com.rs.mv.mvvs.client.catalog.manager.U2CatalogManager - [client:400202]start a schedule task to get global/local catalog for gopd, its period 5s 
2026-07-13 17:04:06.672 [pool-3-thread-1] INFO  com.rs.mv.mvvs.client.catalog.manager.U2CatalogManager - [client:400203]cache file auto update thread launch in has-symbols account
2026-07-13 17:04:06.672 [pool-3-thread-1] INFO  com.rs.mv.mvvs.client.catalog.from.config.DirsConfigReader - [client:400206]parse dir config information
2026-07-13 17:04:06.672 [pool-3-thread-1] INFO  com.rs.mv.mvvs.client.catalog.from.config.MappingConfigReader - [client:400207]parse mapping config information
2026-07-13 17:04:06.672 [pool-3-thread-1] INFO  com.rs.mv.mvvs.client.catalog.manager.U2CatalogManager - [client:400202]start a schedule task to get global/local catalog for has-symbols, its period 5s 
2026-07-13 17:04:06.673 [pool-3-thread-1] INFO  com.rs.mv.mvvs.client.catalog.manager.U2CatalogManager - [client:400203]cache file auto update thread launch in test account
2026-07-13 17:04:06.673 [pool-3-thread-1] INFO  com.rs.mv.mvvs.client.catalog.from.config.DirsConfigReader - [client:400206]parse dir config information
2026-07-13 17:04:06.674 [pool-3-thread-1] INFO  com.rs.mv.mvvs.client.catalog.from.config.MappingConfigReader - [client:400207]parse mapping config information
2026-07-13 17:04:06.674 [pool-3-thread-1] INFO  com.rs.mv.mvvs.client.catalog.manager.U2CatalogManager - [client:400202]start a schedule task to get global/local catalog for test, its period 5s 
2026-07-13 17:04:06.674 [pool-3-thread-1] INFO  com.rs.mv.mvvs.client.catalog.manager.U2CatalogManager - [client:400203]cache file auto update thread launch in has-tostringtag account
2026-07-13 17:04:06.675 [pool-3-thread-1] INFO  com.rs.mv.mvvs.client.catalog.from.config.DirsConfigReader - [client:400206]parse dir config information
2026-07-13 17:04:06.675 [pool-3-thread-1] INFO  com.rs.mv.mvvs.client.catalog.from.config.MappingConfigReader - [client:400207]parse mapping config information
2026-07-13 17:04:06.675 [pool-3-thread-1] INFO  com.rs.mv.mvvs.client.catalog.manager.U2CatalogManager - [client:400202]start a schedule task to get global/local catalog for has-tostringtag, its period 5s 
2026-07-13 17:04:06.676 [pool-3-thread-1] INFO  com.rs.mv.mvvs.client.catalog.manager.U2CatalogManager - [client:400203]cache file auto update thread launch in test account
2026-07-13 17:04:06.676 [pool-3-thread-1] INFO  com.rs.mv.mvvs.client.catalog.from.config.DirsConfigReader - [client:400206]parse dir config information
2026-07-13 17:04:06.676 [pool-3-thread-1] INFO  com.rs.mv.mvvs.client.catalog.from.config.MappingConfigReader - [client:400207]parse mapping config information
2026-07-13 17:04:06.677 [pool-3-thread-1] INFO  com.rs.mv.mvvs.client.catalog.manager.U2CatalogManager - [client:400202]start a schedule task to get global/local catalog for test, its period 5s 
2026-07-13 17:04:06.678 [pool-3-thread-1] INFO  com.rs.mv.mvvs.client.catalog.manager.U2CatalogManager - [client:400203]cache file auto update thread launch in hasown account
2026-07-13 17:04:06.678 [pool-3-thread-1] INFO  com.rs.mv.mvvs.client.catalog.from.config.DirsConfigReader - [client:400206]parse dir config information
2026-07-13 17:04:06.678 [pool-3-thread-1] INFO  com.rs.mv.mvvs.client.catalog.from.config.MappingConfigReader - [client:400207]parse mapping config information
2026-07-13 17:04:06.679 [pool-3-thread-1] INFO  com.rs.mv.mvvs.client.catalog.manager.U2CatalogManager - [client:400202]start a schedule task to get global/local catalog for hasown, its period 5s 
2026-07-13 17:04:06.679 [pool-3-thread-1] INFO  com.rs.mv.mvvs.client.catalog.manager.U2CatalogManager - [client:400203]cache file auto update thread launch in html-escaper account
2026-07-13 17:04:06.680 [pool-3-thread-1] INFO  com.rs.mv.mvvs.client.catalog.from.config.DirsConfigReader - [client:400206]parse dir config information
2026-07-13 17:04:06.680 [pool-3-thread-1] INFO  com.rs.mv.mvvs.client.catalog.from.config.MappingConfigReader - [client:400207]parse mapping config information
2026-07-13 17:04:06.680 [pool-3-thread-1] INFO  com.rs.mv.mvvs.client.catalog.manager.U2CatalogManager - [client:400202]start a schedule task to get global/local catalog for html-escaper, its period 5s 
2026-07-13 17:04:06.681 [pool-3-thread-1] INFO  com.rs.mv.mvvs.client.catalog.manager.U2CatalogManager - [client:400203]cache file auto update thread launch in human-signals account
2026-07-13 17:04:06.681 [pool-3-thread-1] INFO  com.rs.mv.mvvs.client.catalog.from.config.DirsConfigReader - [client:400206]parse dir config information
2026-07-13 17:04:06.681 [pool-3-thread-1] INFO  com.rs.mv.mvvs.client.catalog.from.config.MappingConfigReader - [client:400207]parse mapping config information
2026-07-13 17:04:06.681 [pool-3-thread-1] INFO  com.rs.mv.mvvs.client.catalog.manager.U2CatalogManager - [client:400202]start a schedule task to get global/local catalog for human-signals, its period 5s 
2026-07-13 17:04:06.682 [pool-3-thread-1] INFO  com.rs.mv.mvvs.client.catalog.manager.U2CatalogManager - [client:400203]cache file auto update thread launch in build account
2026-07-13 17:04:06.682 [pool-3-thread-1] INFO  com.rs.mv.mvvs.client.catalog.from.config.DirsConfigReader - [client:400206]parse dir config information
2026-07-13 17:04:06.682 [pool-3-thread-1] INFO  com.rs.mv.mvvs.client.catalog.from.config.MappingConfigReader - [client:400207]parse mapping config information
2026-07-13 17:04:06.682 [pool-3-thread-1] INFO  com.rs.mv.mvvs.client.catalog.manager.U2CatalogManager - [client:400202]start a schedule task to get global/local catalog for build, its period 5s 
2026-07-13 17:04:06.683 [pool-3-thread-1] INFO  com.rs.mv.mvvs.client.catalog.manager.U2CatalogManager - [client:400203]cache file auto update thread launch in iconv-lite account
2026-07-13 17:04:06.683 [pool-3-thread-1] INFO  com.rs.mv.mvvs.client.catalog.from.config.DirsConfigReader - [client:400206]parse dir config information
2026-07-13 17:04:06.683 [pool-3-thread-1] INFO  com.rs.mv.mvvs.client.catalog.from.config.MappingConfigReader - [client:400207]parse mapping config information
2026-07-13 17:04:06.683 [pool-3-thread-1] INFO  com.rs.mv.mvvs.client.catalog.manager.U2CatalogManager - [client:400202]start a schedule task to get global/local catalog for iconv-lite, its period 5s 
2026-07-13 17:04:06.683 [pool-3-thread-1] INFO  com.rs.mv.mvvs.client.catalog.manager.U2CatalogManager - [client:400203]cache file auto update thread launch in encodings account
2026-07-13 17:04:06.684 [pool-3-thread-1] INFO  com.rs.mv.mvvs.client.catalog.from.config.DirsConfigReader - [client:400206]parse dir config information
2026-07-13 17:04:06.684 [pool-3-thread-1] INFO  com.rs.mv.mvvs.client.catalog.from.config.MappingConfigReader - [client:400207]parse mapping config information
2026-07-13 17:04:06.684 [pool-3-thread-1] INFO  com.rs.mv.mvvs.client.catalog.manager.U2CatalogManager - [client:400202]start a schedule task to get global/local catalog for encodings, its period 5s 
2026-07-13 17:04:06.685 [pool-3-thread-1] INFO  com.rs.mv.mvvs.client.catalog.manager.U2CatalogManager - [client:400203]cache file auto update thread launch in lib account
2026-07-13 17:04:06.685 [pool-3-thread-1] INFO  com.rs.mv.mvvs.client.catalog.from.config.DirsConfigReader - [client:400206]parse dir config information
2026-07-13 17:04:06.685 [pool-3-thread-1] INFO  com.rs.mv.mvvs.client.catalog.from.config.MappingConfigReader - [client:400207]parse mapping config information
2026-07-13 17:04:06.685 [pool-3-thread-1] INFO  com.rs.mv.mvvs.client.catalog.manager.U2CatalogManager - [client:400202]start a schedule task to get global/local catalog for lib, its period 5s 
2026-07-13 17:04:06.685 [pool-3-thread-1] INFO  com.rs.mv.mvvs.client.catalog.manager.U2CatalogManager - [client:400203]cache file auto update thread launch in import-local account
2026-07-13 17:04:06.686 [pool-3-thread-1] INFO  com.rs.mv.mvvs.client.catalog.from.config.DirsConfigReader - [client:400206]parse dir config information
2026-07-13 17:04:06.686 [pool-3-thread-1] INFO  com.rs.mv.mvvs.client.catalog.from.config.MappingConfigReader - [client:400207]parse mapping config information
2026-07-13 17:04:06.686 [pool-3-thread-1] INFO  com.rs.mv.mvvs.client.catalog.manager.U2CatalogManager - [client:400202]start a schedule task to get global/local catalog for import-local, its period 5s 
2026-07-13 17:04:06.686 [pool-3-thread-1] INFO  com.rs.mv.mvvs.client.catalog.manager.U2CatalogManager - [client:400203]cache file auto update thread launch in ipaddr.js account
2026-07-13 17:04:06.686 [pool-3-thread-1] INFO  com.rs.mv.mvvs.client.catalog.from.config.DirsConfigReader - [client:400206]parse dir config information
2026-07-13 17:04:06.687 [pool-3-thread-1] INFO  com.rs.mv.mvvs.client.catalog.from.config.MappingConfigReader - [client:400207]parse mapping config information
2026-07-13 17:04:06.687 [pool-3-thread-1] INFO  com.rs.mv.mvvs.client.catalog.manager.U2CatalogManager - [client:400202]start a schedule task to get global/local catalog for ipaddr.js, its period 5s 
2026-07-13 17:04:06.687 [pool-3-thread-1] INFO  com.rs.mv.mvvs.client.catalog.manager.U2CatalogManager - [client:400203]cache file auto update thread launch in isexe account
2026-07-13 17:04:06.687 [pool-3-thread-1] INFO  com.rs.mv.mvvs.client.catalog.from.config.DirsConfigReader - [client:400206]parse dir config information
2026-07-13 17:04:06.687 [pool-3-thread-1] INFO  com.rs.mv.mvvs.client.catalog.from.config.MappingConfigReader - [client:400207]parse mapping config information
2026-07-13 17:04:06.688 [pool-3-thread-1] INFO  com.rs.mv.mvvs.client.catalog.manager.U2CatalogManager - [client:400202]start a schedule task to get global/local catalog for isexe, its period 5s 
2026-07-13 17:04:06.688 [pool-3-thread-1] INFO  com.rs.mv.mvvs.client.catalog.manager.U2CatalogManager - [client:400203]cache file auto update thread launch in istanbul-lib-coverage account
2026-07-13 17:04:06.688 [pool-3-thread-1] INFO  com.rs.mv.mvvs.client.catalog.from.config.DirsConfigReader - [client:400206]parse dir config information
2026-07-13 17:04:06.688 [pool-3-thread-1] INFO  com.rs.mv.mvvs.client.catalog.from.config.MappingConfigReader - [client:400207]parse mapping config information
2026-07-13 17:04:06.688 [pool-3-thread-1] INFO  com.rs.mv.mvvs.client.catalog.manager.U2CatalogManager - [client:400202]start a schedule task to get global/local catalog for istanbul-lib-coverage, its period 5s 
2026-07-13 17:04:06.689 [pool-3-thread-1] INFO  com.rs.mv.mvvs.client.catalog.manager.U2CatalogManager - [client:400203]cache file auto update thread launch in istanbul-lib-instrument account
2026-07-13 17:04:06.689 [pool-3-thread-1] INFO  com.rs.mv.mvvs.client.catalog.from.config.DirsConfigReader - [client:400206]parse dir config information
2026-07-13 17:04:06.689 [pool-3-thread-1] INFO  com.rs.mv.mvvs.client.catalog.from.config.MappingConfigReader - [client:400207]parse mapping config information
2026-07-13 17:04:06.689 [pool-3-thread-1] INFO  com.rs.mv.mvvs.client.catalog.manager.U2CatalogManager - [client:400202]start a schedule task to get global/local catalog for istanbul-lib-instrument, its period 5s 
2026-07-13 17:04:06.690 [pool-3-thread-1] INFO  com.rs.mv.mvvs.client.catalog.manager.U2CatalogManager - [client:400203]cache file auto update thread launch in istanbul-lib-report account
2026-07-13 17:04:06.690 [pool-3-thread-1] INFO  com.rs.mv.mvvs.client.catalog.from.config.DirsConfigReader - [client:400206]parse dir config information
2026-07-13 17:04:06.690 [pool-3-thread-1] INFO  com.rs.mv.mvvs.client.catalog.from.config.MappingConfigReader - [client:400207]parse mapping config information
2026-07-13 17:04:06.690 [pool-3-thread-1] INFO  com.rs.mv.mvvs.client.catalog.manager.U2CatalogManager - [client:400202]start a schedule task to get global/local catalog for istanbul-lib-report, its period 5s 
2026-07-13 17:04:06.690 [pool-3-thread-1] INFO  com.rs.mv.mvvs.client.catalog.manager.U2CatalogManager - [client:400203]cache file auto update thread launch in istanbul-lib-source-maps account
2026-07-13 17:04:06.691 [pool-3-thread-1] INFO  com.rs.mv.mvvs.client.catalog.from.config.DirsConfigReader - [client:400206]parse dir config information
2026-07-13 17:04:06.691 [pool-3-thread-1] INFO  com.rs.mv.mvvs.client.catalog.from.config.MappingConfigReader - [client:400207]parse mapping config information
2026-07-13 17:04:06.691 [pool-3-thread-1] INFO  com.rs.mv.mvvs.client.catalog.manager.U2CatalogManager - [client:400202]start a schedule task to get global/local catalog for istanbul-lib-source-maps, its period 5s 
2026-07-13 17:04:06.691 [pool-3-thread-1] INFO  com.rs.mv.mvvs.client.catalog.manager.U2CatalogManager - [client:400203]cache file auto update thread launch in node_modules account
2026-07-13 17:04:06.692 [pool-3-thread-1] INFO  com.rs.mv.mvvs.client.catalog.from.config.DirsConfigReader - [client:400206]parse dir config information
2026-07-13 17:04:06.692 [pool-3-thread-1] INFO  com.rs.mv.mvvs.client.catalog.from.config.MappingConfigReader - [client:400207]parse mapping config information
2026-07-13 17:04:06.692 [pool-3-thread-1] INFO  com.rs.mv.mvvs.client.catalog.manager.U2CatalogManager - [client:400202]start a schedule task to get global/local catalog for node_modules, its period 5s 
2026-07-13 17:04:06.693 [pool-3-thread-1] INFO  com.rs.mv.mvvs.client.catalog.manager.U2CatalogManager - [client:400203]cache file auto update thread launch in debug account
2026-07-13 17:04:06.693 [pool-3-thread-1] INFO  com.rs.mv.mvvs.client.catalog.from.config.DirsConfigReader - [client:400206]parse dir config information
2026-07-13 17:04:06.693 [pool-3-thread-1] INFO  com.rs.mv.mvvs.client.catalog.from.config.MappingConfigReader - [client:400207]parse mapping config information
2026-07-13 17:04:06.693 [pool-3-thread-1] INFO  com.rs.mv.mvvs.client.catalog.manager.U2CatalogManager - [client:400202]start a schedule task to get global/local catalog for debug, its period 5s 
2026-07-13 17:04:06.694 [pool-3-thread-1] INFO  com.rs.mv.mvvs.client.catalog.manager.U2CatalogManager - [client:400203]cache file auto update thread launch in istanbul-reports account
2026-07-13 17:04:06.694 [pool-3-thread-1] INFO  com.rs.mv.mvvs.client.catalog.from.config.DirsConfigReader - [client:400206]parse dir config information
2026-07-13 17:04:06.695 [pool-3-thread-1] INFO  com.rs.mv.mvvs.client.catalog.from.config.MappingConfigReader - [client:400207]parse mapping config information
2026-07-13 17:04:06.695 [pool-3-thread-1] INFO  com.rs.mv.mvvs.client.catalog.manager.U2CatalogManager - [client:400202]start a schedule task to get global/local catalog for istanbul-reports, its period 5s 
2026-07-13 17:04:06.695 [pool-3-thread-1] INFO  com.rs.mv.mvvs.client.catalog.manager.U2CatalogManager - [client:400203]cache file auto update thread launch in lib account
2026-07-13 17:04:06.695 [pool-3-thread-1] INFO  com.rs.mv.mvvs.client.catalog.from.config.DirsConfigReader - [client:400206]parse dir config information
2026-07-13 17:04:06.695 [pool-3-thread-1] INFO  com.rs.mv.mvvs.client.catalog.from.config.MappingConfigReader - [client:400207]parse mapping config information
2026-07-13 17:04:06.695 [pool-3-thread-1] INFO  com.rs.mv.mvvs.client.catalog.manager.U2CatalogManager - [client:400202]start a schedule task to get global/local catalog for lib, its period 5s 
2026-07-13 17:04:06.697 [pool-3-thread-1] INFO  com.rs.mv.mvvs.client.catalog.manager.U2CatalogManager - [client:400203]cache file auto update thread launch in html account
2026-07-13 17:04:06.697 [pool-3-thread-1] INFO  com.rs.mv.mvvs.client.catalog.from.config.DirsConfigReader - [client:400206]parse dir config information
2026-07-13 17:04:06.697 [pool-3-thread-1] INFO  com.rs.mv.mvvs.client.catalog.from.config.MappingConfigReader - [client:400207]parse mapping config information
2026-07-13 17:04:06.697 [pool-3-thread-1] INFO  com.rs.mv.mvvs.client.catalog.manager.U2CatalogManager - [client:400202]start a schedule task to get global/local catalog for html, its period 5s 
2026-07-13 17:04:06.698 [pool-3-thread-1] INFO  com.rs.mv.mvvs.client.catalog.manager.U2CatalogManager - [client:400203]cache file auto update thread launch in assets account
2026-07-13 17:04:06.698 [pool-3-thread-1] INFO  com.rs.mv.mvvs.client.catalog.from.config.DirsConfigReader - [client:400206]parse dir config information
2026-07-13 17:04:06.698 [pool-3-thread-1] INFO  com.rs.mv.mvvs.client.catalog.from.config.MappingConfigReader - [client:400207]parse mapping config information
2026-07-13 17:04:06.698 [pool-3-thread-1] INFO  com.rs.mv.mvvs.client.catalog.manager.U2CatalogManager - [client:400202]start a schedule task to get global/local catalog for assets, its period 5s 
2026-07-13 17:04:06.698 [pool-3-thread-1] INFO  com.rs.mv.mvvs.client.catalog.manager.U2CatalogManager - [client:400203]cache file auto update thread launch in html-spa account
2026-07-13 17:04:06.698 [pool-3-thread-1] INFO  com.rs.mv.mvvs.client.catalog.from.config.DirsConfigReader - [client:400206]parse dir config information
2026-07-13 17:04:06.698 [pool-3-thread-1] INFO  com.rs.mv.mvvs.client.catalog.from.config.MappingConfigReader - [client:400207]parse mapping config information
2026-07-13 17:04:06.698 [pool-3-thread-1] INFO  com.rs.mv.mvvs.client.catalog.manager.U2CatalogManager - [client:400202]start a schedule task to get global/local catalog for html-spa, its period 5s 
2026-07-13 17:04:06.699 [pool-3-thread-1] INFO  com.rs.mv.mvvs.client.catalog.manager.U2CatalogManager - [client:400203]cache file auto update thread launch in jackspeak account
2026-07-13 17:04:06.699 [pool-3-thread-1] INFO  com.rs.mv.mvvs.client.catalog.from.config.DirsConfigReader - [client:400206]parse dir config information
2026-07-13 17:04:06.699 [pool-3-thread-1] INFO  com.rs.mv.mvvs.client.catalog.from.config.MappingConfigReader - [client:400207]parse mapping config information
2026-07-13 17:04:06.699 [pool-3-thread-1] INFO  com.rs.mv.mvvs.client.catalog.manager.U2CatalogManager - [client:400202]start a schedule task to get global/local catalog for jackspeak, its period 5s 
2026-07-13 17:04:06.699 [pool-3-thread-1] INFO  com.rs.mv.mvvs.client.catalog.manager.U2CatalogManager - [client:400203]cache file auto update thread launch in dist account
2026-07-13 17:04:06.700 [pool-3-thread-1] INFO  com.rs.mv.mvvs.client.catalog.from.config.DirsConfigReader - [client:400206]parse dir config information
2026-07-13 17:04:06.700 [pool-3-thread-1] INFO  com.rs.mv.mvvs.client.catalog.from.config.MappingConfigReader - [client:400207]parse mapping config information
2026-07-13 17:04:06.700 [pool-3-thread-1] INFO  com.rs.mv.mvvs.client.catalog.manager.U2CatalogManager - [client:400202]start a schedule task to get global/local catalog for dist, its period 5s 
2026-07-13 17:04:06.700 [pool-3-thread-1] INFO  com.rs.mv.mvvs.client.catalog.manager.U2CatalogManager - [client:400203]cache file auto update thread launch in jest account
2026-07-13 17:04:06.701 [pool-3-thread-1] INFO  com.rs.mv.mvvs.client.catalog.from.config.DirsConfigReader - [client:400206]parse dir config information
2026-07-13 17:04:06.701 [pool-3-thread-1] INFO  com.rs.mv.mvvs.client.catalog.from.config.MappingConfigReader - [client:400207]parse mapping config information
2026-07-13 17:04:06.701 [pool-3-thread-1] INFO  com.rs.mv.mvvs.client.catalog.manager.U2CatalogManager - [client:400202]start a schedule task to get global/local catalog for jest, its period 5s 
2026-07-13 17:04:06.701 [pool-3-thread-1] INFO  com.rs.mv.mvvs.client.catalog.manager.U2CatalogManager - [client:400203]cache file auto update thread launch in jest-changed-files account
2026-07-13 17:04:06.701 [pool-3-thread-1] INFO  com.rs.mv.mvvs.client.catalog.from.config.DirsConfigReader - [client:400206]parse dir config information
2026-07-13 17:04:06.702 [pool-3-thread-1] INFO  com.rs.mv.mvvs.client.catalog.from.config.MappingConfigReader - [client:400207]parse mapping config information
2026-07-13 17:04:06.702 [pool-3-thread-1] INFO  com.rs.mv.mvvs.client.catalog.manager.U2CatalogManager - [client:400202]start a schedule task to get global/local catalog for jest-changed-files, its period 5s 
2026-07-13 17:04:06.702 [pool-3-thread-1] INFO  com.rs.mv.mvvs.client.catalog.manager.U2CatalogManager - [client:400203]cache file auto update thread launch in jest-circus account
2026-07-13 17:04:06.703 [pool-3-thread-1] INFO  com.rs.mv.mvvs.client.catalog.from.config.DirsConfigReader - [client:400206]parse dir config information
2026-07-13 17:04:06.703 [pool-3-thread-1] INFO  com.rs.mv.mvvs.client.catalog.from.config.MappingConfigReader - [client:400207]parse mapping config information
2026-07-13 17:04:06.704 [pool-3-thread-1] INFO  com.rs.mv.mvvs.client.catalog.manager.U2CatalogManager - [client:400202]start a schedule task to get global/local catalog for jest-circus, its period 5s 
2026-07-13 17:04:06.704 [pool-3-thread-1] INFO  com.rs.mv.mvvs.client.catalog.manager.U2CatalogManager - [client:400203]cache file auto update thread launch in jest-cli account
2026-07-13 17:04:06.704 [pool-3-thread-1] INFO  com.rs.mv.mvvs.client.catalog.from.config.DirsConfigReader - [client:400206]parse dir config information
2026-07-13 17:04:06.704 [pool-3-thread-1] INFO  com.rs.mv.mvvs.client.catalog.from.config.MappingConfigReader - [client:400207]parse mapping config information
2026-07-13 17:04:06.704 [pool-3-thread-1] INFO  com.rs.mv.mvvs.client.catalog.manager.U2CatalogManager - [client:400202]start a schedule task to get global/local catalog for jest-cli, its period 5s 
2026-07-13 17:04:06.705 [pool-3-thread-1] INFO  com.rs.mv.mvvs.client.catalog.manager.U2CatalogManager - [client:400203]cache file auto update thread launch in jest-config account
2026-07-13 17:04:06.705 [pool-3-thread-1] INFO  com.rs.mv.mvvs.client.catalog.from.config.DirsConfigReader - [client:400206]parse dir config information
2026-07-13 17:04:06.705 [pool-3-thread-1] INFO  com.rs.mv.mvvs.client.catalog.from.config.MappingConfigReader - [client:400207]parse mapping config information
2026-07-13 17:04:06.705 [pool-3-thread-1] INFO  com.rs.mv.mvvs.client.catalog.manager.U2CatalogManager - [client:400202]start a schedule task to get global/local catalog for jest-config, its period 5s 
2026-07-13 17:04:06.706 [pool-3-thread-1] INFO  com.rs.mv.mvvs.client.catalog.manager.U2CatalogManager - [client:400203]cache file auto update thread launch in node_modules account
2026-07-13 17:04:06.706 [pool-3-thread-1] INFO  com.rs.mv.mvvs.client.catalog.from.config.DirsConfigReader - [client:400206]parse dir config information
2026-07-13 17:04:06.706 [pool-3-thread-1] INFO  com.rs.mv.mvvs.client.catalog.from.config.MappingConfigReader - [client:400207]parse mapping config information
2026-07-13 17:04:06.706 [pool-3-thread-1] INFO  com.rs.mv.mvvs.client.catalog.manager.U2CatalogManager - [client:400202]start a schedule task to get global/local catalog for node_modules, its period 5s 
2026-07-13 17:04:06.707 [pool-3-thread-1] INFO  com.rs.mv.mvvs.client.catalog.manager.U2CatalogManager - [client:400203]cache file auto update thread launch in @isaacs account
2026-07-13 17:04:06.707 [pool-3-thread-1] INFO  com.rs.mv.mvvs.client.catalog.from.config.DirsConfigReader - [client:400206]parse dir config information
2026-07-13 17:04:06.707 [pool-3-thread-1] INFO  com.rs.mv.mvvs.client.catalog.from.config.MappingConfigReader - [client:400207]parse mapping config information
2026-07-13 17:04:06.707 [pool-3-thread-1] INFO  com.rs.mv.mvvs.client.catalog.manager.U2CatalogManager - [client:400202]start a schedule task to get global/local catalog for @isaacs, its period 5s 
2026-07-13 17:04:06.708 [pool-3-thread-1] INFO  com.rs.mv.mvvs.client.catalog.manager.U2CatalogManager - [client:400203]cache file auto update thread launch in cliui account
2026-07-13 17:04:06.708 [pool-3-thread-1] INFO  com.rs.mv.mvvs.client.catalog.from.config.DirsConfigReader - [client:400206]parse dir config information
2026-07-13 17:04:06.708 [pool-3-thread-1] INFO  com.rs.mv.mvvs.client.catalog.from.config.MappingConfigReader - [client:400207]parse mapping config information
2026-07-13 17:04:06.709 [pool-3-thread-1] INFO  com.rs.mv.mvvs.client.catalog.manager.U2CatalogManager - [client:400202]start a schedule task to get global/local catalog for cliui, its period 5s 
2026-07-13 17:04:06.709 [pool-3-thread-1] INFO  com.rs.mv.mvvs.client.catalog.manager.U2CatalogManager - [client:400203]cache file auto update thread launch in build account
2026-07-13 17:04:06.709 [pool-3-thread-1] INFO  com.rs.mv.mvvs.client.catalog.from.config.DirsConfigReader - [client:400206]parse dir config information
2026-07-13 17:04:06.709 [pool-3-thread-1] INFO  com.rs.mv.mvvs.client.catalog.from.config.MappingConfigReader - [client:400207]parse mapping config information
2026-07-13 17:04:06.710 [pool-3-thread-1] INFO  com.rs.mv.mvvs.client.catalog.manager.U2CatalogManager - [client:400202]start a schedule task to get global/local catalog for build, its period 5s 
2026-07-13 17:04:06.710 [pool-3-thread-1] INFO  com.rs.mv.mvvs.client.catalog.manager.U2CatalogManager - [client:400203]cache file auto update thread launch in balanced-match account
2026-07-13 17:04:06.710 [pool-3-thread-1] INFO  com.rs.mv.mvvs.client.catalog.from.config.DirsConfigReader - [client:400206]parse dir config information
2026-07-13 17:04:06.710 [pool-3-thread-1] INFO  com.rs.mv.mvvs.client.catalog.from.config.MappingConfigReader - [client:400207]parse mapping config information
2026-07-13 17:04:06.710 [pool-3-thread-1] INFO  com.rs.mv.mvvs.client.catalog.manager.U2CatalogManager - [client:400202]start a schedule task to get global/local catalog for balanced-match, its period 5s 
2026-07-13 17:04:06.711 [pool-3-thread-1] INFO  com.rs.mv.mvvs.client.catalog.manager.U2CatalogManager - [client:400203]cache file auto update thread launch in brace-expansion account
2026-07-13 17:04:06.711 [pool-3-thread-1] INFO  com.rs.mv.mvvs.client.catalog.from.config.DirsConfigReader - [client:400206]parse dir config information
2026-07-13 17:04:06.711 [pool-3-thread-1] INFO  com.rs.mv.mvvs.client.catalog.from.config.MappingConfigReader - [client:400207]parse mapping config information
2026-07-13 17:04:06.711 [pool-3-thread-1] INFO  com.rs.mv.mvvs.client.catalog.manager.U2CatalogManager - [client:400202]start a schedule task to get global/local catalog for brace-expansion, its period 5s 
2026-07-13 17:04:06.711 [pool-3-thread-1] INFO  com.rs.mv.mvvs.client.catalog.manager.U2CatalogManager - [client:400203]cache file auto update thread launch in .tap account
2026-07-13 17:04:06.712 [pool-3-thread-1] INFO  com.rs.mv.mvvs.client.catalog.from.config.DirsConfigReader - [client:400206]parse dir config information
2026-07-13 17:04:06.712 [pool-3-thread-1] INFO  com.rs.mv.mvvs.client.catalog.from.config.MappingConfigReader - [client:400207]parse mapping config information
2026-07-13 17:04:06.712 [pool-3-thread-1] INFO  com.rs.mv.mvvs.client.catalog.manager.U2CatalogManager - [client:400202]start a schedule task to get global/local catalog for .tap, its period 5s 
2026-07-13 17:04:06.712 [pool-3-thread-1] INFO  com.rs.mv.mvvs.client.catalog.manager.U2CatalogManager - [client:400203]cache file auto update thread launch in dist account
2026-07-13 17:04:06.712 [pool-3-thread-1] INFO  com.rs.mv.mvvs.client.catalog.from.config.DirsConfigReader - [client:400206]parse dir config information
2026-07-13 17:04:06.713 [pool-3-thread-1] INFO  com.rs.mv.mvvs.client.catalog.from.config.MappingConfigReader - [client:400207]parse mapping config information
2026-07-13 17:04:06.713 [pool-3-thread-1] INFO  com.rs.mv.mvvs.client.catalog.manager.U2CatalogManager - [client:400202]start a schedule task to get global/local catalog for dist, its period 5s 
2026-07-13 17:04:06.713 [pool-3-thread-1] INFO  com.rs.mv.mvvs.client.catalog.manager.U2CatalogManager - [client:400203]cache file auto update thread launch in emoji-regex account
2026-07-13 17:04:06.713 [pool-3-thread-1] INFO  com.rs.mv.mvvs.client.catalog.from.config.DirsConfigReader - [client:400206]parse dir config information
2026-07-13 17:04:06.713 [pool-3-thread-1] INFO  com.rs.mv.mvvs.client.catalog.from.config.MappingConfigReader - [client:400207]parse mapping config information
2026-07-13 17:04:06.713 [pool-3-thread-1] INFO  com.rs.mv.mvvs.client.catalog.manager.U2CatalogManager - [client:400202]start a schedule task to get global/local catalog for emoji-regex, its period 5s 
2026-07-13 17:04:06.714 [pool-3-thread-1] INFO  com.rs.mv.mvvs.client.catalog.manager.U2CatalogManager - [client:400203]cache file auto update thread launch in glob account
2026-07-13 17:04:06.714 [pool-3-thread-1] INFO  com.rs.mv.mvvs.client.catalog.from.config.DirsConfigReader - [client:400206]parse dir config information
2026-07-13 17:04:06.714 [pool-3-thread-1] INFO  com.rs.mv.mvvs.client.catalog.from.config.MappingConfigReader - [client:400207]parse mapping config information
2026-07-13 17:04:06.714 [pool-3-thread-1] INFO  com.rs.mv.mvvs.client.catalog.manager.U2CatalogManager - [client:400202]start a schedule task to get global/local catalog for glob, its period 5s 
2026-07-13 17:04:06.714 [pool-3-thread-1] INFO  com.rs.mv.mvvs.client.catalog.manager.U2CatalogManager - [client:400203]cache file auto update thread launch in dist account
2026-07-13 17:04:06.714 [pool-3-thread-1] INFO  com.rs.mv.mvvs.client.catalog.from.config.DirsConfigReader - [client:400206]parse dir config information
2026-07-13 17:04:06.715 [pool-3-thread-1] INFO  com.rs.mv.mvvs.client.catalog.from.config.MappingConfigReader - [client:400207]parse mapping config information
2026-07-13 17:04:06.715 [pool-3-thread-1] INFO  com.rs.mv.mvvs.client.catalog.manager.U2CatalogManager - [client:400202]start a schedule task to get global/local catalog for dist, its period 5s 
2026-07-13 17:04:06.715 [pool-3-thread-1] INFO  com.rs.mv.mvvs.client.catalog.manager.U2CatalogManager - [client:400203]cache file auto update thread launch in jackspeak account
2026-07-13 17:04:06.715 [pool-3-thread-1] INFO  com.rs.mv.mvvs.client.catalog.from.config.DirsConfigReader - [client:400206]parse dir config information
2026-07-13 17:04:06.715 [pool-3-thread-1] INFO  com.rs.mv.mvvs.client.catalog.from.config.MappingConfigReader - [client:400207]parse mapping config information
2026-07-13 17:04:06.716 [pool-3-thread-1] INFO  com.rs.mv.mvvs.client.catalog.manager.U2CatalogManager - [client:400202]start a schedule task to get global/local catalog for jackspeak, its period 5s 
2026-07-13 17:04:06.716 [pool-3-thread-1] INFO  com.rs.mv.mvvs.client.catalog.manager.U2CatalogManager - [client:400203]cache file auto update thread launch in dist account
2026-07-13 17:04:06.716 [pool-3-thread-1] INFO  com.rs.mv.mvvs.client.catalog.from.config.DirsConfigReader - [client:400206]parse dir config information
2026-07-13 17:04:06.716 [pool-3-thread-1] INFO  com.rs.mv.mvvs.client.catalog.from.config.MappingConfigReader - [client:400207]parse mapping config information
2026-07-13 17:04:06.716 [pool-3-thread-1] INFO  com.rs.mv.mvvs.client.catalog.manager.U2CatalogManager - [client:400202]start a schedule task to get global/local catalog for dist, its period 5s 
2026-07-13 17:04:06.717 [pool-3-thread-1] INFO  com.rs.mv.mvvs.client.catalog.manager.U2CatalogManager - [client:400203]cache file auto update thread launch in lru-cache account
2026-07-13 17:04:06.717 [pool-3-thread-1] INFO  com.rs.mv.mvvs.client.catalog.from.config.DirsConfigReader - [client:400206]parse dir config information
2026-07-13 17:04:06.722 [pool-3-thread-1] INFO  com.rs.mv.mvvs.client.catalog.from.config.MappingConfigReader - [client:400207]parse mapping config information
2026-07-13 17:04:06.723 [pool-3-thread-1] INFO  com.rs.mv.mvvs.client.catalog.manager.U2CatalogManager - [client:400202]start a schedule task to get global/local catalog for lru-cache, its period 5s 
2026-07-13 17:04:06.724 [pool-3-thread-1] INFO  com.rs.mv.mvvs.client.catalog.manager.U2CatalogManager - [client:400203]cache file auto update thread launch in dist account
2026-07-13 17:04:06.724 [pool-3-thread-1] INFO  com.rs.mv.mvvs.client.catalog.from.config.DirsConfigReader - [client:400206]parse dir config information
2026-07-13 17:04:06.724 [pool-3-thread-1] INFO  com.rs.mv.mvvs.client.catalog.from.config.MappingConfigReader - [client:400207]parse mapping config information
2026-07-13 17:04:06.724 [pool-3-thread-1] INFO  com.rs.mv.mvvs.client.catalog.manager.U2CatalogManager - [client:400202]start a schedule task to get global/local catalog for dist, its period 5s 
2026-07-13 17:04:06.725 [pool-3-thread-1] INFO  com.rs.mv.mvvs.client.catalog.manager.U2CatalogManager - [client:400203]cache file auto update thread launch in minimatch account
2026-07-13 17:04:06.725 [pool-3-thread-1] INFO  com.rs.mv.mvvs.client.catalog.from.config.DirsConfigReader - [client:400206]parse dir config information
2026-07-13 17:04:06.725 [pool-3-thread-1] INFO  com.rs.mv.mvvs.client.catalog.from.config.MappingConfigReader - [client:400207]parse mapping config information
2026-07-13 17:04:06.725 [pool-3-thread-1] INFO  com.rs.mv.mvvs.client.catalog.manager.U2CatalogManager - [client:400202]start a schedule task to get global/local catalog for minimatch, its period 5s 
2026-07-13 17:04:06.725 [pool-3-thread-1] INFO  com.rs.mv.mvvs.client.catalog.manager.U2CatalogManager - [client:400203]cache file auto update thread launch in dist account
2026-07-13 17:04:06.725 [pool-3-thread-1] INFO  com.rs.mv.mvvs.client.catalog.from.config.DirsConfigReader - [client:400206]parse dir config information
2026-07-13 17:04:06.726 [pool-3-thread-1] INFO  com.rs.mv.mvvs.client.catalog.from.config.MappingConfigReader - [client:400207]parse mapping config information
2026-07-13 17:04:06.726 [pool-3-thread-1] INFO  com.rs.mv.mvvs.client.catalog.manager.U2CatalogManager - [client:400202]start a schedule task to get global/local catalog for dist, its period 5s 
2026-07-13 17:04:06.726 [pool-3-thread-1] INFO  com.rs.mv.mvvs.client.catalog.manager.U2CatalogManager - [client:400203]cache file auto update thread launch in path-scurry account
2026-07-13 17:04:06.726 [pool-3-thread-1] INFO  com.rs.mv.mvvs.client.catalog.from.config.DirsConfigReader - [client:400206]parse dir config information
2026-07-13 17:04:06.726 [pool-3-thread-1] INFO  com.rs.mv.mvvs.client.catalog.from.config.MappingConfigReader - [client:400207]parse mapping config information
2026-07-13 17:04:06.727 [pool-3-thread-1] INFO  com.rs.mv.mvvs.client.catalog.manager.U2CatalogManager - [client:400202]start a schedule task to get global/local catalog for path-scurry, its period 5s 
2026-07-13 17:04:06.727 [pool-3-thread-1] INFO  com.rs.mv.mvvs.client.catalog.manager.U2CatalogManager - [client:400203]cache file auto update thread launch in dist account
2026-07-13 17:04:06.727 [pool-3-thread-1] INFO  com.rs.mv.mvvs.client.catalog.from.config.DirsConfigReader - [client:400206]parse dir config information
2026-07-13 17:04:06.727 [pool-3-thread-1] INFO  com.rs.mv.mvvs.client.catalog.from.config.MappingConfigReader - [client:400207]parse mapping config information
2026-07-13 17:04:06.727 [pool-3-thread-1] INFO  com.rs.mv.mvvs.client.catalog.manager.U2CatalogManager - [client:400202]start a schedule task to get global/local catalog for dist, its period 5s 
2026-07-13 17:04:06.728 [pool-3-thread-1] INFO  com.rs.mv.mvvs.client.catalog.manager.U2CatalogManager - [client:400203]cache file auto update thread launch in jest-diff account
2026-07-13 17:04:06.728 [pool-3-thread-1] INFO  com.rs.mv.mvvs.client.catalog.from.config.DirsConfigReader - [client:400206]parse dir config information
2026-07-13 17:04:06.728 [pool-3-thread-1] INFO  com.rs.mv.mvvs.client.catalog.from.config.MappingConfigReader - [client:400207]parse mapping config information
2026-07-13 17:04:06.728 [pool-3-thread-1] INFO  com.rs.mv.mvvs.client.catalog.manager.U2CatalogManager - [client:400202]start a schedule task to get global/local catalog for jest-diff, its period 5s 
2026-07-13 17:04:06.728 [pool-3-thread-1] INFO  com.rs.mv.mvvs.client.catalog.manager.U2CatalogManager - [client:400203]cache file auto update thread launch in jest-docblock account
2026-07-13 17:04:06.728 [pool-3-thread-1] INFO  com.rs.mv.mvvs.client.catalog.from.config.DirsConfigReader - [client:400206]parse dir config information
2026-07-13 17:04:06.729 [pool-3-thread-1] INFO  com.rs.mv.mvvs.client.catalog.from.config.MappingConfigReader - [client:400207]parse mapping config information
2026-07-13 17:04:06.729 [pool-3-thread-1] INFO  com.rs.mv.mvvs.client.catalog.manager.U2CatalogManager - [client:400202]start a schedule task to get global/local catalog for jest-docblock, its period 5s 
2026-07-13 17:04:06.729 [pool-3-thread-1] INFO  com.rs.mv.mvvs.client.catalog.manager.U2CatalogManager - [client:400203]cache file auto update thread launch in jest-each account
2026-07-13 17:04:06.729 [pool-3-thread-1] INFO  com.rs.mv.mvvs.client.catalog.from.config.DirsConfigReader - [client:400206]parse dir config information
2026-07-13 17:04:06.729 [pool-3-thread-1] INFO  com.rs.mv.mvvs.client.catalog.from.config.MappingConfigReader - [client:400207]parse mapping config information
2026-07-13 17:04:06.729 [pool-3-thread-1] INFO  com.rs.mv.mvvs.client.catalog.manager.U2CatalogManager - [client:400202]start a schedule task to get global/local catalog for jest-each, its period 5s 
2026-07-13 17:04:06.730 [pool-3-thread-1] INFO  com.rs.mv.mvvs.client.catalog.manager.U2CatalogManager - [client:400203]cache file auto update thread launch in jest-environment-node account
2026-07-13 17:04:06.730 [pool-3-thread-1] INFO  com.rs.mv.mvvs.client.catalog.from.config.DirsConfigReader - [client:400206]parse dir config information
2026-07-13 17:04:06.730 [pool-3-thread-1] INFO  com.rs.mv.mvvs.client.catalog.from.config.MappingConfigReader - [client:400207]parse mapping config information
2026-07-13 17:04:06.730 [pool-3-thread-1] INFO  com.rs.mv.mvvs.client.catalog.manager.U2CatalogManager - [client:400202]start a schedule task to get global/local catalog for jest-environment-node, its period 5s 
2026-07-13 17:04:06.730 [pool-3-thread-1] INFO  com.rs.mv.mvvs.client.catalog.manager.U2CatalogManager - [client:400203]cache file auto update thread launch in jest-haste-map account
2026-07-13 17:04:06.730 [pool-3-thread-1] INFO  com.rs.mv.mvvs.client.catalog.from.config.DirsConfigReader - [client:400206]parse dir config information
2026-07-13 17:04:06.731 [pool-3-thread-1] INFO  com.rs.mv.mvvs.client.catalog.from.config.MappingConfigReader - [client:400207]parse mapping config information
2026-07-13 17:04:06.731 [pool-3-thread-1] INFO  com.rs.mv.mvvs.client.catalog.manager.U2CatalogManager - [client:400202]start a schedule task to get global/local catalog for jest-haste-map, its period 5s 
2026-07-13 17:04:06.731 [pool-3-thread-1] INFO  com.rs.mv.mvvs.client.catalog.manager.U2CatalogManager - [client:400203]cache file auto update thread launch in jest-leak-detector account
2026-07-13 17:04:06.731 [pool-3-thread-1] INFO  com.rs.mv.mvvs.client.catalog.from.config.DirsConfigReader - [client:400206]parse dir config information
2026-07-13 17:04:06.731 [pool-3-thread-1] INFO  com.rs.mv.mvvs.client.catalog.from.config.MappingConfigReader - [client:400207]parse mapping config information
2026-07-13 17:04:06.732 [pool-3-thread-1] INFO  com.rs.mv.mvvs.client.catalog.manager.U2CatalogManager - [client:400202]start a schedule task to get global/local catalog for jest-leak-detector, its period 5s 
2026-07-13 17:04:06.732 [pool-3-thread-1] INFO  com.rs.mv.mvvs.client.catalog.manager.U2CatalogManager - [client:400203]cache file auto update thread launch in jest-matcher-utils account
2026-07-13 17:04:06.732 [pool-3-thread-1] INFO  com.rs.mv.mvvs.client.catalog.from.config.DirsConfigReader - [client:400206]parse dir config information
2026-07-13 17:04:06.732 [pool-3-thread-1] INFO  com.rs.mv.mvvs.client.catalog.from.config.MappingConfigReader - [client:400207]parse mapping config information
2026-07-13 17:04:06.736 [pool-3-thread-1] INFO  com.rs.mv.mvvs.client.catalog.manager.U2CatalogManager - [client:400202]start a schedule task to get global/local catalog for jest-matcher-utils, its period 5s 
2026-07-13 17:04:06.737 [pool-3-thread-1] INFO  com.rs.mv.mvvs.client.catalog.manager.U2CatalogManager - [client:400203]cache file auto update thread launch in jest-message-util account
2026-07-13 17:04:06.737 [pool-3-thread-1] INFO  com.rs.mv.mvvs.client.catalog.from.config.DirsConfigReader - [client:400206]parse dir config information
2026-07-13 17:04:06.737 [pool-3-thread-1] INFO  com.rs.mv.mvvs.client.catalog.from.config.MappingConfigReader - [client:400207]parse mapping config information
2026-07-13 17:04:06.737 [pool-3-thread-1] INFO  com.rs.mv.mvvs.client.catalog.manager.U2CatalogManager - [client:400202]start a schedule task to get global/local catalog for jest-message-util, its period 5s 
2026-07-13 17:04:06.738 [pool-3-thread-1] INFO  com.rs.mv.mvvs.client.catalog.manager.U2CatalogManager - [client:400203]cache file auto update thread launch in jest-mock account
2026-07-13 17:04:06.738 [pool-3-thread-1] INFO  com.rs.mv.mvvs.client.catalog.from.config.DirsConfigReader - [client:400206]parse dir config information
2026-07-13 17:04:06.738 [pool-3-thread-1] INFO  com.rs.mv.mvvs.client.catalog.from.config.MappingConfigReader - [client:400207]parse mapping config information
2026-07-13 17:04:06.738 [pool-3-thread-1] INFO  com.rs.mv.mvvs.client.catalog.manager.U2CatalogManager - [client:400202]start a schedule task to get global/local catalog for jest-mock, its period 5s 
2026-07-13 17:04:06.739 [pool-3-thread-1] INFO  com.rs.mv.mvvs.client.catalog.manager.U2CatalogManager - [client:400203]cache file auto update thread launch in jest-regex-util account
2026-07-13 17:04:06.739 [pool-3-thread-1] INFO  com.rs.mv.mvvs.client.catalog.from.config.DirsConfigReader - [client:400206]parse dir config information
2026-07-13 17:04:06.739 [pool-3-thread-1] INFO  com.rs.mv.mvvs.client.catalog.from.config.MappingConfigReader - [client:400207]parse mapping config information
2026-07-13 17:04:06.739 [pool-3-thread-1] INFO  com.rs.mv.mvvs.client.catalog.manager.U2CatalogManager - [client:400202]start a schedule task to get global/local catalog for jest-regex-util, its period 5s 
2026-07-13 17:04:06.739 [pool-3-thread-1] INFO  com.rs.mv.mvvs.client.catalog.manager.U2CatalogManager - [client:400203]cache file auto update thread launch in jest-resolve account
2026-07-13 17:04:06.739 [pool-3-thread-1] INFO  com.rs.mv.mvvs.client.catalog.from.config.DirsConfigReader - [client:400206]parse dir config information
2026-07-13 17:04:06.739 [pool-3-thread-1] INFO  com.rs.mv.mvvs.client.catalog.from.config.MappingConfigReader - [client:400207]parse mapping config information
2026-07-13 17:04:06.740 [pool-3-thread-1] INFO  com.rs.mv.mvvs.client.catalog.manager.U2CatalogManager - [client:400202]start a schedule task to get global/local catalog for jest-resolve, its period 5s 
2026-07-13 17:04:06.740 [pool-3-thread-1] INFO  com.rs.mv.mvvs.client.catalog.manager.U2CatalogManager - [client:400203]cache file auto update thread launch in jest-resolve-dependencies account
2026-07-13 17:04:06.740 [pool-3-thread-1] INFO  com.rs.mv.mvvs.client.catalog.from.config.DirsConfigReader - [client:400206]parse dir config information
2026-07-13 17:04:06.740 [pool-3-thread-1] INFO  com.rs.mv.mvvs.client.catalog.from.config.MappingConfigReader - [client:400207]parse mapping config information
2026-07-13 17:04:06.740 [pool-3-thread-1] INFO  com.rs.mv.mvvs.client.catalog.manager.U2CatalogManager - [client:400202]start a schedule task to get global/local catalog for jest-resolve-dependencies, its period 5s 
2026-07-13 17:04:06.740 [pool-3-thread-1] INFO  com.rs.mv.mvvs.client.catalog.manager.U2CatalogManager - [client:400203]cache file auto update thread launch in jest-runner account
2026-07-13 17:04:06.740 [pool-3-thread-1] INFO  com.rs.mv.mvvs.client.catalog.from.config.DirsConfigReader - [client:400206]parse dir config information
2026-07-13 17:04:06.740 [pool-3-thread-1] INFO  com.rs.mv.mvvs.client.catalog.from.config.MappingConfigReader - [client:400207]parse mapping config information
2026-07-13 17:04:06.741 [pool-3-thread-1] INFO  com.rs.mv.mvvs.client.catalog.manager.U2CatalogManager - [client:400202]start a schedule task to get global/local catalog for jest-runner, its period 5s 
2026-07-13 17:04:06.741 [pool-3-thread-1] INFO  com.rs.mv.mvvs.client.catalog.manager.U2CatalogManager - [client:400203]cache file auto update thread launch in jest-runtime account
2026-07-13 17:04:06.741 [pool-3-thread-1] INFO  com.rs.mv.mvvs.client.catalog.from.config.DirsConfigReader - [client:400206]parse dir config information
2026-07-13 17:04:06.741 [pool-3-thread-1] INFO  com.rs.mv.mvvs.client.catalog.from.config.MappingConfigReader - [client:400207]parse mapping config information
2026-07-13 17:04:06.741 [pool-3-thread-1] INFO  com.rs.mv.mvvs.client.catalog.manager.U2CatalogManager - [client:400202]start a schedule task to get global/local catalog for jest-runtime, its period 5s 
2026-07-13 17:04:06.741 [pool-3-thread-1] INFO  com.rs.mv.mvvs.client.catalog.manager.U2CatalogManager - [client:400203]cache file auto update thread launch in node_modules account
2026-07-13 17:04:06.741 [pool-3-thread-1] INFO  com.rs.mv.mvvs.client.catalog.from.config.DirsConfigReader - [client:400206]parse dir config information
2026-07-13 17:04:06.741 [pool-3-thread-1] INFO  com.rs.mv.mvvs.client.catalog.from.config.MappingConfigReader - [client:400207]parse mapping config information
2026-07-13 17:04:06.742 [pool-3-thread-1] INFO  com.rs.mv.mvvs.client.catalog.manager.U2CatalogManager - [client:400202]start a schedule task to get global/local catalog for node_modules, its period 5s 
2026-07-13 17:04:06.742 [pool-3-thread-1] INFO  com.rs.mv.mvvs.client.catalog.manager.U2CatalogManager - [client:400203]cache file auto update thread launch in @isaacs account
2026-07-13 17:04:06.742 [pool-3-thread-1] INFO  com.rs.mv.mvvs.client.catalog.from.config.DirsConfigReader - [client:400206]parse dir config information
2026-07-13 17:04:06.742 [pool-3-thread-1] INFO  com.rs.mv.mvvs.client.catalog.from.config.MappingConfigReader - [client:400207]parse mapping config information
2026-07-13 17:04:06.743 [pool-3-thread-1] INFO  com.rs.mv.mvvs.client.catalog.manager.U2CatalogManager - [client:400202]start a schedule task to get global/local catalog for @isaacs, its period 5s 
2026-07-13 17:04:06.743 [pool-3-thread-1] INFO  com.rs.mv.mvvs.client.catalog.manager.U2CatalogManager - [client:400203]cache file auto update thread launch in cliui account
2026-07-13 17:04:06.743 [pool-3-thread-1] INFO  com.rs.mv.mvvs.client.catalog.from.config.DirsConfigReader - [client:400206]parse dir config information
2026-07-13 17:04:06.743 [pool-3-thread-1] INFO  com.rs.mv.mvvs.client.catalog.from.config.MappingConfigReader - [client:400207]parse mapping config information
2026-07-13 17:04:06.743 [pool-3-thread-1] INFO  com.rs.mv.mvvs.client.catalog.manager.U2CatalogManager - [client:400202]start a schedule task to get global/local catalog for cliui, its period 5s 
2026-07-13 17:04:06.744 [pool-3-thread-1] INFO  com.rs.mv.mvvs.client.catalog.manager.U2CatalogManager - [client:400203]cache file auto update thread launch in build account
2026-07-13 17:04:06.744 [pool-3-thread-1] INFO  com.rs.mv.mvvs.client.catalog.from.config.DirsConfigReader - [client:400206]parse dir config information
2026-07-13 17:04:06.744 [pool-3-thread-1] INFO  com.rs.mv.mvvs.client.catalog.from.config.MappingConfigReader - [client:400207]parse mapping config information
2026-07-13 17:04:06.744 [pool-3-thread-1] INFO  com.rs.mv.mvvs.client.catalog.manager.U2CatalogManager - [client:400202]start a schedule task to get global/local catalog for build, its period 5s 
2026-07-13 17:04:06.744 [pool-3-thread-1] INFO  com.rs.mv.mvvs.client.catalog.manager.U2CatalogManager - [client:400203]cache file auto update thread launch in balanced-match account
2026-07-13 17:04:06.744 [pool-3-thread-1] INFO  com.rs.mv.mvvs.client.catalog.from.config.DirsConfigReader - [client:400206]parse dir config information
2026-07-13 17:04:06.744 [pool-3-thread-1] INFO  com.rs.mv.mvvs.client.catalog.from.config.MappingConfigReader - [client:400207]parse mapping config information
2026-07-13 17:04:06.745 [pool-3-thread-1] INFO  com.rs.mv.mvvs.client.catalog.manager.U2CatalogManager - [client:400202]start a schedule task to get global/local catalog for balanced-match, its period 5s 
2026-07-13 17:04:06.745 [pool-3-thread-1] INFO  com.rs.mv.mvvs.client.catalog.manager.U2CatalogManager - [client:400203]cache file auto update thread launch in brace-expansion account
2026-07-13 17:04:06.745 [pool-3-thread-1] INFO  com.rs.mv.mvvs.client.catalog.from.config.DirsConfigReader - [client:400206]parse dir config information
2026-07-13 17:04:06.745 [pool-3-thread-1] INFO  com.rs.mv.mvvs.client.catalog.from.config.MappingConfigReader - [client:400207]parse mapping config information
2026-07-13 17:04:06.745 [pool-3-thread-1] INFO  com.rs.mv.mvvs.client.catalog.manager.U2CatalogManager - [client:400202]start a schedule task to get global/local catalog for brace-expansion, its period 5s 
2026-07-13 17:04:06.745 [pool-3-thread-1] INFO  com.rs.mv.mvvs.client.catalog.manager.U2CatalogManager - [client:400203]cache file auto update thread launch in .tap account
2026-07-13 17:04:06.745 [pool-3-thread-1] INFO  com.rs.mv.mvvs.client.catalog.from.config.DirsConfigReader - [client:400206]parse dir config information
2026-07-13 17:04:06.745 [pool-3-thread-1] INFO  com.rs.mv.mvvs.client.catalog.from.config.MappingConfigReader - [client:400207]parse mapping config information
2026-07-13 17:04:06.746 [pool-3-thread-1] INFO  com.rs.mv.mvvs.client.catalog.manager.U2CatalogManager - [client:400202]start a schedule task to get global/local catalog for .tap, its period 5s 
2026-07-13 17:04:06.746 [pool-3-thread-1] INFO  com.rs.mv.mvvs.client.catalog.manager.U2CatalogManager - [client:400203]cache file auto update thread launch in dist account
2026-07-13 17:04:06.746 [pool-3-thread-1] INFO  com.rs.mv.mvvs.client.catalog.from.config.DirsConfigReader - [client:400206]parse dir config information
2026-07-13 17:04:06.746 [pool-3-thread-1] INFO  com.rs.mv.mvvs.client.catalog.from.config.MappingConfigReader - [client:400207]parse mapping config information
2026-07-13 17:04:06.746 [pool-3-thread-1] INFO  com.rs.mv.mvvs.client.catalog.manager.U2CatalogManager - [client:400202]start a schedule task to get global/local catalog for dist, its period 5s 
2026-07-13 17:04:06.746 [pool-3-thread-1] INFO  com.rs.mv.mvvs.client.catalog.manager.U2CatalogManager - [client:400203]cache file auto update thread launch in emoji-regex account
2026-07-13 17:04:06.747 [pool-3-thread-1] INFO  com.rs.mv.mvvs.client.catalog.from.config.DirsConfigReader - [client:400206]parse dir config information
2026-07-13 17:04:06.747 [pool-3-thread-1] INFO  com.rs.mv.mvvs.client.catalog.from.config.MappingConfigReader - [client:400207]parse mapping config information
2026-07-13 17:04:06.747 [pool-3-thread-1] INFO  com.rs.mv.mvvs.client.catalog.manager.U2CatalogManager - [client:400202]start a schedule task to get global/local catalog for emoji-regex, its period 5s 
2026-07-13 17:04:06.748 [pool-3-thread-1] INFO  com.rs.mv.mvvs.client.catalog.manager.U2CatalogManager - [client:400203]cache file auto update thread launch in glob account
2026-07-13 17:04:06.748 [pool-3-thread-1] INFO  com.rs.mv.mvvs.client.catalog.from.config.DirsConfigReader - [client:400206]parse dir config information
2026-07-13 17:04:06.748 [pool-3-thread-1] INFO  com.rs.mv.mvvs.client.catalog.from.config.MappingConfigReader - [client:400207]parse mapping config information
2026-07-13 17:04:06.748 [pool-3-thread-1] INFO  com.rs.mv.mvvs.client.catalog.manager.U2CatalogManager - [client:400202]start a schedule task to get global/local catalog for glob, its period 5s 
2026-07-13 17:04:06.749 [pool-3-thread-1] INFO  com.rs.mv.mvvs.client.catalog.manager.U2CatalogManager - [client:400203]cache file auto update thread launch in dist account
2026-07-13 17:04:06.749 [pool-3-thread-1] INFO  com.rs.mv.mvvs.client.catalog.from.config.DirsConfigReader - [client:400206]parse dir config information
2026-07-13 17:04:06.749 [pool-3-thread-1] INFO  com.rs.mv.mvvs.client.catalog.from.config.MappingConfigReader - [client:400207]parse mapping config information
2026-07-13 17:04:06.750 [pool-3-thread-1] INFO  com.rs.mv.mvvs.client.catalog.manager.U2CatalogManager - [client:400202]start a schedule task to get global/local catalog for dist, its period 5s 
2026-07-13 17:04:06.750 [pool-3-thread-1] INFO  com.rs.mv.mvvs.client.catalog.manager.U2CatalogManager - [client:400203]cache file auto update thread launch in jackspeak account
2026-07-13 17:04:06.750 [pool-3-thread-1] INFO  com.rs.mv.mvvs.client.catalog.from.config.DirsConfigReader - [client:400206]parse dir config information
2026-07-13 17:04:06.750 [pool-3-thread-1] INFO  com.rs.mv.mvvs.client.catalog.from.config.MappingConfigReader - [client:400207]parse mapping config information
2026-07-13 17:04:06.750 [pool-3-thread-1] INFO  com.rs.mv.mvvs.client.catalog.manager.U2CatalogManager - [client:400202]start a schedule task to get global/local catalog for jackspeak, its period 5s 
2026-07-13 17:04:06.750 [pool-3-thread-1] INFO  com.rs.mv.mvvs.client.catalog.manager.U2CatalogManager - [client:400203]cache file auto update thread launch in dist account
2026-07-13 17:04:06.750 [pool-3-thread-1] INFO  com.rs.mv.mvvs.client.catalog.from.config.DirsConfigReader - [client:400206]parse dir config information
2026-07-13 17:04:06.751 [pool-3-thread-1] INFO  com.rs.mv.mvvs.client.catalog.from.config.MappingConfigReader - [client:400207]parse mapping config information
2026-07-13 17:04:06.751 [pool-3-thread-1] INFO  com.rs.mv.mvvs.client.catalog.manager.U2CatalogManager - [client:400202]start a schedule task to get global/local catalog for dist, its period 5s 
2026-07-13 17:04:06.751 [pool-3-thread-1] INFO  com.rs.mv.mvvs.client.catalog.manager.U2CatalogManager - [client:400203]cache file auto update thread launch in lru-cache account
2026-07-13 17:04:06.751 [pool-3-thread-1] INFO  com.rs.mv.mvvs.client.catalog.from.config.DirsConfigReader - [client:400206]parse dir config information
2026-07-13 17:04:06.751 [pool-3-thread-1] INFO  com.rs.mv.mvvs.client.catalog.from.config.MappingConfigReader - [client:400207]parse mapping config information
2026-07-13 17:04:06.752 [pool-3-thread-1] INFO  com.rs.mv.mvvs.client.catalog.manager.U2CatalogManager - [client:400202]start a schedule task to get global/local catalog for lru-cache, its period 5s 
2026-07-13 17:04:06.752 [pool-3-thread-1] INFO  com.rs.mv.mvvs.client.catalog.manager.U2CatalogManager - [client:400203]cache file auto update thread launch in dist account
2026-07-13 17:04:06.752 [pool-3-thread-1] INFO  com.rs.mv.mvvs.client.catalog.from.config.DirsConfigReader - [client:400206]parse dir config information
2026-07-13 17:04:06.753 [pool-3-thread-1] INFO  com.rs.mv.mvvs.client.catalog.from.config.MappingConfigReader - [client:400207]parse mapping config information
2026-07-13 17:04:06.753 [pool-3-thread-1] INFO  com.rs.mv.mvvs.client.catalog.manager.U2CatalogManager - [client:400202]start a schedule task to get global/local catalog for dist, its period 5s 
2026-07-13 17:04:06.753 [pool-3-thread-1] INFO  com.rs.mv.mvvs.client.catalog.manager.U2CatalogManager - [client:400203]cache file auto update thread launch in minimatch account
2026-07-13 17:04:06.754 [pool-3-thread-1] INFO  com.rs.mv.mvvs.client.catalog.from.config.DirsConfigReader - [client:400206]parse dir config information
2026-07-13 17:04:06.754 [pool-3-thread-1] INFO  com.rs.mv.mvvs.client.catalog.from.config.MappingConfigReader - [client:400207]parse mapping config information
2026-07-13 17:04:06.754 [pool-3-thread-1] INFO  com.rs.mv.mvvs.client.catalog.manager.U2CatalogManager - [client:400202]start a schedule task to get global/local catalog for minimatch, its period 5s 
2026-07-13 17:04:06.754 [pool-3-thread-1] INFO  com.rs.mv.mvvs.client.catalog.manager.U2CatalogManager - [client:400203]cache file auto update thread launch in dist account
2026-07-13 17:04:06.754 [pool-3-thread-1] INFO  com.rs.mv.mvvs.client.catalog.from.config.DirsConfigReader - [client:400206]parse dir config information
2026-07-13 17:04:06.755 [pool-3-thread-1] INFO  com.rs.mv.mvvs.client.catalog.from.config.MappingConfigReader - [client:400207]parse mapping config information
2026-07-13 17:04:06.755 [pool-3-thread-1] INFO  com.rs.mv.mvvs.client.catalog.manager.U2CatalogManager - [client:400202]start a schedule task to get global/local catalog for dist, its period 5s 
2026-07-13 17:04:06.755 [pool-3-thread-1] INFO  com.rs.mv.mvvs.client.catalog.manager.U2CatalogManager - [client:400203]cache file auto update thread launch in path-scurry account
2026-07-13 17:04:06.755 [pool-3-thread-1] INFO  com.rs.mv.mvvs.client.catalog.from.config.DirsConfigReader - [client:400206]parse dir config information
2026-07-13 17:04:06.755 [pool-3-thread-1] INFO  com.rs.mv.mvvs.client.catalog.from.config.MappingConfigReader - [client:400207]parse mapping config information
2026-07-13 17:04:06.755 [pool-3-thread-1] INFO  com.rs.mv.mvvs.client.catalog.manager.U2CatalogManager - [client:400202]start a schedule task to get global/local catalog for path-scurry, its period 5s 
2026-07-13 17:04:06.756 [pool-3-thread-1] INFO  com.rs.mv.mvvs.client.catalog.manager.U2CatalogManager - [client:400203]cache file auto update thread launch in dist account
2026-07-13 17:04:06.756 [pool-3-thread-1] INFO  com.rs.mv.mvvs.client.catalog.from.config.DirsConfigReader - [client:400206]parse dir config information
2026-07-13 17:04:06.756 [pool-3-thread-1] INFO  com.rs.mv.mvvs.client.catalog.from.config.MappingConfigReader - [client:400207]parse mapping config information
2026-07-13 17:04:06.756 [pool-3-thread-1] INFO  com.rs.mv.mvvs.client.catalog.manager.U2CatalogManager - [client:400202]start a schedule task to get global/local catalog for dist, its period 5s 
2026-07-13 17:04:06.756 [pool-3-thread-1] INFO  com.rs.mv.mvvs.client.catalog.manager.U2CatalogManager - [client:400203]cache file auto update thread launch in jest-snapshot account
2026-07-13 17:04:06.756 [pool-3-thread-1] INFO  com.rs.mv.mvvs.client.catalog.from.config.DirsConfigReader - [client:400206]parse dir config information
2026-07-13 17:04:06.757 [pool-3-thread-1] INFO  com.rs.mv.mvvs.client.catalog.from.config.MappingConfigReader - [client:400207]parse mapping config information
2026-07-13 17:04:06.757 [pool-3-thread-1] INFO  com.rs.mv.mvvs.client.catalog.manager.U2CatalogManager - [client:400202]start a schedule task to get global/local catalog for jest-snapshot, its period 5s 
2026-07-13 17:04:06.757 [pool-3-thread-1] INFO  com.rs.mv.mvvs.client.catalog.manager.U2CatalogManager - [client:400203]cache file auto update thread launch in jest-util account
2026-07-13 17:04:06.757 [pool-3-thread-1] INFO  com.rs.mv.mvvs.client.catalog.from.config.DirsConfigReader - [client:400206]parse dir config information
2026-07-13 17:04:06.757 [pool-3-thread-1] INFO  com.rs.mv.mvvs.client.catalog.from.config.MappingConfigReader - [client:400207]parse mapping config information
2026-07-13 17:04:06.757 [pool-3-thread-1] INFO  com.rs.mv.mvvs.client.catalog.manager.U2CatalogManager - [client:400202]start a schedule task to get global/local catalog for jest-util, its period 5s 
2026-07-13 17:04:06.758 [pool-3-thread-1] INFO  com.rs.mv.mvvs.client.catalog.manager.U2CatalogManager - [client:400203]cache file auto update thread launch in jest-validate account
2026-07-13 17:04:06.758 [pool-3-thread-1] INFO  com.rs.mv.mvvs.client.catalog.from.config.DirsConfigReader - [client:400206]parse dir config information
2026-07-13 17:04:06.758 [pool-3-thread-1] INFO  com.rs.mv.mvvs.client.catalog.from.config.MappingConfigReader - [client:400207]parse mapping config information
2026-07-13 17:04:06.758 [pool-3-thread-1] INFO  com.rs.mv.mvvs.client.catalog.manager.U2CatalogManager - [client:400202]start a schedule task to get global/local catalog for jest-validate, its period 5s 
2026-07-13 17:04:06.759 [pool-3-thread-1] INFO  com.rs.mv.mvvs.client.catalog.manager.U2CatalogManager - [client:400203]cache file auto update thread launch in node_modules account
2026-07-13 17:04:06.759 [pool-3-thread-1] INFO  com.rs.mv.mvvs.client.catalog.from.config.DirsConfigReader - [client:400206]parse dir config information
2026-07-13 17:04:06.759 [pool-3-thread-1] INFO  com.rs.mv.mvvs.client.catalog.from.config.MappingConfigReader - [client:400207]parse mapping config information
2026-07-13 17:04:06.759 [pool-3-thread-1] INFO  com.rs.mv.mvvs.client.catalog.manager.U2CatalogManager - [client:400202]start a schedule task to get global/local catalog for node_modules, its period 5s 
2026-07-13 17:04:06.759 [pool-3-thread-1] INFO  com.rs.mv.mvvs.client.catalog.manager.U2CatalogManager - [client:400203]cache file auto update thread launch in jest-watcher account
2026-07-13 17:04:06.759 [pool-3-thread-1] INFO  com.rs.mv.mvvs.client.catalog.from.config.DirsConfigReader - [client:400206]parse dir config information
2026-07-13 17:04:06.760 [pool-3-thread-1] INFO  com.rs.mv.mvvs.client.catalog.from.config.MappingConfigReader - [client:400207]parse mapping config information
2026-07-13 17:04:06.760 [pool-3-thread-1] INFO  com.rs.mv.mvvs.client.catalog.manager.U2CatalogManager - [client:400202]start a schedule task to get global/local catalog for jest-watcher, its period 5s 
2026-07-13 17:04:06.760 [pool-3-thread-1] INFO  com.rs.mv.mvvs.client.catalog.manager.U2CatalogManager - [client:400203]cache file auto update thread launch in jest-worker account
2026-07-13 17:04:06.760 [pool-3-thread-1] INFO  com.rs.mv.mvvs.client.catalog.from.config.DirsConfigReader - [client:400206]parse dir config information
2026-07-13 17:04:06.760 [pool-3-thread-1] INFO  com.rs.mv.mvvs.client.catalog.from.config.MappingConfigReader - [client:400207]parse mapping config information
2026-07-13 17:04:06.760 [pool-3-thread-1] INFO  com.rs.mv.mvvs.client.catalog.manager.U2CatalogManager - [client:400202]start a schedule task to get global/local catalog for jest-worker, its period 5s 
2026-07-13 17:04:06.761 [pool-3-thread-1] INFO  com.rs.mv.mvvs.client.catalog.manager.U2CatalogManager - [client:400203]cache file auto update thread launch in node_modules account
2026-07-13 17:04:06.761 [pool-3-thread-1] INFO  com.rs.mv.mvvs.client.catalog.from.config.DirsConfigReader - [client:400206]parse dir config information
2026-07-13 17:04:06.761 [pool-3-thread-1] INFO  com.rs.mv.mvvs.client.catalog.from.config.MappingConfigReader - [client:400207]parse mapping config information
2026-07-13 17:04:06.762 [pool-3-thread-1] INFO  com.rs.mv.mvvs.client.catalog.manager.U2CatalogManager - [client:400202]start a schedule task to get global/local catalog for node_modules, its period 5s 
2026-07-13 17:04:06.762 [pool-3-thread-1] INFO  com.rs.mv.mvvs.client.catalog.manager.U2CatalogManager - [client:400203]cache file auto update thread launch in js-yaml account
2026-07-13 17:04:06.762 [pool-3-thread-1] INFO  com.rs.mv.mvvs.client.catalog.from.config.DirsConfigReader - [client:400206]parse dir config information
2026-07-13 17:04:06.762 [pool-3-thread-1] INFO  com.rs.mv.mvvs.client.catalog.from.config.MappingConfigReader - [client:400207]parse mapping config information
2026-07-13 17:04:06.763 [pool-3-thread-1] INFO  com.rs.mv.mvvs.client.catalog.manager.U2CatalogManager - [client:400202]start a schedule task to get global/local catalog for js-yaml, its period 5s 
2026-07-13 17:04:06.763 [pool-3-thread-1] INFO  com.rs.mv.mvvs.client.catalog.manager.U2CatalogManager - [client:400203]cache file auto update thread launch in lib account
2026-07-13 17:04:06.763 [pool-3-thread-1] INFO  com.rs.mv.mvvs.client.catalog.from.config.DirsConfigReader - [client:400206]parse dir config information
2026-07-13 17:04:06.763 [pool-3-thread-1] INFO  com.rs.mv.mvvs.client.catalog.from.config.MappingConfigReader - [client:400207]parse mapping config information
2026-07-13 17:04:06.763 [pool-3-thread-1] INFO  com.rs.mv.mvvs.client.catalog.manager.U2CatalogManager - [client:400202]start a schedule task to get global/local catalog for lib, its period 5s 
2026-07-13 17:04:06.764 [pool-3-thread-1] INFO  com.rs.mv.mvvs.client.catalog.manager.U2CatalogManager - [client:400203]cache file auto update thread launch in jsesc account
2026-07-13 17:04:06.764 [pool-3-thread-1] INFO  com.rs.mv.mvvs.client.catalog.from.config.DirsConfigReader - [client:400206]parse dir config information
2026-07-13 17:04:06.764 [pool-3-thread-1] INFO  com.rs.mv.mvvs.client.catalog.from.config.MappingConfigReader - [client:400207]parse mapping config information
2026-07-13 17:04:06.764 [pool-3-thread-1] INFO  com.rs.mv.mvvs.client.catalog.manager.U2CatalogManager - [client:400202]start a schedule task to get global/local catalog for jsesc, its period 5s 
2026-07-13 17:04:06.764 [pool-3-thread-1] INFO  com.rs.mv.mvvs.client.catalog.manager.U2CatalogManager - [client:400203]cache file auto update thread launch in json-schema-traverse account
2026-07-13 17:04:06.764 [pool-3-thread-1] INFO  com.rs.mv.mvvs.client.catalog.from.config.DirsConfigReader - [client:400206]parse dir config information
2026-07-13 17:04:06.764 [pool-3-thread-1] INFO  com.rs.mv.mvvs.client.catalog.from.config.MappingConfigReader - [client:400207]parse mapping config information
2026-07-13 17:04:06.765 [pool-3-thread-1] INFO  com.rs.mv.mvvs.client.catalog.manager.U2CatalogManager - [client:400202]start a schedule task to get global/local catalog for json-schema-traverse, its period 5s 
2026-07-13 17:04:06.765 [pool-3-thread-1] INFO  com.rs.mv.mvvs.client.catalog.manager.U2CatalogManager - [client:400203]cache file auto update thread launch in .github account
2026-07-13 17:04:06.765 [pool-3-thread-1] INFO  com.rs.mv.mvvs.client.catalog.from.config.DirsConfigReader - [client:400206]parse dir config information
2026-07-13 17:04:06.765 [pool-3-thread-1] INFO  com.rs.mv.mvvs.client.catalog.from.config.MappingConfigReader - [client:400207]parse mapping config information
2026-07-13 17:04:06.766 [pool-3-thread-1] INFO  com.rs.mv.mvvs.client.catalog.manager.U2CatalogManager - [client:400202]start a schedule task to get global/local catalog for .github, its period 5s 
2026-07-13 17:04:06.766 [pool-3-thread-1] INFO  com.rs.mv.mvvs.client.catalog.manager.U2CatalogManager - [client:400203]cache file auto update thread launch in spec account
2026-07-13 17:04:06.766 [pool-3-thread-1] INFO  com.rs.mv.mvvs.client.catalog.from.config.DirsConfigReader - [client:400206]parse dir config information
2026-07-13 17:04:06.766 [pool-3-thread-1] INFO  com.rs.mv.mvvs.client.catalog.from.config.MappingConfigReader - [client:400207]parse mapping config information
2026-07-13 17:04:06.767 [pool-3-thread-1] INFO  com.rs.mv.mvvs.client.catalog.manager.U2CatalogManager - [client:400202]start a schedule task to get global/local catalog for spec, its period 5s 
2026-07-13 17:04:06.767 [pool-3-thread-1] INFO  com.rs.mv.mvvs.client.catalog.manager.U2CatalogManager - [client:400203]cache file auto update thread launch in json5 account
2026-07-13 17:04:06.767 [pool-3-thread-1] INFO  com.rs.mv.mvvs.client.catalog.from.config.DirsConfigReader - [client:400206]parse dir config information
2026-07-13 17:04:06.768 [pool-3-thread-1] INFO  com.rs.mv.mvvs.client.catalog.from.config.MappingConfigReader - [client:400207]parse mapping config information
2026-07-13 17:04:06.768 [pool-3-thread-1] INFO  com.rs.mv.mvvs.client.catalog.manager.U2CatalogManager - [client:400202]start a schedule task to get global/local catalog for json5, its period 5s 
2026-07-13 17:04:06.768 [pool-3-thread-1] INFO  com.rs.mv.mvvs.client.catalog.manager.U2CatalogManager - [client:400203]cache file auto update thread launch in jsonwebtoken account
2026-07-13 17:04:06.768 [pool-3-thread-1] INFO  com.rs.mv.mvvs.client.catalog.from.config.DirsConfigReader - [client:400206]parse dir config information
2026-07-13 17:04:06.768 [pool-3-thread-1] INFO  com.rs.mv.mvvs.client.catalog.from.config.MappingConfigReader - [client:400207]parse mapping config information
2026-07-13 17:04:06.768 [pool-3-thread-1] INFO  com.rs.mv.mvvs.client.catalog.manager.U2CatalogManager - [client:400202]start a schedule task to get global/local catalog for jsonwebtoken, its period 5s 
2026-07-13 17:04:06.769 [pool-3-thread-1] INFO  com.rs.mv.mvvs.client.catalog.manager.U2CatalogManager - [client:400203]cache file auto update thread launch in node_modules account
2026-07-13 17:04:06.769 [pool-3-thread-1] INFO  com.rs.mv.mvvs.client.catalog.from.config.DirsConfigReader - [client:400206]parse dir config information
2026-07-13 17:04:06.769 [pool-3-thread-1] INFO  com.rs.mv.mvvs.client.catalog.from.config.MappingConfigReader - [client:400207]parse mapping config information
2026-07-13 17:04:06.770 [pool-3-thread-1] INFO  com.rs.mv.mvvs.client.catalog.manager.U2CatalogManager - [client:400202]start a schedule task to get global/local catalog for node_modules, its period 5s 
2026-07-13 17:04:06.770 [pool-3-thread-1] INFO  com.rs.mv.mvvs.client.catalog.manager.U2CatalogManager - [client:400203]cache file auto update thread launch in jws account
2026-07-13 17:04:06.770 [pool-3-thread-1] INFO  com.rs.mv.mvvs.client.catalog.from.config.DirsConfigReader - [client:400206]parse dir config information
2026-07-13 17:04:06.771 [pool-3-thread-1] INFO  com.rs.mv.mvvs.client.catalog.from.config.MappingConfigReader - [client:400207]parse mapping config information
2026-07-13 17:04:06.771 [pool-3-thread-1] INFO  com.rs.mv.mvvs.client.catalog.manager.U2CatalogManager - [client:400202]start a schedule task to get global/local catalog for jws, its period 5s 
2026-07-13 17:04:06.772 [pool-3-thread-1] INFO  com.rs.mv.mvvs.client.catalog.manager.U2CatalogManager - [client:400203]cache file auto update thread launch in lines-and-columns account
2026-07-13 17:04:06.772 [pool-3-thread-1] INFO  com.rs.mv.mvvs.client.catalog.from.config.DirsConfigReader - [client:400206]parse dir config information
2026-07-13 17:04:06.772 [pool-3-thread-1] INFO  com.rs.mv.mvvs.client.catalog.from.config.MappingConfigReader - [client:400207]parse mapping config information
2026-07-13 17:04:06.772 [pool-3-thread-1] INFO  com.rs.mv.mvvs.client.catalog.manager.U2CatalogManager - [client:400202]start a schedule task to get global/local catalog for lines-and-columns, its period 5s 
2026-07-13 17:04:06.772 [pool-3-thread-1] INFO  com.rs.mv.mvvs.client.catalog.manager.U2CatalogManager - [client:400203]cache file auto update thread launch in lodash account
2026-07-13 17:04:06.773 [pool-3-thread-1] INFO  com.rs.mv.mvvs.client.catalog.from.config.DirsConfigReader - [client:400206]parse dir config information
2026-07-13 17:04:06.773 [pool-3-thread-1] INFO  com.rs.mv.mvvs.client.catalog.from.config.MappingConfigReader - [client:400207]parse mapping config information
2026-07-13 17:04:06.773 [pool-3-thread-1] INFO  com.rs.mv.mvvs.client.catalog.manager.U2CatalogManager - [client:400202]start a schedule task to get global/local catalog for lodash, its period 5s 
2026-07-13 17:04:06.773 [pool-3-thread-1] INFO  com.rs.mv.mvvs.client.catalog.manager.U2CatalogManager - [client:400203]cache file auto update thread launch in lru-cache account
2026-07-13 17:04:06.773 [pool-3-thread-1] INFO  com.rs.mv.mvvs.client.catalog.from.config.DirsConfigReader - [client:400206]parse dir config information
2026-07-13 17:04:06.774 [pool-3-thread-1] INFO  com.rs.mv.mvvs.client.catalog.from.config.MappingConfigReader - [client:400207]parse mapping config information
2026-07-13 17:04:06.774 [pool-3-thread-1] INFO  com.rs.mv.mvvs.client.catalog.manager.U2CatalogManager - [client:400202]start a schedule task to get global/local catalog for lru-cache, its period 5s 
2026-07-13 17:04:06.774 [pool-3-thread-1] INFO  com.rs.mv.mvvs.client.catalog.manager.U2CatalogManager - [client:400203]cache file auto update thread launch in dist account
2026-07-13 17:04:06.774 [pool-3-thread-1] INFO  com.rs.mv.mvvs.client.catalog.from.config.DirsConfigReader - [client:400206]parse dir config information
2026-07-13 17:04:06.774 [pool-3-thread-1] INFO  com.rs.mv.mvvs.client.catalog.from.config.MappingConfigReader - [client:400207]parse mapping config information
2026-07-13 17:04:06.775 [pool-3-thread-1] INFO  com.rs.mv.mvvs.client.catalog.manager.U2CatalogManager - [client:400202]start a schedule task to get global/local catalog for dist, its period 5s 
2026-07-13 17:04:06.775 [pool-3-thread-1] INFO  com.rs.mv.mvvs.client.catalog.manager.U2CatalogManager - [client:400203]cache file auto update thread launch in commonjs account
2026-07-13 17:04:06.775 [pool-3-thread-1] INFO  com.rs.mv.mvvs.client.catalog.from.config.DirsConfigReader - [client:400206]parse dir config information
2026-07-13 17:04:06.775 [pool-3-thread-1] INFO  com.rs.mv.mvvs.client.catalog.from.config.MappingConfigReader - [client:400207]parse mapping config information
2026-07-13 17:04:06.775 [pool-3-thread-1] INFO  com.rs.mv.mvvs.client.catalog.manager.U2CatalogManager - [client:400202]start a schedule task to get global/local catalog for commonjs, its period 5s 
2026-07-13 17:04:06.775 [pool-3-thread-1] INFO  com.rs.mv.mvvs.client.catalog.manager.U2CatalogManager - [client:400203]cache file auto update thread launch in esm account
2026-07-13 17:04:06.775 [pool-3-thread-1] INFO  com.rs.mv.mvvs.client.catalog.from.config.DirsConfigReader - [client:400206]parse dir config information
2026-07-13 17:04:06.775 [pool-3-thread-1] INFO  com.rs.mv.mvvs.client.catalog.from.config.MappingConfigReader - [client:400207]parse mapping config information
2026-07-13 17:04:06.775 [pool-3-thread-1] INFO  com.rs.mv.mvvs.client.catalog.manager.U2CatalogManager - [client:400202]start a schedule task to get global/local catalog for esm, its period 5s 
2026-07-13 17:04:06.776 [pool-3-thread-1] INFO  com.rs.mv.mvvs.client.catalog.manager.U2CatalogManager - [client:400203]cache file auto update thread launch in makeerror account
2026-07-13 17:04:06.776 [pool-3-thread-1] INFO  com.rs.mv.mvvs.client.catalog.from.config.DirsConfigReader - [client:400206]parse dir config information
2026-07-13 17:04:06.776 [pool-3-thread-1] INFO  com.rs.mv.mvvs.client.catalog.from.config.MappingConfigReader - [client:400207]parse mapping config information
2026-07-13 17:04:06.776 [pool-3-thread-1] INFO  com.rs.mv.mvvs.client.catalog.manager.U2CatalogManager - [client:400202]start a schedule task to get global/local catalog for makeerror, its period 5s 
2026-07-13 17:04:06.777 [pool-3-thread-1] INFO  com.rs.mv.mvvs.client.catalog.manager.U2CatalogManager - [client:400203]cache file auto update thread launch in math-intrinsics account
2026-07-13 17:04:06.777 [pool-3-thread-1] INFO  com.rs.mv.mvvs.client.catalog.from.config.DirsConfigReader - [client:400206]parse dir config information
2026-07-13 17:04:06.777 [pool-3-thread-1] INFO  com.rs.mv.mvvs.client.catalog.from.config.MappingConfigReader - [client:400207]parse mapping config information
2026-07-13 17:04:06.777 [pool-3-thread-1] INFO  com.rs.mv.mvvs.client.catalog.manager.U2CatalogManager - [client:400202]start a schedule task to get global/local catalog for math-intrinsics, its period 5s 
2026-07-13 17:04:06.778 [pool-3-thread-1] INFO  com.rs.mv.mvvs.client.catalog.manager.U2CatalogManager - [client:400203]cache file auto update thread launch in mime account
2026-07-13 17:04:06.778 [pool-3-thread-1] INFO  com.rs.mv.mvvs.client.catalog.from.config.DirsConfigReader - [client:400206]parse dir config information
2026-07-13 17:04:06.778 [pool-3-thread-1] INFO  com.rs.mv.mvvs.client.catalog.from.config.MappingConfigReader - [client:400207]parse mapping config information
2026-07-13 17:04:06.778 [pool-3-thread-1] INFO  com.rs.mv.mvvs.client.catalog.manager.U2CatalogManager - [client:400202]start a schedule task to get global/local catalog for mime, its period 5s 
2026-07-13 17:04:06.778 [pool-3-thread-1] INFO  com.rs.mv.mvvs.client.catalog.manager.U2CatalogManager - [client:400203]cache file auto update thread launch in minimatch account
2026-07-13 17:04:06.778 [pool-3-thread-1] INFO  com.rs.mv.mvvs.client.catalog.from.config.DirsConfigReader - [client:400206]parse dir config information
2026-07-13 17:04:06.779 [pool-3-thread-1] INFO  com.rs.mv.mvvs.client.catalog.from.config.MappingConfigReader - [client:400207]parse mapping config information
2026-07-13 17:04:06.779 [pool-3-thread-1] INFO  com.rs.mv.mvvs.client.catalog.manager.U2CatalogManager - [client:400202]start a schedule task to get global/local catalog for minimatch, its period 5s 
2026-07-13 17:04:06.779 [pool-3-thread-1] INFO  com.rs.mv.mvvs.client.catalog.manager.U2CatalogManager - [client:400203]cache file auto update thread launch in dist account
2026-07-13 17:04:06.779 [pool-3-thread-1] INFO  com.rs.mv.mvvs.client.catalog.from.config.DirsConfigReader - [client:400206]parse dir config information
2026-07-13 17:04:06.779 [pool-3-thread-1] INFO  com.rs.mv.mvvs.client.catalog.from.config.MappingConfigReader - [client:400207]parse mapping config information
2026-07-13 17:04:06.779 [pool-3-thread-1] INFO  com.rs.mv.mvvs.client.catalog.manager.U2CatalogManager - [client:400202]start a schedule task to get global/local catalog for dist, its period 5s 
2026-07-13 17:04:06.780 [pool-3-thread-1] INFO  com.rs.mv.mvvs.client.catalog.manager.U2CatalogManager - [client:400203]cache file auto update thread launch in minipass account
2026-07-13 17:04:06.780 [pool-3-thread-1] INFO  com.rs.mv.mvvs.client.catalog.from.config.DirsConfigReader - [client:400206]parse dir config information
2026-07-13 17:04:06.780 [pool-3-thread-1] INFO  com.rs.mv.mvvs.client.catalog.from.config.MappingConfigReader - [client:400207]parse mapping config information
2026-07-13 17:04:06.780 [pool-3-thread-1] INFO  com.rs.mv.mvvs.client.catalog.manager.U2CatalogManager - [client:400202]start a schedule task to get global/local catalog for minipass, its period 5s 
2026-07-13 17:04:06.780 [pool-3-thread-1] INFO  com.rs.mv.mvvs.client.catalog.manager.U2CatalogManager - [client:400203]cache file auto update thread launch in dist account
2026-07-13 17:04:06.780 [pool-3-thread-1] INFO  com.rs.mv.mvvs.client.catalog.from.config.DirsConfigReader - [client:400206]parse dir config information
2026-07-13 17:04:06.781 [pool-3-thread-1] INFO  com.rs.mv.mvvs.client.catalog.from.config.MappingConfigReader - [client:400207]parse mapping config information
2026-07-13 17:04:06.781 [pool-3-thread-1] INFO  com.rs.mv.mvvs.client.catalog.manager.U2CatalogManager - [client:400202]start a schedule task to get global/local catalog for dist, its period 5s 
2026-07-13 17:04:06.781 [pool-3-thread-1] INFO  com.rs.mv.mvvs.client.catalog.manager.U2CatalogManager - [client:400203]cache file auto update thread launch in multer account
2026-07-13 17:04:06.781 [pool-3-thread-1] INFO  com.rs.mv.mvvs.client.catalog.from.config.DirsConfigReader - [client:400206]parse dir config information
2026-07-13 17:04:06.781 [pool-3-thread-1] INFO  com.rs.mv.mvvs.client.catalog.from.config.MappingConfigReader - [client:400207]parse mapping config information
2026-07-13 17:04:06.781 [pool-3-thread-1] INFO  com.rs.mv.mvvs.client.catalog.manager.U2CatalogManager - [client:400202]start a schedule task to get global/local catalog for multer, its period 5s 
2026-07-13 17:04:06.782 [pool-3-thread-1] INFO  com.rs.mv.mvvs.client.catalog.manager.U2CatalogManager - [client:400203]cache file auto update thread launch in node_modules account
2026-07-13 17:04:06.782 [pool-3-thread-1] INFO  com.rs.mv.mvvs.client.catalog.from.config.DirsConfigReader - [client:400206]parse dir config information
2026-07-13 17:04:06.782 [pool-3-thread-1] INFO  com.rs.mv.mvvs.client.catalog.from.config.MappingConfigReader - [client:400207]parse mapping config information
2026-07-13 17:04:06.782 [pool-3-thread-1] INFO  com.rs.mv.mvvs.client.catalog.manager.U2CatalogManager - [client:400202]start a schedule task to get global/local catalog for node_modules, its period 5s 
2026-07-13 17:04:06.782 [pool-3-thread-1] INFO  com.rs.mv.mvvs.client.catalog.manager.U2CatalogManager - [client:400203]cache file auto update thread launch in napi-postinstall account
2026-07-13 17:04:06.782 [pool-3-thread-1] INFO  com.rs.mv.mvvs.client.catalog.from.config.DirsConfigReader - [client:400206]parse dir config information
2026-07-13 17:04:06.783 [pool-3-thread-1] INFO  com.rs.mv.mvvs.client.catalog.from.config.MappingConfigReader - [client:400207]parse mapping config information
2026-07-13 17:04:06.783 [pool-3-thread-1] INFO  com.rs.mv.mvvs.client.catalog.manager.U2CatalogManager - [client:400202]start a schedule task to get global/local catalog for napi-postinstall, its period 5s 
2026-07-13 17:04:06.783 [pool-3-thread-1] INFO  com.rs.mv.mvvs.client.catalog.manager.U2CatalogManager - [client:400203]cache file auto update thread launch in negotiator account
2026-07-13 17:04:06.783 [pool-3-thread-1] INFO  com.rs.mv.mvvs.client.catalog.from.config.DirsConfigReader - [client:400206]parse dir config information
2026-07-13 17:04:06.783 [pool-3-thread-1] INFO  com.rs.mv.mvvs.client.catalog.from.config.MappingConfigReader - [client:400207]parse mapping config information
2026-07-13 17:04:06.784 [pool-3-thread-1] INFO  com.rs.mv.mvvs.client.catalog.manager.U2CatalogManager - [client:400202]start a schedule task to get global/local catalog for negotiator, its period 5s 
2026-07-13 17:04:06.784 [pool-3-thread-1] INFO  com.rs.mv.mvvs.client.catalog.manager.U2CatalogManager - [client:400203]cache file auto update thread launch in node-addon-api account
2026-07-13 17:04:06.784 [pool-3-thread-1] INFO  com.rs.mv.mvvs.client.catalog.from.config.DirsConfigReader - [client:400206]parse dir config information
2026-07-13 17:04:06.784 [pool-3-thread-1] INFO  com.rs.mv.mvvs.client.catalog.from.config.MappingConfigReader - [client:400207]parse mapping config information
2026-07-13 17:04:06.784 [pool-3-thread-1] INFO  com.rs.mv.mvvs.client.catalog.manager.U2CatalogManager - [client:400202]start a schedule task to get global/local catalog for node-addon-api, its period 5s 
2026-07-13 17:04:06.785 [pool-3-thread-1] INFO  com.rs.mv.mvvs.client.catalog.manager.U2CatalogManager - [client:400203]cache file auto update thread launch in node-releases account
2026-07-13 17:04:06.785 [pool-3-thread-1] INFO  com.rs.mv.mvvs.client.catalog.from.config.DirsConfigReader - [client:400206]parse dir config information
2026-07-13 17:04:06.786 [pool-3-thread-1] INFO  com.rs.mv.mvvs.client.catalog.from.config.MappingConfigReader - [client:400207]parse mapping config information
2026-07-13 17:04:06.786 [pool-3-thread-1] INFO  com.rs.mv.mvvs.client.catalog.manager.U2CatalogManager - [client:400202]start a schedule task to get global/local catalog for node-releases, its period 5s 
2026-07-13 17:04:06.787 [pool-3-thread-1] INFO  com.rs.mv.mvvs.client.catalog.manager.U2CatalogManager - [client:400203]cache file auto update thread launch in data account
2026-07-13 17:04:06.787 [pool-3-thread-1] INFO  com.rs.mv.mvvs.client.catalog.from.config.DirsConfigReader - [client:400206]parse dir config information
2026-07-13 17:04:06.787 [pool-3-thread-1] INFO  com.rs.mv.mvvs.client.catalog.from.config.MappingConfigReader - [client:400207]parse mapping config information
2026-07-13 17:04:06.787 [pool-3-thread-1] INFO  com.rs.mv.mvvs.client.catalog.manager.U2CatalogManager - [client:400202]start a schedule task to get global/local catalog for data, its period 5s 
2026-07-13 17:04:06.788 [pool-3-thread-1] INFO  com.rs.mv.mvvs.client.catalog.manager.U2CatalogManager - [client:400203]cache file auto update thread launch in nodemon account
2026-07-13 17:04:06.788 [pool-3-thread-1] INFO  com.rs.mv.mvvs.client.catalog.from.config.DirsConfigReader - [client:400206]parse dir config information
2026-07-13 17:04:06.788 [pool-3-thread-1] INFO  com.rs.mv.mvvs.client.catalog.from.config.MappingConfigReader - [client:400207]parse mapping config information
2026-07-13 17:04:06.789 [pool-3-thread-1] INFO  com.rs.mv.mvvs.client.catalog.manager.U2CatalogManager - [client:400202]start a schedule task to get global/local catalog for nodemon, its period 5s 
2026-07-13 17:04:06.789 [pool-3-thread-1] INFO  com.rs.mv.mvvs.client.catalog.manager.U2CatalogManager - [client:400203]cache file auto update thread launch in doc account
2026-07-13 17:04:06.789 [pool-3-thread-1] INFO  com.rs.mv.mvvs.client.catalog.from.config.DirsConfigReader - [client:400206]parse dir config information
2026-07-13 17:04:06.789 [pool-3-thread-1] INFO  com.rs.mv.mvvs.client.catalog.from.config.MappingConfigReader - [client:400207]parse mapping config information
2026-07-13 17:04:06.790 [pool-3-thread-1] INFO  com.rs.mv.mvvs.client.catalog.manager.U2CatalogManager - [client:400202]start a schedule task to get global/local catalog for doc, its period 5s 
2026-07-13 17:04:06.790 [pool-3-thread-1] INFO  com.rs.mv.mvvs.client.catalog.manager.U2CatalogManager - [client:400203]cache file auto update thread launch in lib account
2026-07-13 17:04:06.790 [pool-3-thread-1] INFO  com.rs.mv.mvvs.client.catalog.from.config.DirsConfigReader - [client:400206]parse dir config information
2026-07-13 17:04:06.790 [pool-3-thread-1] INFO  com.rs.mv.mvvs.client.catalog.from.config.MappingConfigReader - [client:400207]parse mapping config information
2026-07-13 17:04:06.790 [pool-3-thread-1] INFO  com.rs.mv.mvvs.client.catalog.manager.U2CatalogManager - [client:400202]start a schedule task to get global/local catalog for lib, its period 5s 
2026-07-13 17:04:06.791 [pool-3-thread-1] INFO  com.rs.mv.mvvs.client.catalog.manager.U2CatalogManager - [client:400203]cache file auto update thread launch in node_modules account
2026-07-13 17:04:06.791 [pool-3-thread-1] INFO  com.rs.mv.mvvs.client.catalog.from.config.DirsConfigReader - [client:400206]parse dir config information
2026-07-13 17:04:06.791 [pool-3-thread-1] INFO  com.rs.mv.mvvs.client.catalog.from.config.MappingConfigReader - [client:400207]parse mapping config information
2026-07-13 17:04:06.791 [pool-3-thread-1] INFO  com.rs.mv.mvvs.client.catalog.manager.U2CatalogManager - [client:400202]start a schedule task to get global/local catalog for node_modules, its period 5s 
2026-07-13 17:04:06.791 [pool-3-thread-1] INFO  com.rs.mv.mvvs.client.catalog.manager.U2CatalogManager - [client:400203]cache file auto update thread launch in debug account
2026-07-13 17:04:06.791 [pool-3-thread-1] INFO  com.rs.mv.mvvs.client.catalog.from.config.DirsConfigReader - [client:400206]parse dir config information
2026-07-13 17:04:06.791 [pool-3-thread-1] INFO  com.rs.mv.mvvs.client.catalog.from.config.MappingConfigReader - [client:400207]parse mapping config information
2026-07-13 17:04:06.792 [pool-3-thread-1] INFO  com.rs.mv.mvvs.client.catalog.manager.U2CatalogManager - [client:400202]start a schedule task to get global/local catalog for debug, its period 5s 
2026-07-13 17:04:06.792 [pool-3-thread-1] INFO  com.rs.mv.mvvs.client.catalog.manager.U2CatalogManager - [client:400203]cache file auto update thread launch in object-inspect account
2026-07-13 17:04:06.792 [pool-3-thread-1] INFO  com.rs.mv.mvvs.client.catalog.from.config.DirsConfigReader - [client:400206]parse dir config information
2026-07-13 17:04:06.792 [pool-3-thread-1] INFO  com.rs.mv.mvvs.client.catalog.from.config.MappingConfigReader - [client:400207]parse mapping config information
2026-07-13 17:04:06.792 [pool-3-thread-1] INFO  com.rs.mv.mvvs.client.catalog.manager.U2CatalogManager - [client:400202]start a schedule task to get global/local catalog for object-inspect, its period 5s 
2026-07-13 17:04:06.793 [pool-3-thread-1] INFO  com.rs.mv.mvvs.client.catalog.manager.U2CatalogManager - [client:400203]cache file auto update thread launch in test account
2026-07-13 17:04:06.793 [pool-3-thread-1] INFO  com.rs.mv.mvvs.client.catalog.from.config.DirsConfigReader - [client:400206]parse dir config information
2026-07-13 17:04:06.793 [pool-3-thread-1] INFO  com.rs.mv.mvvs.client.catalog.from.config.MappingConfigReader - [client:400207]parse mapping config information
2026-07-13 17:04:06.793 [pool-3-thread-1] INFO  com.rs.mv.mvvs.client.catalog.manager.U2CatalogManager - [client:400202]start a schedule task to get global/local catalog for test, its period 5s 
2026-07-13 17:04:06.793 [pool-3-thread-1] INFO  com.rs.mv.mvvs.client.catalog.manager.U2CatalogManager - [client:400203]cache file auto update thread launch in openapi-types account
2026-07-13 17:04:06.794 [pool-3-thread-1] INFO  com.rs.mv.mvvs.client.catalog.from.config.DirsConfigReader - [client:400206]parse dir config information
2026-07-13 17:04:06.794 [pool-3-thread-1] INFO  com.rs.mv.mvvs.client.catalog.from.config.MappingConfigReader - [client:400207]parse mapping config information
2026-07-13 17:04:06.794 [pool-3-thread-1] INFO  com.rs.mv.mvvs.client.catalog.manager.U2CatalogManager - [client:400202]start a schedule task to get global/local catalog for openapi-types, its period 5s 
2026-07-13 17:04:06.794 [pool-3-thread-1] INFO  com.rs.mv.mvvs.client.catalog.manager.U2CatalogManager - [client:400203]cache file auto update thread launch in p-locate account
2026-07-13 17:04:06.794 [pool-3-thread-1] INFO  com.rs.mv.mvvs.client.catalog.from.config.DirsConfigReader - [client:400206]parse dir config information
2026-07-13 17:04:06.794 [pool-3-thread-1] INFO  com.rs.mv.mvvs.client.catalog.from.config.MappingConfigReader - [client:400207]parse mapping config information
2026-07-13 17:04:06.795 [pool-3-thread-1] INFO  com.rs.mv.mvvs.client.catalog.manager.U2CatalogManager - [client:400202]start a schedule task to get global/local catalog for p-locate, its period 5s 
2026-07-13 17:04:06.795 [pool-3-thread-1] INFO  com.rs.mv.mvvs.client.catalog.manager.U2CatalogManager - [client:400203]cache file auto update thread launch in node_modules account
2026-07-13 17:04:06.795 [pool-3-thread-1] INFO  com.rs.mv.mvvs.client.catalog.from.config.DirsConfigReader - [client:400206]parse dir config information
2026-07-13 17:04:06.795 [pool-3-thread-1] INFO  com.rs.mv.mvvs.client.catalog.from.config.MappingConfigReader - [client:400207]parse mapping config information
2026-07-13 17:04:06.796 [pool-3-thread-1] INFO  com.rs.mv.mvvs.client.catalog.manager.U2CatalogManager - [client:400202]start a schedule task to get global/local catalog for node_modules, its period 5s 
2026-07-13 17:04:06.796 [pool-3-thread-1] INFO  com.rs.mv.mvvs.client.catalog.manager.U2CatalogManager - [client:400203]cache file auto update thread launch in package-json-from-dist account
2026-07-13 17:04:06.796 [pool-3-thread-1] INFO  com.rs.mv.mvvs.client.catalog.from.config.DirsConfigReader - [client:400206]parse dir config information
2026-07-13 17:04:06.796 [pool-3-thread-1] INFO  com.rs.mv.mvvs.client.catalog.from.config.MappingConfigReader - [client:400207]parse mapping config information
2026-07-13 17:04:06.797 [pool-3-thread-1] INFO  com.rs.mv.mvvs.client.catalog.manager.U2CatalogManager - [client:400202]start a schedule task to get global/local catalog for package-json-from-dist, its period 5s 
2026-07-13 17:04:06.797 [pool-3-thread-1] INFO  com.rs.mv.mvvs.client.catalog.manager.U2CatalogManager - [client:400203]cache file auto update thread launch in dist account
2026-07-13 17:04:06.797 [pool-3-thread-1] INFO  com.rs.mv.mvvs.client.catalog.from.config.DirsConfigReader - [client:400206]parse dir config information
2026-07-13 17:04:06.797 [pool-3-thread-1] INFO  com.rs.mv.mvvs.client.catalog.from.config.MappingConfigReader - [client:400207]parse mapping config information
2026-07-13 17:04:06.798 [pool-3-thread-1] INFO  com.rs.mv.mvvs.client.catalog.manager.U2CatalogManager - [client:400202]start a schedule task to get global/local catalog for dist, its period 5s 
2026-07-13 17:04:06.798 [pool-3-thread-1] INFO  com.rs.mv.mvvs.client.catalog.manager.U2CatalogManager - [client:400203]cache file auto update thread launch in path-scurry account
2026-07-13 17:04:06.798 [pool-3-thread-1] INFO  com.rs.mv.mvvs.client.catalog.from.config.DirsConfigReader - [client:400206]parse dir config information
2026-07-13 17:04:06.798 [pool-3-thread-1] INFO  com.rs.mv.mvvs.client.catalog.from.config.MappingConfigReader - [client:400207]parse mapping config information
2026-07-13 17:04:06.798 [pool-3-thread-1] INFO  com.rs.mv.mvvs.client.catalog.manager.U2CatalogManager - [client:400202]start a schedule task to get global/local catalog for path-scurry, its period 5s 
2026-07-13 17:04:06.799 [pool-3-thread-1] INFO  com.rs.mv.mvvs.client.catalog.manager.U2CatalogManager - [client:400203]cache file auto update thread launch in dist account
2026-07-13 17:04:06.799 [pool-3-thread-1] INFO  com.rs.mv.mvvs.client.catalog.from.config.DirsConfigReader - [client:400206]parse dir config information
2026-07-13 17:04:06.799 [pool-3-thread-1] INFO  com.rs.mv.mvvs.client.catalog.from.config.MappingConfigReader - [client:400207]parse mapping config information
2026-07-13 17:04:06.799 [pool-3-thread-1] INFO  com.rs.mv.mvvs.client.catalog.manager.U2CatalogManager - [client:400202]start a schedule task to get global/local catalog for dist, its period 5s 
2026-07-13 17:04:06.799 [pool-3-thread-1] INFO  com.rs.mv.mvvs.client.catalog.manager.U2CatalogManager - [client:400203]cache file auto update thread launch in path-to-regexp account
2026-07-13 17:04:06.800 [pool-3-thread-1] INFO  com.rs.mv.mvvs.client.catalog.from.config.DirsConfigReader - [client:400206]parse dir config information
2026-07-13 17:04:06.800 [pool-3-thread-1] INFO  com.rs.mv.mvvs.client.catalog.from.config.MappingConfigReader - [client:400207]parse mapping config information
2026-07-13 17:04:06.800 [pool-3-thread-1] INFO  com.rs.mv.mvvs.client.catalog.manager.U2CatalogManager - [client:400202]start a schedule task to get global/local catalog for path-to-regexp, its period 5s 
2026-07-13 17:04:06.802 [pool-3-thread-1] INFO  com.rs.mv.mvvs.client.catalog.manager.U2CatalogManager - [client:400203]cache file auto update thread launch in pg account
2026-07-13 17:04:06.802 [pool-3-thread-1] INFO  com.rs.mv.mvvs.client.catalog.from.config.DirsConfigReader - [client:400206]parse dir config information
2026-07-13 17:04:06.802 [pool-3-thread-1] INFO  com.rs.mv.mvvs.client.catalog.from.config.MappingConfigReader - [client:400207]parse mapping config information
2026-07-13 17:04:06.804 [pool-3-thread-1] INFO  com.rs.mv.mvvs.client.catalog.manager.U2CatalogManager - [client:400202]start a schedule task to get global/local catalog for pg, its period 5s 
2026-07-13 17:04:06.804 [pool-3-thread-1] INFO  com.rs.mv.mvvs.client.catalog.manager.U2CatalogManager - [client:400203]cache file auto update thread launch in lib account
2026-07-13 17:04:06.804 [pool-3-thread-1] INFO  com.rs.mv.mvvs.client.catalog.from.config.DirsConfigReader - [client:400206]parse dir config information
2026-07-13 17:04:06.804 [pool-3-thread-1] INFO  com.rs.mv.mvvs.client.catalog.from.config.MappingConfigReader - [client:400207]parse mapping config information
2026-07-13 17:04:06.805 [pool-3-thread-1] INFO  com.rs.mv.mvvs.client.catalog.manager.U2CatalogManager - [client:400202]start a schedule task to get global/local catalog for lib, its period 5s 
2026-07-13 17:04:06.805 [pool-3-thread-1] INFO  com.rs.mv.mvvs.client.catalog.manager.U2CatalogManager - [client:400203]cache file auto update thread launch in pg-cloudflare account
2026-07-13 17:04:06.806 [pool-3-thread-1] INFO  com.rs.mv.mvvs.client.catalog.from.config.DirsConfigReader - [client:400206]parse dir config information
2026-07-13 17:04:06.806 [pool-3-thread-1] INFO  com.rs.mv.mvvs.client.catalog.from.config.MappingConfigReader - [client:400207]parse mapping config information
2026-07-13 17:04:06.806 [pool-3-thread-1] INFO  com.rs.mv.mvvs.client.catalog.manager.U2CatalogManager - [client:400202]start a schedule task to get global/local catalog for pg-cloudflare, its period 5s 
2026-07-13 17:04:06.810 [pool-3-thread-1] INFO  com.rs.mv.mvvs.client.catalog.manager.U2CatalogManager - [client:400203]cache file auto update thread launch in pg-connection-string account
2026-07-13 17:04:06.815 [pool-3-thread-1] INFO  com.rs.mv.mvvs.client.catalog.from.config.DirsConfigReader - [client:400206]parse dir config information
2026-07-13 17:04:06.816 [pool-3-thread-1] INFO  com.rs.mv.mvvs.client.catalog.from.config.MappingConfigReader - [client:400207]parse mapping config information
2026-07-13 17:04:06.816 [pool-3-thread-1] INFO  com.rs.mv.mvvs.client.catalog.manager.U2CatalogManager - [client:400202]start a schedule task to get global/local catalog for pg-connection-string, its period 5s 
2026-07-13 17:04:06.816 [pool-3-thread-1] INFO  com.rs.mv.mvvs.client.catalog.manager.U2CatalogManager - [client:400203]cache file auto update thread launch in pg-pool account
2026-07-13 17:04:06.817 [pool-3-thread-1] INFO  com.rs.mv.mvvs.client.catalog.from.config.DirsConfigReader - [client:400206]parse dir config information
2026-07-13 17:04:06.817 [pool-3-thread-1] INFO  com.rs.mv.mvvs.client.catalog.from.config.MappingConfigReader - [client:400207]parse mapping config information
2026-07-13 17:04:06.817 [pool-3-thread-1] INFO  com.rs.mv.mvvs.client.catalog.manager.U2CatalogManager - [client:400202]start a schedule task to get global/local catalog for pg-pool, its period 5s 
2026-07-13 17:04:06.817 [pool-3-thread-1] INFO  com.rs.mv.mvvs.client.catalog.manager.U2CatalogManager - [client:400203]cache file auto update thread launch in pg-protocol account
2026-07-13 17:04:06.818 [pool-3-thread-1] INFO  com.rs.mv.mvvs.client.catalog.from.config.DirsConfigReader - [client:400206]parse dir config information
2026-07-13 17:04:06.818 [pool-3-thread-1] INFO  com.rs.mv.mvvs.client.catalog.from.config.MappingConfigReader - [client:400207]parse mapping config information
2026-07-13 17:04:06.818 [pool-3-thread-1] INFO  com.rs.mv.mvvs.client.catalog.manager.U2CatalogManager - [client:400202]start a schedule task to get global/local catalog for pg-protocol, its period 5s 
2026-07-13 17:04:06.819 [pool-3-thread-1] INFO  com.rs.mv.mvvs.client.catalog.manager.U2CatalogManager - [client:400203]cache file auto update thread launch in src account
2026-07-13 17:04:06.820 [pool-3-thread-1] INFO  com.rs.mv.mvvs.client.catalog.from.config.DirsConfigReader - [client:400206]parse dir config information
2026-07-13 17:04:06.820 [pool-3-thread-1] INFO  com.rs.mv.mvvs.client.catalog.from.config.MappingConfigReader - [client:400207]parse mapping config information
2026-07-13 17:04:06.820 [pool-3-thread-1] INFO  com.rs.mv.mvvs.client.catalog.manager.U2CatalogManager - [client:400202]start a schedule task to get global/local catalog for src, its period 5s 
2026-07-13 17:04:06.821 [pool-3-thread-1] INFO  com.rs.mv.mvvs.client.catalog.manager.U2CatalogManager - [client:400203]cache file auto update thread launch in pg-types account
2026-07-13 17:04:06.825 [pool-3-thread-1] INFO  com.rs.mv.mvvs.client.catalog.from.config.DirsConfigReader - [client:400206]parse dir config information
2026-07-13 17:04:06.825 [pool-3-thread-1] INFO  com.rs.mv.mvvs.client.catalog.from.config.MappingConfigReader - [client:400207]parse mapping config information
2026-07-13 17:04:06.826 [pool-3-thread-1] INFO  com.rs.mv.mvvs.client.catalog.manager.U2CatalogManager - [client:400202]start a schedule task to get global/local catalog for pg-types, its period 5s 
2026-07-13 17:04:06.826 [pool-3-thread-1] INFO  com.rs.mv.mvvs.client.catalog.manager.U2CatalogManager - [client:400203]cache file auto update thread launch in pgpass account
2026-07-13 17:04:06.826 [pool-3-thread-1] INFO  com.rs.mv.mvvs.client.catalog.from.config.DirsConfigReader - [client:400206]parse dir config information
2026-07-13 17:04:06.826 [pool-3-thread-1] INFO  com.rs.mv.mvvs.client.catalog.from.config.MappingConfigReader - [client:400207]parse mapping config information
2026-07-13 17:04:06.827 [pool-3-thread-1] INFO  com.rs.mv.mvvs.client.catalog.manager.U2CatalogManager - [client:400202]start a schedule task to get global/local catalog for pgpass, its period 5s 
2026-07-13 17:04:06.827 [pool-3-thread-1] INFO  com.rs.mv.mvvs.client.catalog.manager.U2CatalogManager - [client:400203]cache file auto update thread launch in picomatch account
2026-07-13 17:04:06.827 [pool-3-thread-1] INFO  com.rs.mv.mvvs.client.catalog.from.config.DirsConfigReader - [client:400206]parse dir config information
2026-07-13 17:04:06.827 [pool-3-thread-1] INFO  com.rs.mv.mvvs.client.catalog.from.config.MappingConfigReader - [client:400207]parse mapping config information
2026-07-13 17:04:06.827 [pool-3-thread-1] INFO  com.rs.mv.mvvs.client.catalog.manager.U2CatalogManager - [client:400202]start a schedule task to get global/local catalog for picomatch, its period 5s 
2026-07-13 17:04:06.829 [pool-3-thread-1] INFO  com.rs.mv.mvvs.client.catalog.manager.U2CatalogManager - [client:400203]cache file auto update thread launch in pirates account
2026-07-13 17:04:06.829 [pool-3-thread-1] INFO  com.rs.mv.mvvs.client.catalog.from.config.DirsConfigReader - [client:400206]parse dir config information
2026-07-13 17:04:06.829 [pool-3-thread-1] INFO  com.rs.mv.mvvs.client.catalog.from.config.MappingConfigReader - [client:400207]parse mapping config information
2026-07-13 17:04:06.830 [pool-3-thread-1] INFO  com.rs.mv.mvvs.client.catalog.manager.U2CatalogManager - [client:400202]start a schedule task to get global/local catalog for pirates, its period 5s 
2026-07-13 17:04:06.830 [pool-3-thread-1] INFO  com.rs.mv.mvvs.client.catalog.manager.U2CatalogManager - [client:400203]cache file auto update thread launch in pretty-format account
2026-07-13 17:04:06.830 [pool-3-thread-1] INFO  com.rs.mv.mvvs.client.catalog.from.config.DirsConfigReader - [client:400206]parse dir config information
2026-07-13 17:04:06.831 [pool-3-thread-1] INFO  com.rs.mv.mvvs.client.catalog.from.config.MappingConfigReader - [client:400207]parse mapping config information
2026-07-13 17:04:06.831 [pool-3-thread-1] INFO  com.rs.mv.mvvs.client.catalog.manager.U2CatalogManager - [client:400202]start a schedule task to get global/local catalog for pretty-format, its period 5s 
2026-07-13 17:04:06.831 [pool-3-thread-1] INFO  com.rs.mv.mvvs.client.catalog.manager.U2CatalogManager - [client:400203]cache file auto update thread launch in node_modules account
2026-07-13 17:04:06.831 [pool-3-thread-1] INFO  com.rs.mv.mvvs.client.catalog.from.config.DirsConfigReader - [client:400206]parse dir config information
2026-07-13 17:04:06.831 [pool-3-thread-1] INFO  com.rs.mv.mvvs.client.catalog.from.config.MappingConfigReader - [client:400207]parse mapping config information
2026-07-13 17:04:06.832 [pool-3-thread-1] INFO  com.rs.mv.mvvs.client.catalog.manager.U2CatalogManager - [client:400202]start a schedule task to get global/local catalog for node_modules, its period 5s 
2026-07-13 17:04:06.832 [pool-3-thread-1] INFO  com.rs.mv.mvvs.client.catalog.manager.U2CatalogManager - [client:400203]cache file auto update thread launch in pstree.remy account
2026-07-13 17:04:06.832 [pool-3-thread-1] INFO  com.rs.mv.mvvs.client.catalog.from.config.DirsConfigReader - [client:400206]parse dir config information
2026-07-13 17:04:06.832 [pool-3-thread-1] INFO  com.rs.mv.mvvs.client.catalog.from.config.MappingConfigReader - [client:400207]parse mapping config information
2026-07-13 17:04:06.832 [pool-3-thread-1] INFO  com.rs.mv.mvvs.client.catalog.manager.U2CatalogManager - [client:400202]start a schedule task to get global/local catalog for pstree.remy, its period 5s 
2026-07-13 17:04:06.833 [pool-3-thread-1] INFO  com.rs.mv.mvvs.client.catalog.manager.U2CatalogManager - [client:400203]cache file auto update thread launch in tests account
2026-07-13 17:04:06.833 [pool-3-thread-1] INFO  com.rs.mv.mvvs.client.catalog.from.config.DirsConfigReader - [client:400206]parse dir config information
2026-07-13 17:04:06.833 [pool-3-thread-1] INFO  com.rs.mv.mvvs.client.catalog.from.config.MappingConfigReader - [client:400207]parse mapping config information
2026-07-13 17:04:06.839 [pool-3-thread-1] INFO  com.rs.mv.mvvs.client.catalog.manager.U2CatalogManager - [client:400202]start a schedule task to get global/local catalog for tests, its period 5s 
2026-07-13 17:04:06.839 [pool-3-thread-1] INFO  com.rs.mv.mvvs.client.catalog.manager.U2CatalogManager - [client:400203]cache file auto update thread launch in pure-rand account
2026-07-13 17:04:06.840 [pool-3-thread-1] INFO  com.rs.mv.mvvs.client.catalog.from.config.DirsConfigReader - [client:400206]parse dir config information
2026-07-13 17:04:06.840 [pool-3-thread-1] INFO  com.rs.mv.mvvs.client.catalog.from.config.MappingConfigReader - [client:400207]parse mapping config information
2026-07-13 17:04:06.840 [pool-3-thread-1] INFO  com.rs.mv.mvvs.client.catalog.manager.U2CatalogManager - [client:400202]start a schedule task to get global/local catalog for pure-rand, its period 5s 
2026-07-13 17:04:06.845 [pool-3-thread-1] INFO  com.rs.mv.mvvs.client.catalog.manager.U2CatalogManager - [client:400203]cache file auto update thread launch in lib account
2026-07-13 17:04:06.845 [pool-3-thread-1] INFO  com.rs.mv.mvvs.client.catalog.from.config.DirsConfigReader - [client:400206]parse dir config information
2026-07-13 17:04:06.845 [pool-3-thread-1] INFO  com.rs.mv.mvvs.client.catalog.from.config.MappingConfigReader - [client:400207]parse mapping config information
2026-07-13 17:04:06.845 [pool-3-thread-1] INFO  com.rs.mv.mvvs.client.catalog.manager.U2CatalogManager - [client:400202]start a schedule task to get global/local catalog for lib, its period 5s 
2026-07-13 17:04:06.845 [pool-3-thread-1] INFO  com.rs.mv.mvvs.client.catalog.manager.U2CatalogManager - [client:400203]cache file auto update thread launch in distribution account
2026-07-13 17:04:06.847 [pool-3-thread-1] INFO  com.rs.mv.mvvs.client.catalog.from.config.DirsConfigReader - [client:400206]parse dir config information
2026-07-13 17:04:06.847 [pool-3-thread-1] INFO  com.rs.mv.mvvs.client.catalog.from.config.MappingConfigReader - [client:400207]parse mapping config information
2026-07-13 17:04:06.847 [pool-3-thread-1] INFO  com.rs.mv.mvvs.client.catalog.manager.U2CatalogManager - [client:400202]start a schedule task to get global/local catalog for distribution, its period 5s 
2026-07-13 17:04:06.847 [pool-3-thread-1] INFO  com.rs.mv.mvvs.client.catalog.manager.U2CatalogManager - [client:400203]cache file auto update thread launch in esm account
2026-07-13 17:04:06.847 [pool-3-thread-1] INFO  com.rs.mv.mvvs.client.catalog.from.config.DirsConfigReader - [client:400206]parse dir config information
2026-07-13 17:04:06.847 [pool-3-thread-1] INFO  com.rs.mv.mvvs.client.catalog.from.config.MappingConfigReader - [client:400207]parse mapping config information
2026-07-13 17:04:06.847 [pool-3-thread-1] INFO  com.rs.mv.mvvs.client.catalog.manager.U2CatalogManager - [client:400202]start a schedule task to get global/local catalog for esm, its period 5s 
2026-07-13 17:04:06.849 [pool-3-thread-1] INFO  com.rs.mv.mvvs.client.catalog.manager.U2CatalogManager - [client:400203]cache file auto update thread launch in distribution account
2026-07-13 17:04:06.849 [pool-3-thread-1] INFO  com.rs.mv.mvvs.client.catalog.from.config.DirsConfigReader - [client:400206]parse dir config information
2026-07-13 17:04:06.849 [pool-3-thread-1] INFO  com.rs.mv.mvvs.client.catalog.from.config.MappingConfigReader - [client:400207]parse mapping config information
2026-07-13 17:04:06.849 [pool-3-thread-1] INFO  com.rs.mv.mvvs.client.catalog.manager.U2CatalogManager - [client:400202]start a schedule task to get global/local catalog for distribution, its period 5s 
2026-07-13 17:04:06.849 [pool-3-thread-1] INFO  com.rs.mv.mvvs.client.catalog.manager.U2CatalogManager - [client:400203]cache file auto update thread launch in types account
2026-07-13 17:04:06.849 [pool-3-thread-1] INFO  com.rs.mv.mvvs.client.catalog.from.config.DirsConfigReader - [client:400206]parse dir config information
2026-07-13 17:04:06.849 [pool-3-thread-1] INFO  com.rs.mv.mvvs.client.catalog.from.config.MappingConfigReader - [client:400207]parse mapping config information
2026-07-13 17:04:06.849 [pool-3-thread-1] INFO  com.rs.mv.mvvs.client.catalog.manager.U2CatalogManager - [client:400202]start a schedule task to get global/local catalog for types, its period 5s 
2026-07-13 17:04:06.850 [pool-3-thread-1] INFO  com.rs.mv.mvvs.client.catalog.manager.U2CatalogManager - [client:400203]cache file auto update thread launch in distribution account
2026-07-13 17:04:06.850 [pool-3-thread-1] INFO  com.rs.mv.mvvs.client.catalog.from.config.DirsConfigReader - [client:400206]parse dir config information
2026-07-13 17:04:06.850 [pool-3-thread-1] INFO  com.rs.mv.mvvs.client.catalog.from.config.MappingConfigReader - [client:400207]parse mapping config information
2026-07-13 17:04:06.850 [pool-3-thread-1] INFO  com.rs.mv.mvvs.client.catalog.manager.U2CatalogManager - [client:400202]start a schedule task to get global/local catalog for distribution, its period 5s 
2026-07-13 17:04:06.850 [pool-3-thread-1] INFO  com.rs.mv.mvvs.client.catalog.manager.U2CatalogManager - [client:400203]cache file auto update thread launch in types account
2026-07-13 17:04:06.850 [pool-3-thread-1] INFO  com.rs.mv.mvvs.client.catalog.from.config.DirsConfigReader - [client:400206]parse dir config information
2026-07-13 17:04:06.850 [pool-3-thread-1] INFO  com.rs.mv.mvvs.client.catalog.from.config.MappingConfigReader - [client:400207]parse mapping config information
2026-07-13 17:04:06.852 [pool-3-thread-1] INFO  com.rs.mv.mvvs.client.catalog.manager.U2CatalogManager - [client:400202]start a schedule task to get global/local catalog for types, its period 5s 
2026-07-13 17:04:06.852 [pool-3-thread-1] INFO  com.rs.mv.mvvs.client.catalog.manager.U2CatalogManager - [client:400203]cache file auto update thread launch in distribution account
2026-07-13 17:04:06.853 [pool-3-thread-1] INFO  com.rs.mv.mvvs.client.catalog.from.config.DirsConfigReader - [client:400206]parse dir config information
2026-07-13 17:04:06.853 [pool-3-thread-1] INFO  com.rs.mv.mvvs.client.catalog.from.config.MappingConfigReader - [client:400207]parse mapping config information
2026-07-13 17:04:06.855 [pool-3-thread-1] INFO  com.rs.mv.mvvs.client.catalog.manager.U2CatalogManager - [client:400202]start a schedule task to get global/local catalog for distribution, its period 5s 
2026-07-13 17:04:06.856 [pool-3-thread-1] INFO  com.rs.mv.mvvs.client.catalog.manager.U2CatalogManager - [client:400203]cache file auto update thread launch in qs account
2026-07-13 17:04:06.856 [pool-3-thread-1] INFO  com.rs.mv.mvvs.client.catalog.from.config.DirsConfigReader - [client:400206]parse dir config information
2026-07-13 17:04:06.856 [pool-3-thread-1] INFO  com.rs.mv.mvvs.client.catalog.from.config.MappingConfigReader - [client:400207]parse mapping config information
2026-07-13 17:04:06.856 [pool-3-thread-1] INFO  com.rs.mv.mvvs.client.catalog.manager.U2CatalogManager - [client:400202]start a schedule task to get global/local catalog for qs, its period 5s 
2026-07-13 17:04:06.856 [pool-3-thread-1] INFO  com.rs.mv.mvvs.client.catalog.manager.U2CatalogManager - [client:400203]cache file auto update thread launch in react-is-18 account
2026-07-13 17:04:06.856 [pool-3-thread-1] INFO  com.rs.mv.mvvs.client.catalog.from.config.DirsConfigReader - [client:400206]parse dir config information
2026-07-13 17:04:06.856 [pool-3-thread-1] INFO  com.rs.mv.mvvs.client.catalog.from.config.MappingConfigReader - [client:400207]parse mapping config information
2026-07-13 17:04:06.858 [pool-3-thread-1] INFO  com.rs.mv.mvvs.client.catalog.manager.U2CatalogManager - [client:400202]start a schedule task to get global/local catalog for react-is-18, its period 5s 
2026-07-13 17:04:06.858 [pool-3-thread-1] INFO  com.rs.mv.mvvs.client.catalog.manager.U2CatalogManager - [client:400203]cache file auto update thread launch in react-is-19 account
2026-07-13 17:04:06.858 [pool-3-thread-1] INFO  com.rs.mv.mvvs.client.catalog.from.config.DirsConfigReader - [client:400206]parse dir config information
2026-07-13 17:04:06.858 [pool-3-thread-1] INFO  com.rs.mv.mvvs.client.catalog.from.config.MappingConfigReader - [client:400207]parse mapping config information
2026-07-13 17:04:06.859 [pool-3-thread-1] INFO  com.rs.mv.mvvs.client.catalog.manager.U2CatalogManager - [client:400202]start a schedule task to get global/local catalog for react-is-19, its period 5s 
2026-07-13 17:04:06.859 [pool-3-thread-1] INFO  com.rs.mv.mvvs.client.catalog.manager.U2CatalogManager - [client:400203]cache file auto update thread launch in readable-stream account
2026-07-13 17:04:06.859 [pool-3-thread-1] INFO  com.rs.mv.mvvs.client.catalog.from.config.DirsConfigReader - [client:400206]parse dir config information
2026-07-13 17:04:06.859 [pool-3-thread-1] INFO  com.rs.mv.mvvs.client.catalog.from.config.MappingConfigReader - [client:400207]parse mapping config information
2026-07-13 17:04:06.859 [pool-3-thread-1] INFO  com.rs.mv.mvvs.client.catalog.manager.U2CatalogManager - [client:400202]start a schedule task to get global/local catalog for readable-stream, its period 5s 
2026-07-13 17:04:06.859 [pool-3-thread-1] INFO  com.rs.mv.mvvs.client.catalog.manager.U2CatalogManager - [client:400203]cache file auto update thread launch in lib account
2026-07-13 17:04:06.859 [pool-3-thread-1] INFO  com.rs.mv.mvvs.client.catalog.from.config.DirsConfigReader - [client:400206]parse dir config information
2026-07-13 17:04:06.861 [pool-3-thread-1] INFO  com.rs.mv.mvvs.client.catalog.from.config.MappingConfigReader - [client:400207]parse mapping config information
2026-07-13 17:04:06.861 [pool-3-thread-1] INFO  com.rs.mv.mvvs.client.catalog.manager.U2CatalogManager - [client:400202]start a schedule task to get global/local catalog for lib, its period 5s 
2026-07-13 17:04:06.861 [pool-3-thread-1] INFO  com.rs.mv.mvvs.client.catalog.manager.U2CatalogManager - [client:400203]cache file auto update thread launch in internal account
2026-07-13 17:04:06.861 [pool-3-thread-1] INFO  com.rs.mv.mvvs.client.catalog.from.config.DirsConfigReader - [client:400206]parse dir config information
2026-07-13 17:04:06.861 [pool-3-thread-1] INFO  com.rs.mv.mvvs.client.catalog.from.config.MappingConfigReader - [client:400207]parse mapping config information
2026-07-13 17:04:06.861 [pool-3-thread-1] INFO  com.rs.mv.mvvs.client.catalog.manager.U2CatalogManager - [client:400202]start a schedule task to get global/local catalog for internal, its period 5s 
2026-07-13 17:04:06.862 [pool-3-thread-1] INFO  com.rs.mv.mvvs.client.catalog.manager.U2CatalogManager - [client:400203]cache file auto update thread launch in readdirp account
2026-07-13 17:04:06.862 [pool-3-thread-1] INFO  com.rs.mv.mvvs.client.catalog.from.config.DirsConfigReader - [client:400206]parse dir config information
2026-07-13 17:04:06.862 [pool-3-thread-1] INFO  com.rs.mv.mvvs.client.catalog.from.config.MappingConfigReader - [client:400207]parse mapping config information
2026-07-13 17:04:06.862 [pool-3-thread-1] INFO  com.rs.mv.mvvs.client.catalog.manager.U2CatalogManager - [client:400202]start a schedule task to get global/local catalog for readdirp, its period 5s 
2026-07-13 17:04:06.864 [pool-3-thread-1] INFO  com.rs.mv.mvvs.client.catalog.manager.U2CatalogManager - [client:400203]cache file auto update thread launch in node_modules account
2026-07-13 17:04:06.864 [pool-3-thread-1] INFO  com.rs.mv.mvvs.client.catalog.from.config.DirsConfigReader - [client:400206]parse dir config information
2026-07-13 17:04:06.864 [pool-3-thread-1] INFO  com.rs.mv.mvvs.client.catalog.from.config.MappingConfigReader - [client:400207]parse mapping config information
2026-07-13 17:04:06.864 [pool-3-thread-1] INFO  com.rs.mv.mvvs.client.catalog.manager.U2CatalogManager - [client:400202]start a schedule task to get global/local catalog for node_modules, its period 5s 
2026-07-13 17:04:06.864 [pool-3-thread-1] INFO  com.rs.mv.mvvs.client.catalog.manager.U2CatalogManager - [client:400203]cache file auto update thread launch in picomatch account
2026-07-13 17:04:06.865 [pool-3-thread-1] INFO  com.rs.mv.mvvs.client.catalog.from.config.DirsConfigReader - [client:400206]parse dir config information
2026-07-13 17:04:06.865 [pool-3-thread-1] INFO  com.rs.mv.mvvs.client.catalog.from.config.MappingConfigReader - [client:400207]parse mapping config information
2026-07-13 17:04:06.865 [pool-3-thread-1] INFO  com.rs.mv.mvvs.client.catalog.manager.U2CatalogManager - [client:400202]start a schedule task to get global/local catalog for picomatch, its period 5s 
2026-07-13 17:04:06.865 [pool-3-thread-1] INFO  com.rs.mv.mvvs.client.catalog.manager.U2CatalogManager - [client:400203]cache file auto update thread launch in router account
2026-07-13 17:04:06.865 [pool-3-thread-1] INFO  com.rs.mv.mvvs.client.catalog.from.config.DirsConfigReader - [client:400206]parse dir config information
2026-07-13 17:04:06.865 [pool-3-thread-1] INFO  com.rs.mv.mvvs.client.catalog.from.config.MappingConfigReader - [client:400207]parse mapping config information
2026-07-13 17:04:06.867 [pool-3-thread-1] INFO  com.rs.mv.mvvs.client.catalog.manager.U2CatalogManager - [client:400202]start a schedule task to get global/local catalog for router, its period 5s 
2026-07-13 17:04:06.868 [pool-3-thread-1] INFO  com.rs.mv.mvvs.client.catalog.manager.U2CatalogManager - [client:400203]cache file auto update thread launch in node_modules account
2026-07-13 17:04:06.868 [pool-3-thread-1] INFO  com.rs.mv.mvvs.client.catalog.from.config.DirsConfigReader - [client:400206]parse dir config information
2026-07-13 17:04:06.868 [pool-3-thread-1] INFO  com.rs.mv.mvvs.client.catalog.from.config.MappingConfigReader - [client:400207]parse mapping config information
2026-07-13 17:04:06.868 [pool-3-thread-1] INFO  com.rs.mv.mvvs.client.catalog.manager.U2CatalogManager - [client:400202]start a schedule task to get global/local catalog for node_modules, its period 5s 
2026-07-13 17:04:06.868 [pool-3-thread-1] INFO  com.rs.mv.mvvs.client.catalog.manager.U2CatalogManager - [client:400203]cache file auto update thread launch in debug account
2026-07-13 17:04:06.868 [pool-3-thread-1] INFO  com.rs.mv.mvvs.client.catalog.from.config.DirsConfigReader - [client:400206]parse dir config information
2026-07-13 17:04:06.868 [pool-3-thread-1] INFO  com.rs.mv.mvvs.client.catalog.from.config.MappingConfigReader - [client:400207]parse mapping config information
2026-07-13 17:04:06.870 [pool-3-thread-1] INFO  com.rs.mv.mvvs.client.catalog.manager.U2CatalogManager - [client:400202]start a schedule task to get global/local catalog for debug, its period 5s 
2026-07-13 17:04:06.870 [pool-3-thread-1] INFO  com.rs.mv.mvvs.client.catalog.manager.U2CatalogManager - [client:400203]cache file auto update thread launch in semver account
2026-07-13 17:04:06.870 [pool-3-thread-1] INFO  com.rs.mv.mvvs.client.catalog.from.config.DirsConfigReader - [client:400206]parse dir config information
2026-07-13 17:04:06.870 [pool-3-thread-1] INFO  com.rs.mv.mvvs.client.catalog.from.config.MappingConfigReader - [client:400207]parse mapping config information
2026-07-13 17:04:06.871 [pool-3-thread-1] INFO  com.rs.mv.mvvs.client.catalog.manager.U2CatalogManager - [client:400202]start a schedule task to get global/local catalog for semver, its period 5s 
2026-07-13 17:04:06.871 [pool-3-thread-1] INFO  com.rs.mv.mvvs.client.catalog.manager.U2CatalogManager - [client:400203]cache file auto update thread launch in send account
2026-07-13 17:04:06.871 [pool-3-thread-1] INFO  com.rs.mv.mvvs.client.catalog.from.config.DirsConfigReader - [client:400206]parse dir config information
2026-07-13 17:04:06.873 [pool-3-thread-1] INFO  com.rs.mv.mvvs.client.catalog.from.config.MappingConfigReader - [client:400207]parse mapping config information
2026-07-13 17:04:06.873 [pool-3-thread-1] INFO  com.rs.mv.mvvs.client.catalog.manager.U2CatalogManager - [client:400202]start a schedule task to get global/local catalog for send, its period 5s 
2026-07-13 17:04:06.873 [pool-3-thread-1] INFO  com.rs.mv.mvvs.client.catalog.manager.U2CatalogManager - [client:400203]cache file auto update thread launch in node_modules account
2026-07-13 17:04:06.873 [pool-3-thread-1] INFO  com.rs.mv.mvvs.client.catalog.from.config.DirsConfigReader - [client:400206]parse dir config information
2026-07-13 17:04:06.873 [pool-3-thread-1] INFO  com.rs.mv.mvvs.client.catalog.from.config.MappingConfigReader - [client:400207]parse mapping config information
2026-07-13 17:04:06.874 [pool-3-thread-1] INFO  com.rs.mv.mvvs.client.catalog.manager.U2CatalogManager - [client:400202]start a schedule task to get global/local catalog for node_modules, its period 5s 
2026-07-13 17:04:06.874 [pool-3-thread-1] INFO  com.rs.mv.mvvs.client.catalog.manager.U2CatalogManager - [client:400203]cache file auto update thread launch in debug account
2026-07-13 17:04:06.874 [pool-3-thread-1] INFO  com.rs.mv.mvvs.client.catalog.from.config.DirsConfigReader - [client:400206]parse dir config information
2026-07-13 17:04:06.874 [pool-3-thread-1] INFO  com.rs.mv.mvvs.client.catalog.from.config.MappingConfigReader - [client:400207]parse mapping config information
2026-07-13 17:04:06.874 [pool-3-thread-1] INFO  com.rs.mv.mvvs.client.catalog.manager.U2CatalogManager - [client:400202]start a schedule task to get global/local catalog for debug, its period 5s 
2026-07-13 17:04:06.876 [pool-3-thread-1] INFO  com.rs.mv.mvvs.client.catalog.manager.U2CatalogManager - [client:400203]cache file auto update thread launch in setprototypeof account
2026-07-13 17:04:06.876 [pool-3-thread-1] INFO  com.rs.mv.mvvs.client.catalog.from.config.DirsConfigReader - [client:400206]parse dir config information
2026-07-13 17:04:06.876 [pool-3-thread-1] INFO  com.rs.mv.mvvs.client.catalog.from.config.MappingConfigReader - [client:400207]parse mapping config information
2026-07-13 17:04:06.876 [pool-3-thread-1] INFO  com.rs.mv.mvvs.client.catalog.manager.U2CatalogManager - [client:400202]start a schedule task to get global/local catalog for setprototypeof, its period 5s 
2026-07-13 17:04:06.876 [pool-3-thread-1] INFO  com.rs.mv.mvvs.client.catalog.manager.U2CatalogManager - [client:400203]cache file auto update thread launch in side-channel account
2026-07-13 17:04:06.877 [pool-3-thread-1] INFO  com.rs.mv.mvvs.client.catalog.from.config.DirsConfigReader - [client:400206]parse dir config information
2026-07-13 17:04:06.877 [pool-3-thread-1] INFO  com.rs.mv.mvvs.client.catalog.from.config.MappingConfigReader - [client:400207]parse mapping config information
2026-07-13 17:04:06.877 [pool-3-thread-1] INFO  com.rs.mv.mvvs.client.catalog.manager.U2CatalogManager - [client:400202]start a schedule task to get global/local catalog for side-channel, its period 5s 
2026-07-13 17:04:06.877 [pool-3-thread-1] INFO  com.rs.mv.mvvs.client.catalog.manager.U2CatalogManager - [client:400203]cache file auto update thread launch in side-channel-list account
2026-07-13 17:04:06.877 [pool-3-thread-1] INFO  com.rs.mv.mvvs.client.catalog.from.config.DirsConfigReader - [client:400206]parse dir config information
2026-07-13 17:04:06.877 [pool-3-thread-1] INFO  com.rs.mv.mvvs.client.catalog.from.config.MappingConfigReader - [client:400207]parse mapping config information
2026-07-13 17:04:06.879 [pool-3-thread-1] INFO  com.rs.mv.mvvs.client.catalog.manager.U2CatalogManager - [client:400202]start a schedule task to get global/local catalog for side-channel-list, its period 5s 
2026-07-13 17:04:06.879 [pool-3-thread-1] INFO  com.rs.mv.mvvs.client.catalog.manager.U2CatalogManager - [client:400203]cache file auto update thread launch in side-channel-map account
2026-07-13 17:04:06.879 [pool-3-thread-1] INFO  com.rs.mv.mvvs.client.catalog.from.config.DirsConfigReader - [client:400206]parse dir config information
2026-07-13 17:04:06.880 [pool-3-thread-1] INFO  com.rs.mv.mvvs.client.catalog.from.config.MappingConfigReader - [client:400207]parse mapping config information
2026-07-13 17:04:06.880 [pool-3-thread-1] INFO  com.rs.mv.mvvs.client.catalog.manager.U2CatalogManager - [client:400202]start a schedule task to get global/local catalog for side-channel-map, its period 5s 
2026-07-13 17:04:06.882 [pool-3-thread-1] INFO  com.rs.mv.mvvs.client.catalog.manager.U2CatalogManager - [client:400203]cache file auto update thread launch in side-channel-weakmap account
2026-07-13 17:04:06.882 [pool-3-thread-1] INFO  com.rs.mv.mvvs.client.catalog.from.config.DirsConfigReader - [client:400206]parse dir config information
2026-07-13 17:04:06.882 [pool-3-thread-1] INFO  com.rs.mv.mvvs.client.catalog.from.config.MappingConfigReader - [client:400207]parse mapping config information
2026-07-13 17:04:06.882 [pool-3-thread-1] INFO  com.rs.mv.mvvs.client.catalog.manager.U2CatalogManager - [client:400202]start a schedule task to get global/local catalog for side-channel-weakmap, its period 5s 
2026-07-13 17:04:06.883 [pool-3-thread-1] INFO  com.rs.mv.mvvs.client.catalog.manager.U2CatalogManager - [client:400203]cache file auto update thread launch in signal-exit account
2026-07-13 17:04:06.884 [pool-3-thread-1] INFO  com.rs.mv.mvvs.client.catalog.from.config.DirsConfigReader - [client:400206]parse dir config information
2026-07-13 17:04:06.884 [pool-3-thread-1] INFO  com.rs.mv.mvvs.client.catalog.from.config.MappingConfigReader - [client:400207]parse mapping config information
2026-07-13 17:04:06.884 [pool-3-thread-1] INFO  com.rs.mv.mvvs.client.catalog.manager.U2CatalogManager - [client:400202]start a schedule task to get global/local catalog for signal-exit, its period 5s 
2026-07-13 17:04:06.885 [pool-3-thread-1] INFO  com.rs.mv.mvvs.client.catalog.manager.U2CatalogManager - [client:400203]cache file auto update thread launch in dist account
2026-07-13 17:04:06.885 [pool-3-thread-1] INFO  com.rs.mv.mvvs.client.catalog.from.config.DirsConfigReader - [client:400206]parse dir config information
2026-07-13 17:04:06.885 [pool-3-thread-1] INFO  com.rs.mv.mvvs.client.catalog.from.config.MappingConfigReader - [client:400207]parse mapping config information
2026-07-13 17:04:06.885 [pool-3-thread-1] INFO  com.rs.mv.mvvs.client.catalog.manager.U2CatalogManager - [client:400202]start a schedule task to get global/local catalog for dist, its period 5s 
2026-07-13 17:04:06.886 [pool-3-thread-1] INFO  com.rs.mv.mvvs.client.catalog.manager.U2CatalogManager - [client:400203]cache file auto update thread launch in simple-update-notifier account
2026-07-13 17:04:06.887 [pool-3-thread-1] INFO  com.rs.mv.mvvs.client.catalog.from.config.DirsConfigReader - [client:400206]parse dir config information
2026-07-13 17:04:06.887 [pool-3-thread-1] INFO  com.rs.mv.mvvs.client.catalog.from.config.MappingConfigReader - [client:400207]parse mapping config information
2026-07-13 17:04:06.887 [pool-3-thread-1] INFO  com.rs.mv.mvvs.client.catalog.manager.U2CatalogManager - [client:400202]start a schedule task to get global/local catalog for simple-update-notifier, its period 5s 
2026-07-13 17:04:06.888 [pool-3-thread-1] INFO  com.rs.mv.mvvs.client.catalog.manager.U2CatalogManager - [client:400203]cache file auto update thread launch in source-map account
2026-07-13 17:04:06.888 [pool-3-thread-1] INFO  com.rs.mv.mvvs.client.catalog.from.config.DirsConfigReader - [client:400206]parse dir config information
2026-07-13 17:04:06.888 [pool-3-thread-1] INFO  com.rs.mv.mvvs.client.catalog.from.config.MappingConfigReader - [client:400207]parse mapping config information
2026-07-13 17:04:06.889 [pool-3-thread-1] INFO  com.rs.mv.mvvs.client.catalog.manager.U2CatalogManager - [client:400202]start a schedule task to get global/local catalog for source-map, its period 5s 
2026-07-13 17:04:06.889 [pool-3-thread-1] INFO  com.rs.mv.mvvs.client.catalog.manager.U2CatalogManager - [client:400203]cache file auto update thread launch in sprintf-js account
2026-07-13 17:04:06.889 [pool-3-thread-1] INFO  com.rs.mv.mvvs.client.catalog.from.config.DirsConfigReader - [client:400206]parse dir config information
2026-07-13 17:04:06.892 [pool-3-thread-1] INFO  com.rs.mv.mvvs.client.catalog.from.config.MappingConfigReader - [client:400207]parse mapping config information
2026-07-13 17:04:06.892 [pool-3-thread-1] INFO  com.rs.mv.mvvs.client.catalog.manager.U2CatalogManager - [client:400202]start a schedule task to get global/local catalog for sprintf-js, its period 5s 
2026-07-13 17:04:06.893 [pool-3-thread-1] INFO  com.rs.mv.mvvs.client.catalog.manager.U2CatalogManager - [client:400203]cache file auto update thread launch in streamsearch account
2026-07-13 17:04:06.893 [pool-3-thread-1] INFO  com.rs.mv.mvvs.client.catalog.from.config.DirsConfigReader - [client:400206]parse dir config information
2026-07-13 17:04:06.894 [pool-3-thread-1] INFO  com.rs.mv.mvvs.client.catalog.from.config.MappingConfigReader - [client:400207]parse mapping config information
2026-07-13 17:04:06.894 [pool-3-thread-1] INFO  com.rs.mv.mvvs.client.catalog.manager.U2CatalogManager - [client:400202]start a schedule task to get global/local catalog for streamsearch, its period 5s 
2026-07-13 17:04:06.895 [pool-3-thread-1] INFO  com.rs.mv.mvvs.client.catalog.manager.U2CatalogManager - [client:400203]cache file auto update thread launch in .github account
2026-07-13 17:04:06.895 [pool-3-thread-1] INFO  com.rs.mv.mvvs.client.catalog.from.config.DirsConfigReader - [client:400206]parse dir config information
2026-07-13 17:04:06.895 [pool-3-thread-1] INFO  com.rs.mv.mvvs.client.catalog.from.config.MappingConfigReader - [client:400207]parse mapping config information
2026-07-13 17:04:06.896 [pool-3-thread-1] INFO  com.rs.mv.mvvs.client.catalog.manager.U2CatalogManager - [client:400202]start a schedule task to get global/local catalog for .github, its period 5s 
2026-07-13 17:04:06.897 [pool-3-thread-1] INFO  com.rs.mv.mvvs.client.catalog.manager.U2CatalogManager - [client:400203]cache file auto update thread launch in string_decoder account
2026-07-13 17:04:06.898 [pool-3-thread-1] INFO  com.rs.mv.mvvs.client.catalog.from.config.DirsConfigReader - [client:400206]parse dir config information
2026-07-13 17:04:06.898 [pool-3-thread-1] INFO  com.rs.mv.mvvs.client.catalog.from.config.MappingConfigReader - [client:400207]parse mapping config information
2026-07-13 17:04:06.899 [pool-3-thread-1] INFO  com.rs.mv.mvvs.client.catalog.manager.U2CatalogManager - [client:400202]start a schedule task to get global/local catalog for string_decoder, its period 5s 
2026-07-13 17:04:06.900 [pool-3-thread-1] INFO  com.rs.mv.mvvs.client.catalog.manager.U2CatalogManager - [client:400203]cache file auto update thread launch in superagent account
2026-07-13 17:04:06.900 [pool-3-thread-1] INFO  com.rs.mv.mvvs.client.catalog.from.config.DirsConfigReader - [client:400206]parse dir config information
2026-07-13 17:04:06.901 [pool-3-thread-1] INFO  com.rs.mv.mvvs.client.catalog.from.config.MappingConfigReader - [client:400207]parse mapping config information
2026-07-13 17:04:06.901 [pool-3-thread-1] INFO  com.rs.mv.mvvs.client.catalog.manager.U2CatalogManager - [client:400202]start a schedule task to get global/local catalog for superagent, its period 5s 
2026-07-13 17:04:06.902 [pool-3-thread-1] INFO  com.rs.mv.mvvs.client.catalog.manager.U2CatalogManager - [client:400203]cache file auto update thread launch in lib account
2026-07-13 17:04:06.902 [pool-3-thread-1] INFO  com.rs.mv.mvvs.client.catalog.from.config.DirsConfigReader - [client:400206]parse dir config information
2026-07-13 17:04:06.902 [pool-3-thread-1] INFO  com.rs.mv.mvvs.client.catalog.from.config.MappingConfigReader - [client:400207]parse mapping config information
2026-07-13 17:04:06.903 [pool-3-thread-1] INFO  com.rs.mv.mvvs.client.catalog.manager.U2CatalogManager - [client:400202]start a schedule task to get global/local catalog for lib, its period 5s 
2026-07-13 17:04:06.903 [pool-3-thread-1] INFO  com.rs.mv.mvvs.client.catalog.manager.U2CatalogManager - [client:400203]cache file auto update thread launch in node account
2026-07-13 17:04:06.903 [pool-3-thread-1] INFO  com.rs.mv.mvvs.client.catalog.from.config.DirsConfigReader - [client:400206]parse dir config information
2026-07-13 17:04:06.904 [pool-3-thread-1] INFO  com.rs.mv.mvvs.client.catalog.from.config.MappingConfigReader - [client:400207]parse mapping config information
2026-07-13 17:04:06.904 [pool-3-thread-1] INFO  com.rs.mv.mvvs.client.catalog.manager.U2CatalogManager - [client:400202]start a schedule task to get global/local catalog for node, its period 5s 
2026-07-13 17:04:06.905 [pool-3-thread-1] INFO  com.rs.mv.mvvs.client.catalog.manager.U2CatalogManager - [client:400203]cache file auto update thread launch in node_modules account
2026-07-13 17:04:06.905 [pool-3-thread-1] INFO  com.rs.mv.mvvs.client.catalog.from.config.DirsConfigReader - [client:400206]parse dir config information
2026-07-13 17:04:06.905 [pool-3-thread-1] INFO  com.rs.mv.mvvs.client.catalog.from.config.MappingConfigReader - [client:400207]parse mapping config information
2026-07-13 17:04:06.905 [pool-3-thread-1] INFO  com.rs.mv.mvvs.client.catalog.manager.U2CatalogManager - [client:400202]start a schedule task to get global/local catalog for node_modules, its period 5s 
2026-07-13 17:04:06.906 [pool-3-thread-1] INFO  com.rs.mv.mvvs.client.catalog.manager.U2CatalogManager - [client:400203]cache file auto update thread launch in debug account
2026-07-13 17:04:06.906 [pool-3-thread-1] INFO  com.rs.mv.mvvs.client.catalog.from.config.DirsConfigReader - [client:400206]parse dir config information
2026-07-13 17:04:06.906 [pool-3-thread-1] INFO  com.rs.mv.mvvs.client.catalog.from.config.MappingConfigReader - [client:400207]parse mapping config information
2026-07-13 17:04:06.906 [pool-3-thread-1] INFO  com.rs.mv.mvvs.client.catalog.manager.U2CatalogManager - [client:400202]start a schedule task to get global/local catalog for debug, its period 5s 
2026-07-13 17:04:06.908 [pool-3-thread-1] INFO  com.rs.mv.mvvs.client.catalog.manager.U2CatalogManager - [client:400203]cache file auto update thread launch in supertest account
2026-07-13 17:04:06.908 [pool-3-thread-1] INFO  com.rs.mv.mvvs.client.catalog.from.config.DirsConfigReader - [client:400206]parse dir config information
2026-07-13 17:04:06.908 [pool-3-thread-1] INFO  com.rs.mv.mvvs.client.catalog.from.config.MappingConfigReader - [client:400207]parse mapping config information
2026-07-13 17:04:06.909 [pool-3-thread-1] INFO  com.rs.mv.mvvs.client.catalog.manager.U2CatalogManager - [client:400202]start a schedule task to get global/local catalog for supertest, its period 5s 
2026-07-13 17:04:06.909 [pool-3-thread-1] INFO  com.rs.mv.mvvs.client.catalog.manager.U2CatalogManager - [client:400203]cache file auto update thread launch in lib account
2026-07-13 17:04:06.909 [pool-3-thread-1] INFO  com.rs.mv.mvvs.client.catalog.from.config.DirsConfigReader - [client:400206]parse dir config information
2026-07-13 17:04:06.910 [pool-3-thread-1] INFO  com.rs.mv.mvvs.client.catalog.from.config.MappingConfigReader - [client:400207]parse mapping config information
2026-07-13 17:04:06.910 [pool-3-thread-1] INFO  com.rs.mv.mvvs.client.catalog.manager.U2CatalogManager - [client:400202]start a schedule task to get global/local catalog for lib, its period 5s 
2026-07-13 17:04:06.910 [pool-3-thread-1] INFO  com.rs.mv.mvvs.client.catalog.manager.U2CatalogManager - [client:400203]cache file auto update thread launch in node_modules account
2026-07-13 17:04:06.910 [pool-3-thread-1] INFO  com.rs.mv.mvvs.client.catalog.from.config.DirsConfigReader - [client:400206]parse dir config information
2026-07-13 17:04:06.911 [pool-3-thread-1] INFO  com.rs.mv.mvvs.client.catalog.from.config.MappingConfigReader - [client:400207]parse mapping config information
2026-07-13 17:04:06.911 [pool-3-thread-1] INFO  com.rs.mv.mvvs.client.catalog.manager.U2CatalogManager - [client:400202]start a schedule task to get global/local catalog for node_modules, its period 5s 
2026-07-13 17:04:06.911 [pool-3-thread-1] INFO  com.rs.mv.mvvs.client.catalog.manager.U2CatalogManager - [client:400203]cache file auto update thread launch in swagger-jsdoc account
2026-07-13 17:04:06.911 [pool-3-thread-1] INFO  com.rs.mv.mvvs.client.catalog.from.config.DirsConfigReader - [client:400206]parse dir config information
2026-07-13 17:04:06.912 [pool-3-thread-1] INFO  com.rs.mv.mvvs.client.catalog.from.config.MappingConfigReader - [client:400207]parse mapping config information
2026-07-13 17:04:06.912 [pool-3-thread-1] INFO  com.rs.mv.mvvs.client.catalog.manager.U2CatalogManager - [client:400202]start a schedule task to get global/local catalog for swagger-jsdoc, its period 5s 
2026-07-13 17:04:06.912 [pool-3-thread-1] INFO  com.rs.mv.mvvs.client.catalog.manager.U2CatalogManager - [client:400203]cache file auto update thread launch in docusaurus account
2026-07-13 17:04:06.912 [pool-3-thread-1] INFO  com.rs.mv.mvvs.client.catalog.from.config.DirsConfigReader - [client:400206]parse dir config information
2026-07-13 17:04:06.913 [pool-3-thread-1] INFO  com.rs.mv.mvvs.client.catalog.from.config.MappingConfigReader - [client:400207]parse mapping config information
2026-07-13 17:04:06.913 [pool-3-thread-1] INFO  com.rs.mv.mvvs.client.catalog.manager.U2CatalogManager - [client:400202]start a schedule task to get global/local catalog for docusaurus, its period 5s 
2026-07-13 17:04:06.913 [pool-3-thread-1] INFO  com.rs.mv.mvvs.client.catalog.manager.U2CatalogManager - [client:400203]cache file auto update thread launch in src account
2026-07-13 17:04:06.914 [pool-3-thread-1] INFO  com.rs.mv.mvvs.client.catalog.from.config.DirsConfigReader - [client:400206]parse dir config information
2026-07-13 17:04:06.914 [pool-3-thread-1] INFO  com.rs.mv.mvvs.client.catalog.from.config.MappingConfigReader - [client:400207]parse mapping config information
2026-07-13 17:04:06.914 [pool-3-thread-1] INFO  com.rs.mv.mvvs.client.catalog.manager.U2CatalogManager - [client:400202]start a schedule task to get global/local catalog for src, its period 5s 
2026-07-13 17:04:06.915 [pool-3-thread-1] INFO  com.rs.mv.mvvs.client.catalog.manager.U2CatalogManager - [client:400203]cache file auto update thread launch in static account
2026-07-13 17:04:06.915 [pool-3-thread-1] INFO  com.rs.mv.mvvs.client.catalog.from.config.DirsConfigReader - [client:400206]parse dir config information
2026-07-13 17:04:06.915 [pool-3-thread-1] INFO  com.rs.mv.mvvs.client.catalog.from.config.MappingConfigReader - [client:400207]parse mapping config information
2026-07-13 17:04:06.915 [pool-3-thread-1] INFO  com.rs.mv.mvvs.client.catalog.manager.U2CatalogManager - [client:400202]start a schedule task to get global/local catalog for static, its period 5s 
2026-07-13 17:04:06.916 [pool-3-thread-1] INFO  com.rs.mv.mvvs.client.catalog.manager.U2CatalogManager - [client:400203]cache file auto update thread launch in versioned_docs account
2026-07-13 17:04:06.916 [pool-3-thread-1] INFO  com.rs.mv.mvvs.client.catalog.from.config.DirsConfigReader - [client:400206]parse dir config information
2026-07-13 17:04:06.916 [pool-3-thread-1] INFO  com.rs.mv.mvvs.client.catalog.from.config.MappingConfigReader - [client:400207]parse mapping config information
2026-07-13 17:04:06.917 [pool-3-thread-1] INFO  com.rs.mv.mvvs.client.catalog.manager.U2CatalogManager - [client:400202]start a schedule task to get global/local catalog for versioned_docs, its period 5s 
2026-07-13 17:04:06.917 [pool-3-thread-1] INFO  com.rs.mv.mvvs.client.catalog.manager.U2CatalogManager - [client:400203]cache file auto update thread launch in version-5.x account
2026-07-13 17:04:06.917 [pool-3-thread-1] INFO  com.rs.mv.mvvs.client.catalog.from.config.DirsConfigReader - [client:400206]parse dir config information
2026-07-13 17:04:06.917 [pool-3-thread-1] INFO  com.rs.mv.mvvs.client.catalog.from.config.MappingConfigReader - [client:400207]parse mapping config information
2026-07-13 17:04:06.920 [pool-3-thread-1] INFO  com.rs.mv.mvvs.client.catalog.manager.U2CatalogManager - [client:400202]start a schedule task to get global/local catalog for version-5.x, its period 5s 
2026-07-13 17:04:06.920 [pool-3-thread-1] INFO  com.rs.mv.mvvs.client.catalog.manager.U2CatalogManager - [client:400203]cache file auto update thread launch in version-6.x account
2026-07-13 17:04:06.920 [pool-3-thread-1] INFO  com.rs.mv.mvvs.client.catalog.from.config.DirsConfigReader - [client:400206]parse dir config information
2026-07-13 17:04:06.921 [pool-3-thread-1] INFO  com.rs.mv.mvvs.client.catalog.from.config.MappingConfigReader - [client:400207]parse mapping config information
2026-07-13 17:04:06.921 [pool-3-thread-1] INFO  com.rs.mv.mvvs.client.catalog.manager.U2CatalogManager - [client:400202]start a schedule task to get global/local catalog for version-6.x, its period 5s 
2026-07-13 17:04:06.921 [pool-3-thread-1] INFO  com.rs.mv.mvvs.client.catalog.manager.U2CatalogManager - [client:400203]cache file auto update thread launch in version-7.x account
2026-07-13 17:04:06.922 [pool-3-thread-1] INFO  com.rs.mv.mvvs.client.catalog.from.config.DirsConfigReader - [client:400206]parse dir config information
2026-07-13 17:04:06.922 [pool-3-thread-1] INFO  com.rs.mv.mvvs.client.catalog.from.config.MappingConfigReader - [client:400207]parse mapping config information
2026-07-13 17:04:06.922 [pool-3-thread-1] INFO  com.rs.mv.mvvs.client.catalog.manager.U2CatalogManager - [client:400202]start a schedule task to get global/local catalog for version-7.x, its period 5s 
2026-07-13 17:04:06.923 [pool-3-thread-1] INFO  com.rs.mv.mvvs.client.catalog.manager.U2CatalogManager - [client:400203]cache file auto update thread launch in synckit account
2026-07-13 17:04:06.923 [pool-3-thread-1] INFO  com.rs.mv.mvvs.client.catalog.from.config.DirsConfigReader - [client:400206]parse dir config information
2026-07-13 17:04:06.923 [pool-3-thread-1] INFO  com.rs.mv.mvvs.client.catalog.from.config.MappingConfigReader - [client:400207]parse mapping config information
2026-07-13 17:04:06.925 [pool-3-thread-1] INFO  com.rs.mv.mvvs.client.catalog.manager.U2CatalogManager - [client:400202]start a schedule task to get global/local catalog for synckit, its period 5s 
2026-07-13 17:04:06.927 [pool-3-thread-1] INFO  com.rs.mv.mvvs.client.catalog.manager.U2CatalogManager - [client:400203]cache file auto update thread launch in test-exclude account
2026-07-13 17:04:06.927 [pool-3-thread-1] INFO  com.rs.mv.mvvs.client.catalog.from.config.DirsConfigReader - [client:400206]parse dir config information
2026-07-13 17:04:06.928 [pool-3-thread-1] INFO  com.rs.mv.mvvs.client.catalog.from.config.MappingConfigReader - [client:400207]parse mapping config information
2026-07-13 17:04:06.929 [pool-3-thread-1] INFO  com.rs.mv.mvvs.client.catalog.manager.U2CatalogManager - [client:400202]start a schedule task to get global/local catalog for test-exclude, its period 5s 
2026-07-13 17:04:06.930 [pool-3-thread-1] INFO  com.rs.mv.mvvs.client.catalog.manager.U2CatalogManager - [client:400203]cache file auto update thread launch in node_modules account
2026-07-13 17:04:06.931 [pool-3-thread-1] INFO  com.rs.mv.mvvs.client.catalog.from.config.DirsConfigReader - [client:400206]parse dir config information
2026-07-13 17:04:06.931 [pool-3-thread-1] INFO  com.rs.mv.mvvs.client.catalog.from.config.MappingConfigReader - [client:400207]parse mapping config information
2026-07-13 17:04:06.931 [pool-3-thread-1] INFO  com.rs.mv.mvvs.client.catalog.manager.U2CatalogManager - [client:400202]start a schedule task to get global/local catalog for node_modules, its period 5s 
2026-07-13 17:04:06.934 [pool-3-thread-1] INFO  com.rs.mv.mvvs.client.catalog.manager.U2CatalogManager - [client:400203]cache file auto update thread launch in balanced-match account
2026-07-13 17:04:06.934 [pool-3-thread-1] INFO  com.rs.mv.mvvs.client.catalog.from.config.DirsConfigReader - [client:400206]parse dir config information
2026-07-13 17:04:06.935 [pool-3-thread-1] INFO  com.rs.mv.mvvs.client.catalog.from.config.MappingConfigReader - [client:400207]parse mapping config information
2026-07-13 17:04:06.935 [pool-3-thread-1] INFO  com.rs.mv.mvvs.client.catalog.manager.U2CatalogManager - [client:400202]start a schedule task to get global/local catalog for balanced-match, its period 5s 
2026-07-13 17:04:06.936 [pool-3-thread-1] INFO  com.rs.mv.mvvs.client.catalog.manager.U2CatalogManager - [client:400203]cache file auto update thread launch in brace-expansion account
2026-07-13 17:04:06.937 [pool-3-thread-1] INFO  com.rs.mv.mvvs.client.catalog.from.config.DirsConfigReader - [client:400206]parse dir config information
2026-07-13 17:04:06.937 [pool-3-thread-1] INFO  com.rs.mv.mvvs.client.catalog.from.config.MappingConfigReader - [client:400207]parse mapping config information
2026-07-13 17:04:06.938 [pool-3-thread-1] INFO  com.rs.mv.mvvs.client.catalog.manager.U2CatalogManager - [client:400202]start a schedule task to get global/local catalog for brace-expansion, its period 5s 
2026-07-13 17:04:06.939 [pool-3-thread-1] INFO  com.rs.mv.mvvs.client.catalog.manager.U2CatalogManager - [client:400203]cache file auto update thread launch in .tap account
2026-07-13 17:04:06.939 [pool-3-thread-1] INFO  com.rs.mv.mvvs.client.catalog.from.config.DirsConfigReader - [client:400206]parse dir config information
2026-07-13 17:04:06.939 [pool-3-thread-1] INFO  com.rs.mv.mvvs.client.catalog.from.config.MappingConfigReader - [client:400207]parse mapping config information
2026-07-13 17:04:06.940 [pool-3-thread-1] INFO  com.rs.mv.mvvs.client.catalog.manager.U2CatalogManager - [client:400202]start a schedule task to get global/local catalog for .tap, its period 5s 
2026-07-13 17:04:06.940 [pool-3-thread-1] INFO  com.rs.mv.mvvs.client.catalog.manager.U2CatalogManager - [client:400203]cache file auto update thread launch in dist account
2026-07-13 17:04:06.941 [pool-3-thread-1] INFO  com.rs.mv.mvvs.client.catalog.from.config.DirsConfigReader - [client:400206]parse dir config information
2026-07-13 17:04:06.941 [pool-3-thread-1] INFO  com.rs.mv.mvvs.client.catalog.from.config.MappingConfigReader - [client:400207]parse mapping config information
2026-07-13 17:04:06.941 [pool-3-thread-1] INFO  com.rs.mv.mvvs.client.catalog.manager.U2CatalogManager - [client:400202]start a schedule task to get global/local catalog for dist, its period 5s 
2026-07-13 17:04:06.942 [pool-3-thread-1] INFO  com.rs.mv.mvvs.client.catalog.manager.U2CatalogManager - [client:400203]cache file auto update thread launch in tmpl account
2026-07-13 17:04:06.942 [pool-3-thread-1] INFO  com.rs.mv.mvvs.client.catalog.from.config.DirsConfigReader - [client:400206]parse dir config information
2026-07-13 17:04:06.943 [pool-3-thread-1] INFO  com.rs.mv.mvvs.client.catalog.from.config.MappingConfigReader - [client:400207]parse mapping config information
2026-07-13 17:04:06.943 [pool-3-thread-1] INFO  com.rs.mv.mvvs.client.catalog.manager.U2CatalogManager - [client:400202]start a schedule task to get global/local catalog for tmpl, its period 5s 
2026-07-13 17:04:06.944 [pool-3-thread-1] INFO  com.rs.mv.mvvs.client.catalog.manager.U2CatalogManager - [client:400203]cache file auto update thread launch in touch account
2026-07-13 17:04:06.944 [pool-3-thread-1] INFO  com.rs.mv.mvvs.client.catalog.from.config.DirsConfigReader - [client:400206]parse dir config information
2026-07-13 17:04:06.944 [pool-3-thread-1] INFO  com.rs.mv.mvvs.client.catalog.from.config.MappingConfigReader - [client:400207]parse mapping config information
2026-07-13 17:04:06.945 [pool-3-thread-1] INFO  com.rs.mv.mvvs.client.catalog.manager.U2CatalogManager - [client:400202]start a schedule task to get global/local catalog for touch, its period 5s 
2026-07-13 17:04:06.945 [pool-3-thread-1] INFO  com.rs.mv.mvvs.client.catalog.manager.U2CatalogManager - [client:400203]cache file auto update thread launch in type-fest account
2026-07-13 17:04:06.946 [pool-3-thread-1] INFO  com.rs.mv.mvvs.client.catalog.from.config.DirsConfigReader - [client:400206]parse dir config information
2026-07-13 17:04:06.946 [pool-3-thread-1] INFO  com.rs.mv.mvvs.client.catalog.from.config.MappingConfigReader - [client:400207]parse mapping config information
2026-07-13 17:04:06.946 [pool-3-thread-1] INFO  com.rs.mv.mvvs.client.catalog.manager.U2CatalogManager - [client:400202]start a schedule task to get global/local catalog for type-fest, its period 5s 
2026-07-13 17:04:06.947 [pool-3-thread-1] INFO  com.rs.mv.mvvs.client.catalog.manager.U2CatalogManager - [client:400203]cache file auto update thread launch in type-is account
2026-07-13 17:04:06.947 [pool-3-thread-1] INFO  com.rs.mv.mvvs.client.catalog.from.config.DirsConfigReader - [client:400206]parse dir config information
2026-07-13 17:04:06.947 [pool-3-thread-1] INFO  com.rs.mv.mvvs.client.catalog.from.config.MappingConfigReader - [client:400207]parse mapping config information
2026-07-13 17:04:06.948 [pool-3-thread-1] INFO  com.rs.mv.mvvs.client.catalog.manager.U2CatalogManager - [client:400202]start a schedule task to get global/local catalog for type-is, its period 5s 
2026-07-13 17:04:06.948 [pool-3-thread-1] INFO  com.rs.mv.mvvs.client.catalog.manager.U2CatalogManager - [client:400203]cache file auto update thread launch in node_modules account
2026-07-13 17:04:06.949 [pool-3-thread-1] INFO  com.rs.mv.mvvs.client.catalog.from.config.DirsConfigReader - [client:400206]parse dir config information
2026-07-13 17:04:06.949 [pool-3-thread-1] INFO  com.rs.mv.mvvs.client.catalog.from.config.MappingConfigReader - [client:400207]parse mapping config information
2026-07-13 17:04:06.949 [pool-3-thread-1] INFO  com.rs.mv.mvvs.client.catalog.manager.U2CatalogManager - [client:400202]start a schedule task to get global/local catalog for node_modules, its period 5s 
2026-07-13 17:04:06.950 [pool-3-thread-1] INFO  com.rs.mv.mvvs.client.catalog.manager.U2CatalogManager - [client:400203]cache file auto update thread launch in content-type account
2026-07-13 17:04:06.950 [pool-3-thread-1] INFO  com.rs.mv.mvvs.client.catalog.from.config.DirsConfigReader - [client:400206]parse dir config information
2026-07-13 17:04:06.950 [pool-3-thread-1] INFO  com.rs.mv.mvvs.client.catalog.from.config.MappingConfigReader - [client:400207]parse mapping config information
2026-07-13 17:04:06.950 [pool-3-thread-1] INFO  com.rs.mv.mvvs.client.catalog.manager.U2CatalogManager - [client:400202]start a schedule task to get global/local catalog for content-type, its period 5s 
2026-07-13 17:04:06.951 [pool-3-thread-1] INFO  com.rs.mv.mvvs.client.catalog.manager.U2CatalogManager - [client:400203]cache file auto update thread launch in typedarray account
2026-07-13 17:04:06.951 [pool-3-thread-1] INFO  com.rs.mv.mvvs.client.catalog.from.config.DirsConfigReader - [client:400206]parse dir config information
2026-07-13 17:04:06.952 [pool-3-thread-1] INFO  com.rs.mv.mvvs.client.catalog.from.config.MappingConfigReader - [client:400207]parse mapping config information
2026-07-13 17:04:06.952 [pool-3-thread-1] INFO  com.rs.mv.mvvs.client.catalog.manager.U2CatalogManager - [client:400202]start a schedule task to get global/local catalog for typedarray, its period 5s 
2026-07-13 17:04:06.953 [pool-3-thread-1] INFO  com.rs.mv.mvvs.client.catalog.manager.U2CatalogManager - [client:400203]cache file auto update thread launch in test account
2026-07-13 17:04:06.953 [pool-3-thread-1] INFO  com.rs.mv.mvvs.client.catalog.from.config.DirsConfigReader - [client:400206]parse dir config information
2026-07-13 17:04:06.953 [pool-3-thread-1] INFO  com.rs.mv.mvvs.client.catalog.from.config.MappingConfigReader - [client:400207]parse mapping config information
2026-07-13 17:04:06.954 [pool-3-thread-1] INFO  com.rs.mv.mvvs.client.catalog.manager.U2CatalogManager - [client:400202]start a schedule task to get global/local catalog for test, its period 5s 
2026-07-13 17:04:06.954 [pool-3-thread-1] INFO  com.rs.mv.mvvs.client.catalog.manager.U2CatalogManager - [client:400203]cache file auto update thread launch in undefsafe account
2026-07-13 17:04:06.955 [pool-3-thread-1] INFO  com.rs.mv.mvvs.client.catalog.from.config.DirsConfigReader - [client:400206]parse dir config information
2026-07-13 17:04:06.955 [pool-3-thread-1] INFO  com.rs.mv.mvvs.client.catalog.from.config.MappingConfigReader - [client:400207]parse mapping config information
2026-07-13 17:04:06.955 [pool-3-thread-1] INFO  com.rs.mv.mvvs.client.catalog.manager.U2CatalogManager - [client:400202]start a schedule task to get global/local catalog for undefsafe, its period 5s 
2026-07-13 17:04:06.956 [pool-3-thread-1] INFO  com.rs.mv.mvvs.client.catalog.manager.U2CatalogManager - [client:400203]cache file auto update thread launch in .github account
2026-07-13 17:04:06.956 [pool-3-thread-1] INFO  com.rs.mv.mvvs.client.catalog.from.config.DirsConfigReader - [client:400206]parse dir config information
2026-07-13 17:04:06.957 [pool-3-thread-1] INFO  com.rs.mv.mvvs.client.catalog.from.config.MappingConfigReader - [client:400207]parse mapping config information
2026-07-13 17:04:06.957 [pool-3-thread-1] INFO  com.rs.mv.mvvs.client.catalog.manager.U2CatalogManager - [client:400202]start a schedule task to get global/local catalog for .github, its period 5s 
2026-07-13 17:04:06.957 [pool-3-thread-1] INFO  com.rs.mv.mvvs.client.catalog.manager.U2CatalogManager - [client:400203]cache file auto update thread launch in v8-to-istanbul account
2026-07-13 17:04:06.958 [pool-3-thread-1] INFO  com.rs.mv.mvvs.client.catalog.from.config.DirsConfigReader - [client:400206]parse dir config information
2026-07-13 17:04:06.958 [pool-3-thread-1] INFO  com.rs.mv.mvvs.client.catalog.from.config.MappingConfigReader - [client:400207]parse mapping config information
2026-07-13 17:04:06.958 [pool-3-thread-1] INFO  com.rs.mv.mvvs.client.catalog.manager.U2CatalogManager - [client:400202]start a schedule task to get global/local catalog for v8-to-istanbul, its period 5s 
2026-07-13 17:04:06.959 [pool-3-thread-1] INFO  com.rs.mv.mvvs.client.catalog.manager.U2CatalogManager - [client:400203]cache file auto update thread launch in validator account
2026-07-13 17:04:06.959 [pool-3-thread-1] INFO  com.rs.mv.mvvs.client.catalog.from.config.DirsConfigReader - [client:400206]parse dir config information
2026-07-13 17:04:06.960 [pool-3-thread-1] INFO  com.rs.mv.mvvs.client.catalog.from.config.MappingConfigReader - [client:400207]parse mapping config information
2026-07-13 17:04:06.960 [pool-3-thread-1] INFO  com.rs.mv.mvvs.client.catalog.manager.U2CatalogManager - [client:400202]start a schedule task to get global/local catalog for validator, its period 5s 
2026-07-13 17:04:06.961 [pool-3-thread-1] INFO  com.rs.mv.mvvs.client.catalog.manager.U2CatalogManager - [client:400203]cache file auto update thread launch in es account
2026-07-13 17:04:06.962 [pool-3-thread-1] INFO  com.rs.mv.mvvs.client.catalog.from.config.DirsConfigReader - [client:400206]parse dir config information
2026-07-13 17:04:06.962 [pool-3-thread-1] INFO  com.rs.mv.mvvs.client.catalog.from.config.MappingConfigReader - [client:400207]parse mapping config information
2026-07-13 17:04:06.962 [pool-3-thread-1] INFO  com.rs.mv.mvvs.client.catalog.manager.U2CatalogManager - [client:400202]start a schedule task to get global/local catalog for es, its period 5s 
2026-07-13 17:04:06.971 [pool-3-thread-1] INFO  com.rs.mv.mvvs.client.catalog.manager.U2CatalogManager - [client:400203]cache file auto update thread launch in lib account
2026-07-13 17:04:06.972 [pool-3-thread-1] INFO  com.rs.mv.mvvs.client.catalog.from.config.DirsConfigReader - [client:400206]parse dir config information
2026-07-13 17:04:06.972 [pool-3-thread-1] INFO  com.rs.mv.mvvs.client.catalog.from.config.MappingConfigReader - [client:400207]parse mapping config information
2026-07-13 17:04:06.976 [pool-3-thread-1] INFO  com.rs.mv.mvvs.client.catalog.manager.U2CatalogManager - [client:400202]start a schedule task to get global/local catalog for lib, its period 5s 
2026-07-13 17:04:06.976 [pool-3-thread-1] INFO  com.rs.mv.mvvs.client.catalog.manager.U2CatalogManager - [client:400203]cache file auto update thread launch in lib account
2026-07-13 17:04:06.977 [pool-3-thread-1] INFO  com.rs.mv.mvvs.client.catalog.from.config.DirsConfigReader - [client:400206]parse dir config information
2026-07-13 17:04:06.977 [pool-3-thread-1] INFO  com.rs.mv.mvvs.client.catalog.from.config.MappingConfigReader - [client:400207]parse mapping config information
2026-07-13 17:04:06.978 [pool-3-thread-1] INFO  com.rs.mv.mvvs.client.catalog.manager.U2CatalogManager - [client:400202]start a schedule task to get global/local catalog for lib, its period 5s 
2026-07-13 17:04:06.978 [pool-3-thread-1] INFO  com.rs.mv.mvvs.client.catalog.manager.U2CatalogManager - [client:400203]cache file auto update thread launch in walker account
2026-07-13 17:04:06.978 [pool-3-thread-1] INFO  com.rs.mv.mvvs.client.catalog.from.config.DirsConfigReader - [client:400206]parse dir config information
2026-07-13 17:04:06.978 [pool-3-thread-1] INFO  com.rs.mv.mvvs.client.catalog.from.config.MappingConfigReader - [client:400207]parse mapping config information
2026-07-13 17:04:06.979 [pool-3-thread-1] INFO  com.rs.mv.mvvs.client.catalog.manager.U2CatalogManager - [client:400202]start a schedule task to get global/local catalog for walker, its period 5s 
2026-07-13 17:04:06.979 [pool-3-thread-1] INFO  com.rs.mv.mvvs.client.catalog.manager.U2CatalogManager - [client:400203]cache file auto update thread launch in which account
2026-07-13 17:04:06.979 [pool-3-thread-1] INFO  com.rs.mv.mvvs.client.catalog.from.config.DirsConfigReader - [client:400206]parse dir config information
2026-07-13 17:04:06.980 [pool-3-thread-1] INFO  com.rs.mv.mvvs.client.catalog.from.config.MappingConfigReader - [client:400207]parse mapping config information
2026-07-13 17:04:06.980 [pool-3-thread-1] INFO  com.rs.mv.mvvs.client.catalog.manager.U2CatalogManager - [client:400202]start a schedule task to get global/local catalog for which, its period 5s 
2026-07-13 17:04:06.981 [pool-3-thread-1] INFO  com.rs.mv.mvvs.client.catalog.manager.U2CatalogManager - [client:400203]cache file auto update thread launch in write-file-atomic account
2026-07-13 17:04:06.981 [pool-3-thread-1] INFO  com.rs.mv.mvvs.client.catalog.from.config.DirsConfigReader - [client:400206]parse dir config information
2026-07-13 17:04:06.981 [pool-3-thread-1] INFO  com.rs.mv.mvvs.client.catalog.from.config.MappingConfigReader - [client:400207]parse mapping config information
2026-07-13 17:04:06.982 [pool-3-thread-1] INFO  com.rs.mv.mvvs.client.catalog.manager.U2CatalogManager - [client:400202]start a schedule task to get global/local catalog for write-file-atomic, its period 5s 
2026-07-13 17:04:06.982 [pool-3-thread-1] INFO  com.rs.mv.mvvs.client.catalog.manager.U2CatalogManager - [client:400203]cache file auto update thread launch in y18n account
2026-07-13 17:04:06.982 [pool-3-thread-1] INFO  com.rs.mv.mvvs.client.catalog.from.config.DirsConfigReader - [client:400206]parse dir config information
2026-07-13 17:04:06.983 [pool-3-thread-1] INFO  com.rs.mv.mvvs.client.catalog.from.config.MappingConfigReader - [client:400207]parse mapping config information
2026-07-13 17:04:06.983 [pool-3-thread-1] INFO  com.rs.mv.mvvs.client.catalog.manager.U2CatalogManager - [client:400202]start a schedule task to get global/local catalog for y18n, its period 5s 
2026-07-13 17:04:06.983 [pool-3-thread-1] INFO  com.rs.mv.mvvs.client.catalog.manager.U2CatalogManager - [client:400203]cache file auto update thread launch in build account
2026-07-13 17:04:06.983 [pool-3-thread-1] INFO  com.rs.mv.mvvs.client.catalog.from.config.DirsConfigReader - [client:400206]parse dir config information
2026-07-13 17:04:06.983 [pool-3-thread-1] INFO  com.rs.mv.mvvs.client.catalog.from.config.MappingConfigReader - [client:400207]parse mapping config information
2026-07-13 17:04:06.984 [pool-3-thread-1] INFO  com.rs.mv.mvvs.client.catalog.manager.U2CatalogManager - [client:400202]start a schedule task to get global/local catalog for build, its period 5s 
2026-07-13 17:04:06.984 [pool-3-thread-1] INFO  com.rs.mv.mvvs.client.catalog.manager.U2CatalogManager - [client:400203]cache file auto update thread launch in lib account
2026-07-13 17:04:06.984 [pool-3-thread-1] INFO  com.rs.mv.mvvs.client.catalog.from.config.DirsConfigReader - [client:400206]parse dir config information
2026-07-13 17:04:06.984 [pool-3-thread-1] INFO  com.rs.mv.mvvs.client.catalog.from.config.MappingConfigReader - [client:400207]parse mapping config information
2026-07-13 17:04:06.985 [pool-3-thread-1] INFO  com.rs.mv.mvvs.client.catalog.manager.U2CatalogManager - [client:400202]start a schedule task to get global/local catalog for lib, its period 5s 
2026-07-13 17:04:06.985 [pool-3-thread-1] INFO  com.rs.mv.mvvs.client.catalog.manager.U2CatalogManager - [client:400203]cache file auto update thread launch in yaml account
2026-07-13 17:04:06.985 [pool-3-thread-1] INFO  com.rs.mv.mvvs.client.catalog.from.config.DirsConfigReader - [client:400206]parse dir config information
2026-07-13 17:04:06.985 [pool-3-thread-1] INFO  com.rs.mv.mvvs.client.catalog.from.config.MappingConfigReader - [client:400207]parse mapping config information
2026-07-13 17:04:06.986 [pool-3-thread-1] INFO  com.rs.mv.mvvs.client.catalog.manager.U2CatalogManager - [client:400202]start a schedule task to get global/local catalog for yaml, its period 5s 
2026-07-13 17:04:06.986 [pool-3-thread-1] INFO  com.rs.mv.mvvs.client.catalog.manager.U2CatalogManager - [client:400203]cache file auto update thread launch in browser account
2026-07-13 17:04:06.986 [pool-3-thread-1] INFO  com.rs.mv.mvvs.client.catalog.from.config.DirsConfigReader - [client:400206]parse dir config information
2026-07-13 17:04:06.986 [pool-3-thread-1] INFO  com.rs.mv.mvvs.client.catalog.from.config.MappingConfigReader - [client:400207]parse mapping config information
2026-07-13 17:04:06.986 [pool-3-thread-1] INFO  com.rs.mv.mvvs.client.catalog.manager.U2CatalogManager - [client:400202]start a schedule task to get global/local catalog for browser, its period 5s 
2026-07-13 17:04:06.986 [pool-3-thread-1] INFO  com.rs.mv.mvvs.client.catalog.manager.U2CatalogManager - [client:400203]cache file auto update thread launch in yargs account
2026-07-13 17:04:06.986 [pool-3-thread-1] INFO  com.rs.mv.mvvs.client.catalog.from.config.DirsConfigReader - [client:400206]parse dir config information
2026-07-13 17:04:06.988 [pool-3-thread-1] INFO  com.rs.mv.mvvs.client.catalog.from.config.MappingConfigReader - [client:400207]parse mapping config information
2026-07-13 17:04:06.988 [pool-3-thread-1] INFO  com.rs.mv.mvvs.client.catalog.manager.U2CatalogManager - [client:400202]start a schedule task to get global/local catalog for yargs, its period 5s 
2026-07-13 17:04:06.988 [pool-3-thread-1] INFO  com.rs.mv.mvvs.client.catalog.manager.U2CatalogManager - [client:400203]cache file auto update thread launch in build account
2026-07-13 17:04:06.989 [pool-3-thread-1] INFO  com.rs.mv.mvvs.client.catalog.from.config.DirsConfigReader - [client:400206]parse dir config information
2026-07-13 17:04:06.989 [pool-3-thread-1] INFO  com.rs.mv.mvvs.client.catalog.from.config.MappingConfigReader - [client:400207]parse mapping config information
2026-07-13 17:04:06.989 [pool-3-thread-1] INFO  com.rs.mv.mvvs.client.catalog.manager.U2CatalogManager - [client:400202]start a schedule task to get global/local catalog for build, its period 5s 
2026-07-13 17:04:06.990 [pool-3-thread-1] INFO  com.rs.mv.mvvs.client.catalog.manager.U2CatalogManager - [client:400203]cache file auto update thread launch in lib account
2026-07-13 17:04:06.990 [pool-3-thread-1] INFO  com.rs.mv.mvvs.client.catalog.from.config.DirsConfigReader - [client:400206]parse dir config information
2026-07-13 17:04:06.990 [pool-3-thread-1] INFO  com.rs.mv.mvvs.client.catalog.from.config.MappingConfigReader - [client:400207]parse mapping config information
2026-07-13 17:04:06.990 [pool-3-thread-1] INFO  com.rs.mv.mvvs.client.catalog.manager.U2CatalogManager - [client:400202]start a schedule task to get global/local catalog for lib, its period 5s 
2026-07-13 17:04:06.991 [pool-3-thread-1] INFO  com.rs.mv.mvvs.client.catalog.manager.U2CatalogManager - [client:400203]cache file auto update thread launch in lib account
2026-07-13 17:04:06.991 [pool-3-thread-1] INFO  com.rs.mv.mvvs.client.catalog.from.config.DirsConfigReader - [client:400206]parse dir config information
2026-07-13 17:04:06.991 [pool-3-thread-1] INFO  com.rs.mv.mvvs.client.catalog.from.config.MappingConfigReader - [client:400207]parse mapping config information
2026-07-13 17:04:06.991 [pool-3-thread-1] INFO  com.rs.mv.mvvs.client.catalog.manager.U2CatalogManager - [client:400202]start a schedule task to get global/local catalog for lib, its period 5s 
2026-07-13 17:04:06.992 [pool-3-thread-1] INFO  com.rs.mv.mvvs.client.catalog.manager.U2CatalogManager - [client:400203]cache file auto update thread launch in yargs-parser account
2026-07-13 17:04:06.992 [pool-3-thread-1] INFO  com.rs.mv.mvvs.client.catalog.from.config.DirsConfigReader - [client:400206]parse dir config information
2026-07-13 17:04:06.992 [pool-3-thread-1] INFO  com.rs.mv.mvvs.client.catalog.from.config.MappingConfigReader - [client:400207]parse mapping config information
2026-07-13 17:04:06.993 [pool-3-thread-1] INFO  com.rs.mv.mvvs.client.catalog.manager.U2CatalogManager - [client:400202]start a schedule task to get global/local catalog for yargs-parser, its period 5s 
2026-07-13 17:04:06.993 [pool-3-thread-1] INFO  com.rs.mv.mvvs.client.catalog.manager.U2CatalogManager - [client:400203]cache file auto update thread launch in build account
2026-07-13 17:04:06.993 [pool-3-thread-1] INFO  com.rs.mv.mvvs.client.catalog.from.config.DirsConfigReader - [client:400206]parse dir config information
2026-07-13 17:04:06.993 [pool-3-thread-1] INFO  com.rs.mv.mvvs.client.catalog.from.config.MappingConfigReader - [client:400207]parse mapping config information
2026-07-13 17:04:06.994 [pool-3-thread-1] INFO  com.rs.mv.mvvs.client.catalog.manager.U2CatalogManager - [client:400202]start a schedule task to get global/local catalog for build, its period 5s 
2026-07-13 17:04:06.994 [pool-3-thread-1] INFO  com.rs.mv.mvvs.client.catalog.manager.U2CatalogManager - [client:400203]cache file auto update thread launch in src account
2026-07-13 17:04:06.994 [pool-3-thread-1] INFO  com.rs.mv.mvvs.client.catalog.from.config.DirsConfigReader - [client:400206]parse dir config information
2026-07-13 17:04:06.995 [pool-3-thread-1] INFO  com.rs.mv.mvvs.client.catalog.from.config.MappingConfigReader - [client:400207]parse mapping config information
2026-07-13 17:04:06.995 [pool-3-thread-1] INFO  com.rs.mv.mvvs.client.catalog.manager.U2CatalogManager - [client:400202]start a schedule task to get global/local catalog for src, its period 5s 
2026-07-13 17:04:06.997 [pool-3-thread-1] INFO  com.rs.mv.mvvs.rmv.documentation.BasicDocumentation - [framework:30020101]documentation load start
2026-07-13 17:04:06.998 [pool-3-thread-1] INFO  com.rs.mv.mvvs.rmv.documentation.reader.SystemDocReader - [framework:30020102]system documentation path: /documentation/UNIVERSE/
2026-07-13 17:04:06.998 [pool-3-thread-1] INFO  com.rs.mv.mvvs.rmv.documentation.reader.ProjectDocReader - [framework:30020103]project documentation brief file: custom.json
2026-07-13 17:04:06.999 [pool-3-thread-1] INFO  com.rs.mv.mvvs.rmv.documentation.reader.UserDocReader - [framework:30020104]user documentation brief file: C:\Users\nico1_zeptshs\documentation\UNIVERSE\custom.json
2026-07-13 17:04:07.048 [pool-3-thread-1] INFO  com.rs.mv.mvvs.rmv.documentation.BasicDocumentation - [framework:30020105]documentation load end
2026-07-13 17:04:07.053 [pool-3-thread-1] INFO  com.rs.mv.mvvs.common.convertor.ConvertorManager - [framework:30030101]convertors for folder(*) load start
2026-07-13 17:04:07.055 [pool-3-thread-1] INFO  com.rs.mv.mvvs.common.convertor.ConvertorManager - [framework:30030102]comment convertor load finish
2026-07-13 17:04:07.062 [pool-3-thread-1] INFO  com.rs.mv.mvvs.common.convertor.ConvertorManager - [framework:30030103]keyword convertor load finish
2026-07-13 17:04:07.068 [pool-3-thread-1] INFO  com.rs.mv.mvvs.common.convertor.ConvertorManager - [framework:30030104]operator convertor load finish
2026-07-13 17:04:07.069 [pool-3-thread-1] INFO  com.rs.mv.mvvs.common.convertor.ConvertorManager - [framework:30030105]function name convertor load finish
2026-07-13 17:04:07.069 [pool-3-thread-1] INFO  com.rs.mv.mvvs.common.convertor.ConvertorManager - [framework:30030106]atVariable convertor load finish
2026-07-13 17:04:07.069 [pool-3-thread-1] INFO  com.rs.mv.mvvs.common.convertor.ConvertorManager - [framework:30030107]convertors for folder(*) load end
2026-07-13 17:04:07.072 [pool-3-thread-1] INFO  com.rs.mv.mvvs.client.catalog.manager.U2CatalogManager - [client:400203]cache file auto update thread launch in ... account
2026-07-13 17:04:07.073 [pool-3-thread-1] INFO  com.rs.mv.mvvs.client.catalog.from.config.DirsConfigReader - [client:400206]parse dir config information
2026-07-13 17:04:07.073 [pool-3-thread-1] INFO  com.rs.mv.mvvs.client.catalog.from.config.MappingConfigReader - [client:400207]parse mapping config information
2026-07-13 17:04:07.074 [pool-3-thread-1] INFO  com.rs.mv.mvvs.client.catalog.manager.U2CatalogManager - [client:400202]start a schedule task to get global/local catalog for ..., its period 5s 
2026-07-13 17:04:07.090 [pool-3-thread-1] INFO  com.rs.mv.mvvs.client.account.handler.ServerAccountHandler - [client:40010104]load server account: Account{name=@unrs, path=C:/Users/nico1_zeptshs/Documents/Programacion Web y Movil/Presentar/Grupal/medequip-api/node_modules/@unrs, type=PREDICT}
Account{name=tests, path=C:/Users/nico1_zeptshs/Documents/Programacion Web y Movil/Presentar/Grupal/medequip-api/node_modules/pstree.remy/tests, type=PREDICT}
Account{name=lib, path=C:/Users/nico1_zeptshs/Documents/Programacion Web y Movil/Presentar/Grupal/medequip-api/node_modules/depd/lib, type=PREDICT}
Account{name=accepts, path=C:/Users/nico1_zeptshs/Documents/Programacion Web y Movil/Presentar/Grupal/medequip-api/node_modules/accepts, type=PREDICT}
Account{name=balanced-match, path=C:/Users/nico1_zeptshs/Documents/Programacion Web y Movil/Presentar/Grupal/medequip-api/node_modules/jest-runtime/node_modules/balanced-match, type=PREDICT}
Account{name=helper-module-imports, path=C:/Users/nico1_zeptshs/Documents/Programacion Web y Movil/Presentar/Grupal/medequip-api/node_modules/@babel/helper-module-imports, type=PREDICT}
Account{name=istanbul-lib-coverage, path=C:/Users/nico1_zeptshs/Documents/Programacion Web y Movil/Presentar/Grupal/medequip-api/node_modules/istanbul-lib-coverage, type=PREDICT}
Account{name=negotiator, path=C:/Users/nico1_zeptshs/Documents/Programacion Web y Movil/Presentar/Grupal/medequip-api/node_modules/accepts/node_modules/negotiator, type=PREDICT}
Account{name=.tap, path=C:/Users/nico1_zeptshs/Documents/Programacion Web y Movil/Presentar/Grupal/medequip-api/node_modules/@jest/reporters/node_modules/brace-expansion/.tap, type=PREDICT}
Account{name=esm, path=C:/Users/nico1_zeptshs/Documents/Programacion Web y Movil/Presentar/Grupal/medequip-api/node_modules/@isaacs/cliui/dist/esm, type=PREDICT}
Account{name=lib, path=C:/Users/nico1_zeptshs/Documents/Programacion Web y Movil/Presentar/Grupal/medequip-api/node_modules/y18n/build/lib, type=PREDICT}
Account{name=dist, path=C:/Users/nico1_zeptshs/Documents/Programacion Web y Movil/Presentar/Grupal/medequip-api/node_modules/signal-exit/dist, type=PREDICT}
Account{name=lib, path=C:/Users/nico1_zeptshs/Documents/Programacion Web y Movil/Presentar/Grupal/medequip-api/node_modules/@istanbuljs/load-nyc-config/node_modules/argparse/lib, type=PREDICT}
Account{name=data, path=C:/Users/nico1_zeptshs/Documents/Programacion Web y Movil/Presentar/Grupal/medequip-api/node_modules/caniuse-lite/data, type=PREDICT}
Account{name=brace-expansion, path=C:/Users/nico1_zeptshs/Documents/Programacion Web y Movil/Presentar/Grupal/medequip-api/node_modules/jest-config/node_modules/brace-expansion, type=PREDICT}
Account{name=resolve-uri, path=C:/Users/nico1_zeptshs/Documents/Programacion Web y Movil/Presentar/Grupal/medequip-api/node_modules/@jridgewell/resolve-uri, type=PREDICT}
Account{name=node_modules, path=C:/Users/nico1_zeptshs/Documents/Programacion Web y Movil/Presentar/Grupal/medequip-api/node_modules/form-data/node_modules, type=PREDICT}
Account{name=emoji-regex, path=C:/Users/nico1_zeptshs/Documents/Programacion Web y Movil/Presentar/Grupal/medequip-api/node_modules/jest-runtime/node_modules/emoji-regex, type=PREDICT}
Account{name=remotes, path=C:/Users/nico1_zeptshs/Documents/Programacion Web y Movil/Presentar/Grupal/medequip-api/.git/refs/remotes, type=PREDICT}
Account{name=plugin-syntax-object-rest-spread, path=C:/Users/nico1_zeptshs/Documents/Programacion Web y Movil/Presentar/Grupal/medequip-api/node_modules/@babel/plugin-syntax-object-rest-spread, type=PREDICT}
Account{name=..., path=..., type=PREDICT}
2026-07-13 17:04:07.091 [pool-3-thread-1] INFO  com.rs.mv.mvvs.client.account.AccountManager - [client:40010105]load account manager finish
2026-07-13 17:04:07.092 [pool-3-thread-1] INFO  com.rs.mv.mvvs.instance.userspace.UserspaceManager - [framework:30010402]config file(C:\Users\nico1_zeptshs/.rmv/config) watcher launch successful
2026-07-13 17:05:00.656 [pool-3-thread-1] INFO  com.rs.mv.mvvs.client.catalog.from.scan.CurrentPathScanner - [client:400205]scan file in current open file directory(C:/Users/nico1_zeptshs/Documents/Programacion Web y Movil/Presentar/Grupal/medequip-api)
2026-07-13 17:05:05.139 [pool-3-thread-1] INFO  com.rs.mv.mvvs.client.catalog.from.scan.CurrentPathScanner - [client:400205]scan file in current open file directory(C:/Users/nico1_zeptshs/Documents/Programacion Web y Movil/Presentar/Grupal/medequip-api)
2026-07-13 17:05:58.071 [pool-3-thread-1] INFO  com.rs.mv.mvvs.client.catalog.from.scan.CurrentPathScanner - [client:400205]scan file in current open file directory(C:/Users/nico1_zeptshs/Documents/Programacion Web y Movil/Presentar/Grupal/medequip-api/src)
2026-07-13 17:06:00.285 [pool-3-thread-1] INFO  com.rs.mv.mvvs.client.catalog.from.scan.CurrentPathScanner - [client:400205]scan file in current open file directory(C:/Users/nico1_zeptshs/Documents/Programacion Web y Movil/Presentar/Grupal/medequip-api/src)
2026-07-13 17:06:10.520 [pool-3-thread-1] INFO  com.rs.mv.mvvs.client.catalog.from.scan.CurrentPathScanner - [client:400205]scan file in current open file directory(C:/Users/nico1_zeptshs/Documents/Programacion Web y Movil/Presentar/Grupal/medequip-api/src/controllers)
2026-07-13 17:06:14.738 [pool-3-thread-1] INFO  com.rs.mv.mvvs.client.catalog.from.scan.CurrentPathScanner - [client:400205]scan file in current open file directory(C:/Users/nico1_zeptshs/Documents/Programacion Web y Movil/Presentar/Grupal/medequip-api/src/controllers)
2026-07-13 17:06:19.522 [pool-3-thread-1] INFO  com.rs.mv.mvvs.client.catalog.from.scan.CurrentPathScanner - [client:400205]scan file in current open file directory(C:/Users/nico1_zeptshs/Documents/Programacion Web y Movil/Presentar/Grupal/medequip-api/tests)
2026-07-13 17:06:24.382 [pool-3-thread-1] INFO  com.rs.mv.mvvs.client.catalog.from.scan.CurrentPathScanner - [client:400205]scan file in current open file directory(C:/Users/nico1_zeptshs/Documents/Programacion Web y Movil/Presentar/Grupal/medequip-api/tests)
2026-07-13 17:06:28.763 [pool-3-thread-1] INFO  com.rs.mv.mvvs.client.catalog.from.scan.CurrentPathScanner - [client:400205]scan file in current open file directory(C:/Users/nico1_zeptshs/Documents/Programacion Web y Movil/Presentar/Grupal/medequip-api)
2026-07-13 17:06:36.124 [pool-3-thread-1] INFO  com.rs.mv.mvvs.client.catalog.from.scan.CurrentPathScanner - [client:400205]scan file in current open file directory(C:/Users/nico1_zeptshs/Documents/Programacion Web y Movil/Presentar/Grupal/medequip-api)
2026-07-13 17:16:23.150 [pool-3-thread-1] INFO  com.rs.mv.mvvs.client.catalog.from.scan.CurrentPathScanner - [client:400205]scan file in current open file directory(C:/Users/nico1_zeptshs/Documents/Programacion Web y Movil/Presentar/Grupal/medequip-api)
2026-07-13 17:42:21.699 [pool-3-thread-1] INFO  com.rs.mv.mvvs.client.catalog.from.scan.CurrentPathScanner - [client:400205]scan file in current open file directory(C:/Users/nico1_zeptshs/Documents/Programacion Web y Movil/Presentar/Grupal/medequip-api)
2026-07-13 17:44:27.680 [pool-3-thread-1] INFO  com.rs.mv.mvvs.client.catalog.from.scan.CurrentPathScanner - [client:400205]scan file in current open file directory(C:/Users/nico1_zeptshs/Documents/Programacion Web y Movil/Presentar/Grupal/medequip-api)
2026-07-13 17:44:51.460 [pool-3-thread-1] INFO  com.rs.mv.mvvs.client.catalog.from.scan.CurrentPathScanner - [client:400205]scan file in current open file directory(C:/Users/nico1_zeptshs/Documents/Programacion Web y Movil/Presentar/Grupal/medequip-api/src/controllers)
2026-07-13 17:44:52.560 [pool-3-thread-1] INFO  com.rs.mv.mvvs.client.catalog.from.scan.CurrentPathScanner - [client:400205]scan file in current open file directory(C:/Users/nico1_zeptshs/Documents/Programacion Web y Movil/Presentar/Grupal/medequip-api)
2026-07-13 17:44:52.870 [pool-3-thread-1] INFO  com.rs.mv.mvvs.client.catalog.from.scan.CurrentPathScanner - [client:400205]scan file in current open file directory(C:/Users/nico1_zeptshs/Documents/Programacion Web y Movil/Presentar/Grupal/medequip-api)
2026-07-13 17:44:55.965 [pool-3-thread-1] INFO  com.rs.mv.mvvs.client.catalog.from.scan.CurrentPathScanner - [client:400205]scan file in current open file directory(C:/Users/nico1_zeptshs/Documents/Programacion Web y Movil/Presentar/Grupal/medequip-api)
2026-07-13 17:49:01.911 [pool-3-thread-1] INFO  com.rs.mv.mvvs.client.catalog.from.scan.CurrentPathScanner - [client:400205]scan file in current open file directory(C:/Users/nico1_zeptshs/Documents/Programacion Web y Movil/Presentar/Grupal/medequip-api)
2026-07-13 17:49:20.824 [pool-3-thread-1] INFO  com.rs.mv.mvvs.client.catalog.from.scan.CurrentPathScanner - [client:400205]scan file in current open file directory(C:/Users/nico1_zeptshs/Documents/Programacion Web y Movil/Presentar/Grupal/medequip-api)
